ISO-10303-21;
HEADER;
FILE_DESCRIPTION (( 'STEP AP203' ),
    '1' );
FILE_NAME ('Perfboard Sawing Fixture.STEP',
    '2026-04-17T03:33:58',
    ( '' ),
    ( '' ),
    'SwSTEP 2.0',
    'SolidWorks 2024',
    '' );
FILE_SCHEMA (( 'CONFIG_CONTROL_DESIGN' ));
ENDSEC;

DATA;
#1 = EDGE_CURVE ( 'NONE', #1078, #1024, #411, .T. ) ;
#2 = ORIENTED_EDGE ( 'NONE', *, *, #319, .T. ) ;
#3 = CARTESIAN_POINT ( 'NONE',  ( 0.000000000000000000, 0.000000000000000000, 0.000000000000000000 ) ) ;
#4 = DIRECTION ( 'NONE',  ( 0.000000000000000000, 0.000000000000000000, 1.000000000000000000 ) ) ;
#5 = ORIENTED_EDGE ( 'NONE', *, *, #812, .F. ) ;
#6 = CARTESIAN_POINT ( 'NONE',  ( 85.70000000000004547, -15.00000000000000000, 67.06726209469111666 ) ) ;
#7 = ADVANCED_FACE ( 'NONE', ( #804 ), #789, .F. ) ;
#8 = VECTOR ( 'NONE', #261, 1000.000000000000000 ) ;
#9 = VERTEX_POINT ( 'NONE', #1214 ) ;
#10 = CARTESIAN_POINT ( 'NONE',  ( 88.00000000000000000, 2.000000000000000000, 2.000000000000000000 ) ) ;
#11 = DIRECTION ( 'NONE',  ( -0.000000000000000000, 0.000000000000000000, 1.000000000000000000 ) ) ;
#12 = ORIENTED_EDGE ( 'NONE', *, *, #797, .T. ) ;
#13 = CARTESIAN_POINT ( 'NONE',  ( 0.000000000000000000, -15.00000000000000000, 0.000000000000000000 ) ) ;
#14 = DIRECTION ( 'NONE',  ( -0.000000000000000000, -1.000000000000000000, -0.000000000000000000 ) ) ;
#15 = AXIS2_PLACEMENT_3D ( 'NONE', #1418, #318, #104 ) ;
#16 = EDGE_CURVE ( 'NONE', #1070, #74, #1239, .T. ) ;
#17 = AXIS2_PLACEMENT_3D ( 'NONE', #749, #181, #1416 ) ;
#18 = EDGE_LOOP ( 'NONE', ( #28, #464, #754, #977 ) ) ;
#19 = DIRECTION ( 'NONE',  ( 0.000000000000000000, 1.000000000000000000, 0.000000000000000000 ) ) ;
#20 = CARTESIAN_POINT ( 'NONE',  ( 54.00000000000002132, 2.000000000000000000, 37.99999999999999289 ) ) ;
#21 = VERTEX_POINT ( 'NONE', #702 ) ;
#22 = DIRECTION ( 'NONE',  ( 0.000000000000000000, 0.000000000000000000, 1.000000000000000000 ) ) ;
#23 = EDGE_CURVE ( 'NONE', #1161, #1322, #1231, .T. ) ;
#24 = DIRECTION ( 'NONE',  ( 4.163336342344337027E-14, 0.000000000000000000, -1.000000000000000000 ) ) ;
#25 = DIRECTION ( 'NONE',  ( 0.000000000000000000, -1.000000000000000000, 0.000000000000000000 ) ) ;
#26 = PERSON_AND_ORGANIZATION ( #178, #1384 ) ;
#27 = FACE_OUTER_BOUND ( 'NONE', #886, .T. ) ;
#28 = ORIENTED_EDGE ( 'NONE', *, *, #1046, .F. ) ;
#29 = DIRECTION ( 'NONE',  ( 6.938893903907228378E-15, 0.000000000000000000, 1.000000000000000000 ) ) ;
#30 = DATE_AND_TIME ( #687, #1310 ) ;
#31 = CARTESIAN_POINT ( 'NONE',  ( 0.000000000000000000, -15.00000000000000000, 38.00000000000000000 ) ) ;
#32 = DIRECTION ( 'NONE',  ( 0.000000000000000000, 0.000000000000000000, -1.000000000000000000 ) ) ;
#33 = EDGE_CURVE ( 'NONE', #1322, #612, #556, .T. ) ;
#34 = APPROVAL_STATUS ( 'not_yet_approved' ) ;
#35 = CARTESIAN_POINT ( 'NONE',  ( 86.00000000000001421, -15.00000000000000000, 0.000000000000000000 ) ) ;
#36 = CARTESIAN_POINT ( 'NONE',  ( 90.00000000000002842, -15.00000000000000000, 68.00000000000000000 ) ) ;
#37 = DIRECTION ( 'NONE',  ( 0.000000000000000000, 0.000000000000000000, -1.000000000000000000 ) ) ;
#38 = ORIENTED_EDGE ( 'NONE', *, *, #736, .T. ) ;
#39 = CARTESIAN_POINT ( 'NONE',  ( 90.00000000000002842, 0.000000000000000000, 60.00000000000001421 ) ) ;
#40 = CARTESIAN_POINT ( 'NONE',  ( 86.00000000000000000, -15.00000000000000000, 23.00000000000000000 ) ) ;
#41 = VECTOR ( 'NONE', #772, 1000.000000000000000 ) ;
#42 = CARTESIAN_POINT ( 'NONE',  ( 86.00000000000000000, 0.000000000000000000, 1.151000400320335793 ) ) ;
#43 = AXIS2_PLACEMENT_3D ( 'NONE', #95, #648, #197 ) ;
#44 = CARTESIAN_POINT ( 'NONE',  ( 3.999999999999996447, 0.000000000000000000, 38.00000000000000000 ) ) ;
#45 = ORIENTED_EDGE ( 'NONE', *, *, #1223, .T. ) ;
#46 = DIRECTION ( 'NONE',  ( -0.000000000000000000, 1.000000000000000000, -0.000000000000000000 ) ) ;
#47 = ADVANCED_FACE ( 'NONE', ( #1111 ), #911, .F. ) ;
#48 = DIRECTION ( 'NONE',  ( 0.000000000000000000, 0.000000000000000000, 1.000000000000000000 ) ) ;
#49 = ORIENTED_EDGE ( 'NONE', *, *, #1, .T. ) ;
#50 = ORIENTED_EDGE ( 'NONE', *, *, #956, .F. ) ;
#51 = DIRECTION ( 'NONE',  ( 0.000000000000000000, 1.000000000000000000, 0.000000000000000000 ) ) ;
#52 = LINE ( 'NONE', #1038, #647 ) ;
#53 = EDGE_LOOP ( 'NONE', ( #783, #62, #1196, #174 ) ) ;
#54 = CARTESIAN_POINT ( 'NONE',  ( 90.00000000000002842, -15.00000000000000000, 0.000000000000000000 ) ) ;
#55 = VERTEX_POINT ( 'NONE', #484 ) ;
#56 = CARTESIAN_POINT ( 'NONE',  ( 87.00000000000002842, -15.00000000000000000, 2.399999999999999467 ) ) ;
#57 = EDGE_CURVE ( 'NONE', #1099, #734, #1012, .T. ) ;
#58 = DIRECTION ( 'NONE',  ( 0.000000000000000000, 0.000000000000000000, 1.000000000000000000 ) ) ;
#59 = VECTOR ( 'NONE', #192, 1000.000000000000000 ) ;
#60 = DIRECTION ( 'NONE',  ( 0.000000000000000000, 0.000000000000000000, 1.000000000000000000 ) ) ;
#61 = CIRCLE ( 'NONE', #17, 1.100000000000000311 ) ;
#62 = ORIENTED_EDGE ( 'NONE', *, *, #183, .F. ) ;
#63 = PRODUCT_RELATED_PRODUCT_CATEGORY ( 'detail', '', ( #1201 ) ) ;
#64 = CIRCLE ( 'NONE', #256, 2.000000000000001776 ) ;
#65 = ORIENTED_EDGE ( 'NONE', *, *, #459, .T. ) ;
#66 = VECTOR ( 'NONE', #298, 1000.000000000000000 ) ;
#67 = ADVANCED_FACE ( 'NONE', ( #586 ), #1022, .T. ) ;
#68 = DIRECTION ( 'NONE',  ( 0.000000000000000000, 0.000000000000000000, 1.000000000000000000 ) ) ;
#69 = CARTESIAN_POINT ( 'NONE',  ( 25.00000000000000000, 0.000000000000000000, -1.445602896647339351E-14 ) ) ;
#70 = ORIENTED_EDGE ( 'NONE', *, *, #1268, .F. ) ;
#71 = ORIENTED_EDGE ( 'NONE', *, *, #154, .F. ) ;
#72 = MECHANICAL_CONTEXT ( 'NONE', #966, 'mechanical' ) ;
#73 = DIRECTION ( 'NONE',  ( 0.000000000000000000, 1.000000000000000000, -0.000000000000000000 ) ) ;
#74 = VERTEX_POINT ( 'NONE', #1346 ) ;
#75 = CARTESIAN_POINT ( 'NONE',  ( 56.00000000000002132, 2.000000000000000000, 39.99999999999999289 ) ) ;
#76 = EDGE_CURVE ( 'NONE', #1395, #1161, #941, .T. ) ;
#77 = ORIENTED_EDGE ( 'NONE', *, *, #1345, .F. ) ;
#78 = DIRECTION ( 'NONE',  ( -0.000000000000000000, -1.000000000000000000, 0.000000000000000000 ) ) ;
#79 = CARTESIAN_POINT ( 'NONE',  ( 3.999999999999996447, -15.00000000000000178, 36.00000000000000000 ) ) ;
#80 = ORIENTED_EDGE ( 'NONE', *, *, #645, .F. ) ;
#81 = EDGE_CURVE ( 'NONE', #208, #1365, #927, .T. ) ;
#82 = VECTOR ( 'NONE', #625, 1000.000000000000000 ) ;
#83 = DIRECTION ( 'NONE',  ( 0.000000000000000000, 0.000000000000000000, -1.000000000000000000 ) ) ;
#84 = VERTEX_POINT ( 'NONE', #710 ) ;
#85 = DIRECTION ( 'NONE',  ( 0.000000000000000000, 0.000000000000000000, 1.000000000000000000 ) ) ;
#86 = VECTOR ( 'NONE', #375, 1000.000000000000000 ) ;
#87 = APPROVAL_PERSON_ORGANIZATION ( #335, #1407, #1132 ) ;
#88 = CARTESIAN_POINT ( 'NONE',  ( 90.00000000000001421, 2.000000000000000000, 23.00000000000000000 ) ) ;
#89 = CARTESIAN_POINT ( 'NONE',  ( 0.000000000000000000, 2.000000000000000000, 2.000000000000001776 ) ) ;
#90 = ORIENTED_EDGE ( 'NONE', *, *, #389, .T. ) ;
#91 = EDGE_CURVE ( 'NONE', #542, #1078, #149, .T. ) ;
#92 = DIRECTION ( 'NONE',  ( 0.000000000000000000, -1.000000000000000000, 0.000000000000000000 ) ) ;
#93 = ORIENTED_EDGE ( 'NONE', *, *, #757, .F. ) ;
#94 = FACE_OUTER_BOUND ( 'NONE', #1208, .T. ) ;
#95 = CARTESIAN_POINT ( 'NONE',  ( 85.70000000000004547, -15.00000000000000000, 0.000000000000000000 ) ) ;
#96 = EDGE_LOOP ( 'NONE', ( #950, #90, #744, #930, #309, #102, #633, #1394, #564, #290, #424, #935 ) ) ;
#97 = DIRECTION ( 'NONE',  ( -0.000000000000000000, 1.000000000000000000, -0.000000000000000000 ) ) ;
#98 = EDGE_LOOP ( 'NONE', ( #874, #80, #949, #590 ) ) ;
#99 = CARTESIAN_POINT ( 'NONE',  ( 86.00000000000001421, -15.00000000000000000, 0.000000000000000000 ) ) ;
#100 = DIRECTION ( 'NONE',  ( 0.000000000000000000, 1.000000000000000000, 0.000000000000000000 ) ) ;
#101 = CARTESIAN_POINT ( 'NONE',  ( 56.00000000000002132, 0.000000000000000000, 39.99999999999999289 ) ) ;
#102 = ORIENTED_EDGE ( 'NONE', *, *, #1100, .T. ) ;
#103 = VECTOR ( 'NONE', #179, 1000.000000000000000 ) ;
#104 = DIRECTION ( 'NONE',  ( 0.000000000000000000, -0.000000000000000000, -1.000000000000000000 ) ) ;
#105 = VERTEX_POINT ( 'NONE', #42 ) ;
#106 = LINE ( 'NONE', #203, #1264 ) ;
#107 = AXIS2_PLACEMENT_3D ( 'NONE', #351, #1327, #794 ) ;
#108 = PLANE ( 'NONE',  #107 ) ;
#109 = VECTOR ( 'NONE', #1241, 1000.000000000000000 ) ;
#110 = PRODUCT_DEFINITION_SHAPE ( 'NONE', 'NONE',  #915 ) ;
#111 = VECTOR ( 'NONE', #892, 1000.000000000000000 ) ;
#112 = AXIS2_PLACEMENT_3D ( 'NONE', #367, #58, #512 ) ;
#113 = AXIS2_PLACEMENT_3D ( 'NONE', #232, #678, #1226 ) ;
#114 = ORIENTED_EDGE ( 'NONE', *, *, #571, .F. ) ;
#115 = DIRECTION ( 'NONE',  ( 0.000000000000000000, 0.000000000000000000, -1.000000000000000000 ) ) ;
#116 = ORIENTED_EDGE ( 'NONE', *, *, #752, .T. ) ;
#117 = DIRECTION ( 'NONE',  ( 0.000000000000000000, -1.000000000000000000, 0.000000000000000000 ) ) ;
#118 = DIRECTION ( 'NONE',  ( 0.000000000000000000, 0.000000000000000000, -1.000000000000000000 ) ) ;
#119 = CARTESIAN_POINT ( 'NONE',  ( 90.00000000000000000, -15.00000000000000000, -0.000000000000000000 ) ) ;
#120 = DIRECTION ( 'NONE',  ( -0.000000000000000000, -1.000000000000000000, 0.000000000000000000 ) ) ;
#121 = ORIENTED_EDGE ( 'NONE', *, *, #856, .F. ) ;
#122 = EDGE_CURVE ( 'NONE', #663, #863, #1363, .T. ) ;
#123 = EDGE_CURVE ( 'NONE', #105, #544, #1376, .T. ) ;
#124 = LINE ( 'NONE', #427, #513 ) ;
#125 = ORIENTED_EDGE ( 'NONE', *, *, #972, .F. ) ;
#126 = LINE ( 'NONE', #895, #947 ) ;
#127 = DIRECTION ( 'NONE',  ( 0.000000000000000000, 1.000000000000000000, -0.000000000000000000 ) ) ;
#128 = ADVANCED_FACE ( 'NONE', ( #1313 ), #423, .T. ) ;
#129 = ORIENTED_EDGE ( 'NONE', *, *, #1009, .T. ) ;
#130 = DIRECTION ( 'NONE',  ( -1.000000000000000000, 0.000000000000000000, 1.224646799147353207E-16 ) ) ;
#131 = APPROVAL_STATUS ( 'not_yet_approved' ) ;
#132 = FACE_OUTER_BOUND ( 'NONE', #53, .T. ) ;
#133 = AXIS2_PLACEMENT_3D ( 'NONE', #1233, #11, #1324 ) ;
#134 = CIRCLE ( 'NONE', #989, 2.000000000000001776 ) ;
#135 = CIRCLE ( 'NONE', #1240, 1.099999999999989875 ) ;
#136 = DIRECTION ( 'NONE',  ( 0.000000000000000000, 0.000000000000000000, 1.000000000000000000 ) ) ;
#137 = DIRECTION ( 'NONE',  ( -0.000000000000000000, 1.000000000000000000, 0.000000000000000000 ) ) ;
#138 = AXIS2_PLACEMENT_3D ( 'NONE', #10, #562, #1000 ) ;
#139 = CYLINDRICAL_SURFACE ( 'NONE', #155, 2.000000000000001776 ) ;
#140 = EDGE_LOOP ( 'NONE', ( #1193, #1434, #182, #1106 ) ) ;
#141 = EDGE_CURVE ( 'NONE', #916, #1171, #442, .T. ) ;
#142 = PERSON_AND_ORGANIZATION ( #178, #1384 ) ;
#143 = CARTESIAN_POINT ( 'NONE',  ( 0.000000000000000000, -15.00000000000000000, 6.000000000000000000 ) ) ;
#144 = VERTEX_POINT ( 'NONE', #327 ) ;
#145 = LINE ( 'NONE', #1340, #1118 ) ;
#146 = ORIENTED_EDGE ( 'NONE', *, *, #141, .F. ) ;
#147 = FACE_OUTER_BOUND ( 'NONE', #1108, .T. ) ;
#148 = CALENDAR_DATE ( 2026, 16, 4 ) ;
#149 = LINE ( 'NONE', #1031, #249 ) ;
#150 = AXIS2_PLACEMENT_3D ( 'NONE', #195, #475, #1344 ) ;
#151 = DIRECTION ( 'NONE',  ( 1.369518533665900312E-16, 0.000000000000000000, -1.000000000000000000 ) ) ;
#152 = VERTEX_POINT ( 'NONE', #784 ) ;
#153 = LINE ( 'NONE', #822, #1321 ) ;
#154 = EDGE_CURVE ( 'NONE', #451, #105, #722, .T. ) ;
#155 = AXIS2_PLACEMENT_3D ( 'NONE', #896, #1207, #115 ) ;
#156 = AXIS2_PLACEMENT_3D ( 'NONE', #1030, #582, #22 ) ;
#157 = FACE_OUTER_BOUND ( 'NONE', #1371, .T. ) ;
#158 = VERTEX_POINT ( 'NONE', #875 ) ;
#159 = VERTEX_POINT ( 'NONE', #75 ) ;
#160 = CARTESIAN_POINT ( 'NONE',  ( 3.000000000000000000, 0.000000000000000000, 1.299999999999999378 ) ) ;
#161 = LINE ( 'NONE', #1044, #82 ) ;
#162 = ORIENTED_EDGE ( 'NONE', *, *, #1253, .T. ) ;
#163 = ORIENTED_EDGE ( 'NONE', *, *, #76, .F. ) ;
#164 = ADVANCED_FACE ( 'NONE', ( #964 ), #1202, .T. ) ;
#165 = FACE_OUTER_BOUND ( 'NONE', #98, .T. ) ;
#166 = DIRECTION ( 'NONE',  ( -1.000000000000000000, 0.000000000000000000, 1.239088197126290324E-16 ) ) ;
#167 = VERTEX_POINT ( 'NONE', #201 ) ;
#168 = EDGE_CURVE ( 'NONE', #854, #422, #535, .T. ) ;
#169 = ORIENTED_EDGE ( 'NONE', *, *, #141, .T. ) ;
#170 = FACE_OUTER_BOUND ( 'NONE', #18, .T. ) ;
#171 = DIRECTION ( 'NONE',  ( 1.000000000000000000, -0.000000000000000000, 0.000000000000000000 ) ) ;
#172 = AXIS2_PLACEMENT_3D ( 'NONE', #973, #563, #1296 ) ;
#173 = CARTESIAN_POINT ( 'NONE',  ( 88.00000000000000000, -15.00000000000000000, 23.00000000000000000 ) ) ;
#174 = ORIENTED_EDGE ( 'NONE', *, *, #706, .F. ) ;
#175 = VECTOR ( 'NONE', #553, 1000.000000000000000 ) ;
#176 = EDGE_LOOP ( 'NONE', ( #2, #957 ) ) ;
#177 = APPROVAL_PERSON_ORGANIZATION ( #1221, #540, #1005 ) ;
#178 = PERSON ( 'UNSPECIFIED', 'UNSPECIFIED', 'UNSPECIFIED', ('UNSPECIFIED'), ('UNSPECIFIED'), ('UNSPECIFIED') ) ;
#179 = DIRECTION ( 'NONE',  ( -0.000000000000000000, -0.000000000000000000, 1.000000000000000000 ) ) ;
#180 = EDGE_CURVE ( 'NONE', #1357, #105, #862, .T. ) ;
#181 = DIRECTION ( 'NONE',  ( 0.000000000000000000, 1.000000000000000000, -0.000000000000000000 ) ) ;
#182 = ORIENTED_EDGE ( 'NONE', *, *, #1194, .F. ) ;
#183 = EDGE_CURVE ( 'NONE', #1271, #416, #779, .T. ) ;
#184 = DIRECTION ( 'NONE',  ( 0.000000000000000000, 0.000000000000000000, 1.000000000000000000 ) ) ;
#185 = ORIENTED_EDGE ( 'NONE', *, *, #81, .F. ) ;
#186 = EDGE_CURVE ( 'NONE', #793, #542, #879, .T. ) ;
#187 = CARTESIAN_POINT ( 'NONE',  ( 25.00000000000000000, -15.00000000000000000, -1.445602896647339351E-14 ) ) ;
#188 = VERTEX_POINT ( 'NONE', #653 ) ;
#189 = CARTESIAN_POINT ( 'NONE',  ( 3.999999999999996447, 0.000000000000000000, 36.00000000000000000 ) ) ;
#190 = EDGE_LOOP ( 'NONE', ( #1047, #1426 ) ) ;
#191 = CARTESIAN_POINT ( 'NONE',  ( 23.00000000000000355, 0.000000000000000000, 4.000000000000000000 ) ) ;
#192 = DIRECTION ( 'NONE',  ( 1.000000000000000000, -0.000000000000000000, 0.000000000000000000 ) ) ;
#193 = VECTOR ( 'NONE', #488, 1000.000000000000000 ) ;
#194 = EDGE_CURVE ( 'NONE', #1399, #1131, #489, .T. ) ;
#195 = CARTESIAN_POINT ( 'NONE',  ( 87.00000000000002842, 0.000000000000000000, 2.399999999999999467 ) ) ;
#196 = VECTOR ( 'NONE', #51, 1000.000000000000000 ) ;
#197 = DIRECTION ( 'NONE',  ( 0.000000000000000000, 0.000000000000000000, 1.000000000000000000 ) ) ;
#198 = ORIENTED_EDGE ( 'NONE', *, *, #233, .T. ) ;
#199 = CARTESIAN_POINT ( 'NONE',  ( 88.00000000000000000, -15.00000000000000000, 23.00000000000000000 ) ) ;
#200 = CIRCLE ( 'NONE', #649, 2.000000000000001776 ) ;
#201 = CARTESIAN_POINT ( 'NONE',  ( 88.00000000000002842, -15.00000000000000000, 58.00000000000000711 ) ) ;
#202 = ORIENTED_EDGE ( 'NONE', *, *, #1009, .F. ) ;
#203 = CARTESIAN_POINT ( 'NONE',  ( 87.00000000000002842, -15.00000000000000000, 3.499999999999993339 ) ) ;
#204 = AXIS2_PLACEMENT_3D ( 'NONE', #1085, #982, #215 ) ;
#205 = PRODUCT_DEFINITION_FORMATION_WITH_SPECIFIED_SOURCE ( 'ANY', '', #1201, .NOT_KNOWN. ) ;
#206 = DIRECTION ( 'NONE',  ( -0.000000000000000000, 1.000000000000000000, -0.000000000000000000 ) ) ;
#207 = CARTESIAN_POINT ( 'NONE',  ( 86.00000000000001421, 0.000000000000000000, 60.00000000000001421 ) ) ;
#208 = VERTEX_POINT ( 'NONE', #1093 ) ;
#209 = DIRECTION ( 'NONE',  ( -0.000000000000000000, 1.000000000000000000, -0.000000000000000000 ) ) ;
#210 = VERTEX_POINT ( 'NONE', #308 ) ;
#211 = CARTESIAN_POINT ( 'NONE',  ( 88.00000000000002842, 0.000000000000000000, 60.00000000000001421 ) ) ;
#212 = ADVANCED_FACE ( 'NONE', ( #418 ), #1433, .T. ) ;
#213 = DIRECTION ( 'NONE',  ( -1.000000000000000000, 0.000000000000000000, 5.782411586589356653E-16 ) ) ;
#214 = DESIGN_CONTEXT ( 'detailed design', #1415, 'design' ) ;
#215 = DIRECTION ( 'NONE',  ( 0.000000000000000000, 0.000000000000000000, 1.000000000000000000 ) ) ;
#216 = ORIENTED_EDGE ( 'NONE', *, *, #1194, .T. ) ;
#217 = CARTESIAN_POINT ( 'NONE',  ( 87.56204993518133506, 0.000000000000000000, 68.00000000000000000 ) ) ;
#218 = VERTEX_POINT ( 'NONE', #761 ) ;
#219 = CARTESIAN_POINT ( 'NONE',  ( 0.000000000000000000, 0.000000000000000000, 0.000000000000000000 ) ) ;
#220 = CARTESIAN_POINT ( 'NONE',  ( 25.00000000000000355, 0.000000000000000000, 3.999999999999999112 ) ) ;
#221 = FACE_OUTER_BOUND ( 'NONE', #1159, .T. ) ;
#222 = EDGE_CURVE ( 'NONE', #1265, #9, #795, .T. ) ;
#223 = ORIENTED_EDGE ( 'NONE', *, *, #688, .T. ) ;
#224 = FACE_OUTER_BOUND ( 'NONE', #1045, .T. ) ;
#225 = LINE ( 'NONE', #1217, #1097 ) ;
#226 = EDGE_LOOP ( 'NONE', ( #876, #1086, #720, #1297 ) ) ;
#227 = CARTESIAN_POINT ( 'NONE',  ( 90.00000000000000000, 2.000000000000000000, 0.000000000000000000 ) ) ;
#228 = VECTOR ( 'NONE', #782, 1000.000000000000000 ) ;
#229 = AXIS2_PLACEMENT_3D ( 'NONE', #769, #73, #408 ) ;
#230 = CARTESIAN_POINT ( 'NONE',  ( 6.000000000000004441, -15.00000000000000000, 6.000000000000000000 ) ) ;
#231 = EDGE_CURVE ( 'NONE', #1057, #210, #765, .T. ) ;
#232 = CARTESIAN_POINT ( 'NONE',  ( 88.00000000000002842, -15.00000000000000000, 60.00000000000001421 ) ) ;
#233 = EDGE_CURVE ( 'NONE', #943, #210, #432, .T. ) ;
#234 = CARTESIAN_POINT ( 'NONE',  ( 56.00000000000002132, 0.000000000000000000, 68.00000000000001421 ) ) ;
#235 = ORIENTED_EDGE ( 'NONE', *, *, #417, .F. ) ;
#236 = ORIENTED_EDGE ( 'NONE', *, *, #180, .T. ) ;
#237 = EDGE_CURVE ( 'NONE', #1417, #270, #1014, .T. ) ;
#238 = CARTESIAN_POINT ( 'NONE',  ( 2.000000000000000000, 2.000000000000000000, 0.000000000000000000 ) ) ;
#239 = CARTESIAN_POINT ( 'NONE',  ( 88.00000000000001421, 0.000000000000000000, 23.00000000000000000 ) ) ;
#240 = ORIENTED_EDGE ( 'NONE', *, *, #91, .T. ) ;
#241 = CALENDAR_DATE ( 2026, 16, 4 ) ;
#242 = EDGE_CURVE ( 'NONE', #277, #1078, #1069, .T. ) ;
#243 = DIRECTION ( 'NONE',  ( 0.000000000000000000, 0.000000000000000000, -1.000000000000000000 ) ) ;
#244 = DIRECTION ( 'NONE',  ( 0.000000000000000000, -0.000000000000000000, -1.000000000000000000 ) ) ;
#245 = CARTESIAN_POINT ( 'NONE',  ( 88.00000000000002842, -15.00000000000000000, 70.00000000000000000 ) ) ;
#246 = ORIENTED_EDGE ( 'NONE', *, *, #1090, .F. ) ;
#247 = CARTESIAN_POINT ( 'NONE',  ( 1.349783804395671978E-30, -15.00000000000000000, 1.102182119232617911E-14 ) ) ;
#248 = PERSON_AND_ORGANIZATION_ROLE ( 'design_supplier' ) ;
#249 = VECTOR ( 'NONE', #377, 1000.000000000000000 ) ;
#250 = CARTESIAN_POINT ( 'NONE',  ( 88.00000000000002842, 2.000000000000000000, 70.00000000000000000 ) ) ;
#251 = CARTESIAN_POINT ( 'NONE',  ( 56.00000000000002132, 2.000000000000000000, 37.99999999999999289 ) ) ;
#252 = LINE ( 'NONE', #700, #336 ) ;
#253 = CIRCLE ( 'NONE', #923, 1.100000000000000311 ) ;
#254 = VECTOR ( 'NONE', #14, 1000.000000000000000 ) ;
#255 = VECTOR ( 'NONE', #520, 1000.000000000000000 ) ;
#256 = AXIS2_PLACEMENT_3D ( 'NONE', #817, #480, #1358 ) ;
#257 = ORIENTED_EDGE ( 'NONE', *, *, #910, .F. ) ;
#258 = CARTESIAN_POINT ( 'NONE',  ( 87.00000000000002842, -15.00000000000000000, 69.10000000000000853 ) ) ;
#259 = ORIENTED_EDGE ( 'NONE', *, *, #326, .T. ) ;
#260 = CYLINDRICAL_SURFACE ( 'NONE', #156, 2.000000000000001776 ) ;
#261 = DIRECTION ( 'NONE',  ( 0.000000000000000000, 1.000000000000000000, 0.000000000000000000 ) ) ;
#262 = DIRECTION ( 'NONE',  ( -0.000000000000000000, -1.000000000000000000, 0.000000000000000000 ) ) ;
#263 = FACE_OUTER_BOUND ( 'NONE', #346, .T. ) ;
#264 = ORIENTED_EDGE ( 'NONE', *, *, #1142, .F. ) ;
#265 = ADVANCED_FACE ( 'NONE', ( #1318 ), #332, .T. ) ;
#266 = CARTESIAN_POINT ( 'NONE',  ( 86.00000000000001421, -15.00000000000000000, 60.00000000000001421 ) ) ;
#267 = DIRECTION ( 'NONE',  ( 0.000000000000000000, 0.000000000000000000, -1.000000000000000000 ) ) ;
#268 = AXIS2_PLACEMENT_3D ( 'NONE', #1048, #1266, #32 ) ;
#269 = CARTESIAN_POINT ( 'NONE',  ( 3.000000000000000000, -15.00000000000000000, 2.399999999999999467 ) ) ;
#270 = VERTEX_POINT ( 'NONE', #679 ) ;
#271 = ORIENTED_EDGE ( 'NONE', *, *, #1373, .F. ) ;
#272 = VECTOR ( 'NONE', #753, 1000.000000000000000 ) ;
#273 = VECTOR ( 'NONE', #836, 1000.000000000000000 ) ;
#274 = CARTESIAN_POINT ( 'NONE',  ( 3.999999999999996447, 0.000000000000000000, 38.00000000000000000 ) ) ;
#275 = DIRECTION ( 'NONE',  ( 0.000000000000000000, 1.000000000000000000, -0.000000000000000000 ) ) ;
#276 = CIRCLE ( 'NONE', #1331, 1.099999999999993872 ) ;
#277 = VERTEX_POINT ( 'NONE', #245 ) ;
#278 = EDGE_CURVE ( 'NONE', #544, #422, #905, .T. ) ;
#279 = ORIENTED_EDGE ( 'NONE', *, *, #554, .T. ) ;
#280 = DIRECTION ( 'NONE',  ( 0.000000000000000000, 1.000000000000000000, -0.000000000000000000 ) ) ;
#281 = EDGE_CURVE ( 'NONE', #801, #55, #390, .T. ) ;
#282 = FACE_OUTER_BOUND ( 'NONE', #1061, .T. ) ;
#283 = ORIENTED_EDGE ( 'NONE', *, *, #483, .F. ) ;
#284 = ORIENTED_EDGE ( 'NONE', *, *, #603, .T. ) ;
#285 = LINE ( 'NONE', #1167, #111 ) ;
#286 = CYLINDRICAL_SURFACE ( 'NONE', #1211, 1.099999999999989875 ) ;
#287 = CC_DESIGN_DATE_AND_TIME_ASSIGNMENT ( #802, #1335, ( #915 ) ) ;
#288 = DIRECTION ( 'NONE',  ( 0.000000000000000000, 0.000000000000000000, 1.000000000000000000 ) ) ;
#289 = ORIENTED_EDGE ( 'NONE', *, *, #1200, .T. ) ;
#290 = ORIENTED_EDGE ( 'NONE', *, *, #732, .T. ) ;
#291 = AXIS2_PLACEMENT_3D ( 'NONE', #668, #551, #868 ) ;
#292 = DIRECTION ( 'NONE',  ( 0.000000000000000000, 0.000000000000000000, 1.000000000000000000 ) ) ;
#293 = AXIS2_PLACEMENT_3D ( 'NONE', #733, #618, #1055 ) ;
#294 = VERTEX_POINT ( 'NONE', #1017 ) ;
#295 = ORIENTED_EDGE ( 'NONE', *, *, #1326, .T. ) ;
#296 = LINE ( 'NONE', #666, #739 ) ;
#297 = EDGE_LOOP ( 'NONE', ( #1234, #1419, #1316, #962 ) ) ;
#298 = DIRECTION ( 'NONE',  ( 0.000000000000000000, 0.000000000000000000, -1.000000000000000000 ) ) ;
#299 = CARTESIAN_POINT ( 'NONE',  ( 87.81085606267967592, 0.000000000000000000, 2.000000000000000000 ) ) ;
#300 = VERTEX_POINT ( 'NONE', #458 ) ;
#301 = DIRECTION ( 'NONE',  ( 1.000000000000000000, -0.000000000000000000, 0.000000000000000000 ) ) ;
#302 = DIRECTION ( 'NONE',  ( 1.000000000000000000, -0.000000000000000000, -4.081702296416016490E-16 ) ) ;
#303 = ADVANCED_FACE ( 'NONE', ( #27 ), #139, .T. ) ;
#304 = DIRECTION ( 'NONE',  ( 0.000000000000000000, 0.000000000000000000, 1.000000000000000000 ) ) ;
#305 = DIRECTION ( 'NONE',  ( 0.000000000000000000, 1.000000000000000000, 0.000000000000000000 ) ) ;
#306 = CARTESIAN_POINT ( 'NONE',  ( 87.00000000000002842, -15.00000000000000000, 68.00000000000001421 ) ) ;
#307 = EDGE_LOOP ( 'NONE', ( #918, #1094, #844, #534 ) ) ;
#308 = CARTESIAN_POINT ( 'NONE',  ( 85.70000000000004547, 0.000000000000000000, 67.06726209469111666 ) ) ;
#309 = ORIENTED_EDGE ( 'NONE', *, *, #1236, .T. ) ;
#310 = LINE ( 'NONE', #99, #366 ) ;
#311 = LINE ( 'NONE', #764, #228 ) ;
#312 = DIRECTION ( 'NONE',  ( 0.000000000000000000, 0.000000000000000000, -1.000000000000000000 ) ) ;
#313 = AXIS2_PLACEMENT_3D ( 'NONE', #920, #25, #476 ) ;
#314 = CARTESIAN_POINT ( 'NONE',  ( 88.00000000000001421, -15.00000000000000000, 23.00000000000000000 ) ) ;
#315 = ORIENTED_EDGE ( 'NONE', *, *, #57, .F. ) ;
#316 = CIRCLE ( 'NONE', #510, 2.000000000000001776 ) ;
#317 = AXIS2_PLACEMENT_3D ( 'NONE', #187, #213, #740 ) ;
#318 = DIRECTION ( 'NONE',  ( 0.000000000000000000, -1.000000000000000000, 0.000000000000000000 ) ) ;
#319 = EDGE_CURVE ( 'NONE', #619, #84, #1350, .T. ) ;
#320 = ORIENTED_EDGE ( 'NONE', *, *, #1345, .T. ) ;
#321 = CARTESIAN_POINT ( 'NONE',  ( 85.70000000000004547, -15.00000000000000000, 68.93273790530892597 ) ) ;
#322 = AXIS2_PLACEMENT_3D ( 'NONE', #847, #171, #747 ) ;
#323 = CIRCLE ( 'NONE', #1215, 2.000000000000001776 ) ;
#324 = DIRECTION ( 'NONE',  ( 0.000000000000000000, -1.000000000000000000, 0.000000000000000000 ) ) ;
#325 = VERTEX_POINT ( 'NONE', #258 ) ;
#326 = EDGE_CURVE ( 'NONE', #685, #627, #578, .T. ) ;
#327 = CARTESIAN_POINT ( 'NONE',  ( 87.81085606267967592, -15.00000000000000000, 0.000000000000000000 ) ) ;
#328 = ORIENTED_EDGE ( 'NONE', *, *, #987, .F. ) ;
#329 = LINE ( 'NONE', #425, #175 ) ;
#330 = EDGE_LOOP ( 'NONE', ( #354, #611 ) ) ;
#331 = CARTESIAN_POINT ( 'NONE',  ( 88.00000000000001421, -15.00000000000000000, 25.00000000000000000 ) ) ;
#332 = PLANE ( 'NONE',  #133 ) ;
#333 = EDGE_LOOP ( 'NONE', ( #50, #433, #1334, #1294 ) ) ;
#334 = CARTESIAN_POINT ( 'NONE',  ( 86.00000000000000000, -15.00000000000000000, 3.648999599679662698 ) ) ;
#335 = PERSON_AND_ORGANIZATION ( #178, #1384 ) ;
#336 = VECTOR ( 'NONE', #1127, 1000.000000000000000 ) ;
#337 = EDGE_CURVE ( 'NONE', #451, #1411, #917, .T. ) ;
#338 = EDGE_CURVE ( 'NONE', #985, #1103, #145, .T. ) ;
#339 = ORIENTED_EDGE ( 'NONE', *, *, #1236, .F. ) ;
#340 = LINE ( 'NONE', #119, #652 ) ;
#341 = DIRECTION ( 'NONE',  ( -0.000000000000000000, 1.000000000000000000, -0.000000000000000000 ) ) ;
#342 = EDGE_LOOP ( 'NONE', ( #913, #833, #163, #328 ) ) ;
#343 = AXIS2_PLACEMENT_3D ( 'NONE', #1356, #401, #1248 ) ;
#344 = CIRCLE ( 'NONE', #441, 2.000000000000001776 ) ;
#345 = EDGE_CURVE ( 'NONE', #325, #734, #1112, .T. ) ;
#346 = EDGE_LOOP ( 'NONE', ( #419, #479, #745, #271 ) ) ;
#347 = CARTESIAN_POINT ( 'NONE',  ( 58.00000000000002132, 0.000000000000000000, 70.00000000000001421 ) ) ;
#348 = CARTESIAN_POINT ( 'NONE',  ( 0.000000000000000000, 0.000000000000000000, 0.000000000000000000 ) ) ;
#349 = VERTEX_POINT ( 'NONE', #1123 ) ;
#350 = PERSON_AND_ORGANIZATION ( #178, #1384 ) ;
#351 = CARTESIAN_POINT ( 'NONE',  ( 0.000000000000000000, -15.00000000000000000, 0.000000000000000000 ) ) ;
#352 = DIRECTION ( 'NONE',  ( 0.000000000000000000, 0.000000000000000000, -1.000000000000000000 ) ) ;
#353 = EDGE_CURVE ( 'NONE', #294, #801, #1102, .T. ) ;
#354 = ORIENTED_EDGE ( 'NONE', *, *, #1101, .F. ) ;
#355 = CARTESIAN_POINT ( 'NONE',  ( 86.00000000000000000, 0.000000000000000000, 23.00000000000000000 ) ) ;
#356 = EDGE_LOOP ( 'NONE', ( #404, #12, #448, #940 ) ) ;
#357 = COORDINATED_UNIVERSAL_TIME_OFFSET ( 5, 0, .BEHIND. ) ;
#358 = FACE_BOUND ( 'NONE', #602, .T. ) ;
#359 = CARTESIAN_POINT ( 'NONE',  ( 2.000000000000000000, -15.00000000000000178, 2.000000000000001776 ) ) ;
#360 = DIRECTION ( 'NONE',  ( 0.000000000000000000, -0.000000000000000000, -1.000000000000000000 ) ) ;
#361 = ORIENTED_EDGE ( 'NONE', *, *, #1223, .F. ) ;
#362 = DIRECTION ( 'NONE',  ( 1.000000000000000000, -0.000000000000000000, -1.239088197126290324E-16 ) ) ;
#363 = CARTESIAN_POINT ( 'NONE',  ( 90.00000000000000000, -15.00000000000000000, 23.00000000000000000 ) ) ;
#364 = AXIS2_PLACEMENT_3D ( 'NONE', #499, #948, #151 ) ;
#365 = CIRCLE ( 'NONE', #1306, 1.100000000000000311 ) ;
#366 = VECTOR ( 'NONE', #1095, 1000.000000000000000 ) ;
#367 = CARTESIAN_POINT ( 'NONE',  ( 0.000000000000000000, 2.000000000000000000, 0.000000000000000000 ) ) ;
#368 = CARTESIAN_POINT ( 'NONE',  ( 87.56204993518133506, -15.00000000000000000, 68.00000000000000000 ) ) ;
#369 = DIRECTION ( 'NONE',  ( 0.000000000000000000, 0.000000000000000000, 1.000000000000000000 ) ) ;
#370 = DIRECTION ( 'NONE',  ( 0.000000000000000000, 1.000000000000000000, 0.000000000000000000 ) ) ;
#371 = DIRECTION ( 'NONE',  ( 0.000000000000000000, 0.000000000000000000, 1.000000000000000000 ) ) ;
#372 = ORIENTED_EDGE ( 'NONE', *, *, #123, .F. ) ;
#373 = DIRECTION ( 'NONE',  ( -0.000000000000000000, -1.000000000000000000, 0.000000000000000000 ) ) ;
#374 = CARTESIAN_POINT ( 'NONE',  ( 88.00000000000002842, 2.000000000000000000, 68.00000000000000000 ) ) ;
#375 = DIRECTION ( 'NONE',  ( 0.000000000000000000, 1.000000000000000000, -0.000000000000000000 ) ) ;
#376 = DIRECTION ( 'NONE',  ( 0.000000000000000000, -1.000000000000000000, 0.000000000000000000 ) ) ;
#377 = DIRECTION ( 'NONE',  ( -0.000000000000000000, -1.000000000000000000, -0.000000000000000000 ) ) ;
#378 = CARTESIAN_POINT ( 'NONE',  ( 0.000000000000000000, -15.00000000000000000, 0.000000000000000000 ) ) ;
#379 = CARTESIAN_POINT ( 'NONE',  ( 88.00000000000002842, -15.00000000000000178, 68.00000000000000000 ) ) ;
#380 = ORIENTED_EDGE ( 'NONE', *, *, #384, .T. ) ;
#381 = ORIENTED_EDGE ( 'NONE', *, *, #1041, .T. ) ;
#382 = DIRECTION ( 'NONE',  ( 0.000000000000000000, 1.000000000000000000, 0.000000000000000000 ) ) ;
#383 = ADVANCED_FACE ( 'NONE', ( #1008 ), #693, .F. ) ;
#384 = EDGE_CURVE ( 'NONE', #144, #451, #814, .T. ) ;
#385 = DIRECTION ( 'NONE',  ( 0.000000000000000000, 0.000000000000000000, 1.000000000000000000 ) ) ;
#386 = EDGE_CURVE ( 'NONE', #270, #74, #225, .T. ) ;
#387 = ORIENTED_EDGE ( 'NONE', *, *, #614, .T. ) ;
#388 = ORIENTED_EDGE ( 'NONE', *, *, #803, .T. ) ;
#389 = EDGE_CURVE ( 'NONE', #21, #208, #316, .T. ) ;
#390 = CIRCLE ( 'NONE', #1188, 2.000000000000000000 ) ;
#391 = LINE ( 'NONE', #1385, #103 ) ;
#392 = CIRCLE ( 'NONE', #1379, 2.000000000000000000 ) ;
#393 = FACE_OUTER_BOUND ( 'NONE', #659, .T. ) ;
#394 = AXIS2_PLACEMENT_3D ( 'NONE', #396, #403, #1172 ) ;
#395 = EDGE_LOOP ( 'NONE', ( #642, #867, #1272, #1113 ) ) ;
#396 = CARTESIAN_POINT ( 'NONE',  ( 90.00000000000002842, 2.000000000000000000, 70.00000000000000000 ) ) ;
#397 = EDGE_LOOP ( 'NONE', ( #455, #474, #1301, #897 ) ) ;
#398 =( NAMED_UNIT ( * ) SI_UNIT ( $, .STERADIAN. ) SOLID_ANGLE_UNIT ( ) );
#399 = EDGE_CURVE ( 'NONE', #1171, #793, #672, .T. ) ;
#400 = FACE_OUTER_BOUND ( 'NONE', #846, .T. ) ;
#401 = DIRECTION ( 'NONE',  ( -1.000000000000000000, 0.000000000000000000, 0.000000000000000000 ) ) ;
#402 = EDGE_LOOP ( 'NONE', ( #827, #430, #1166, #264, #129, #70, #1319, #1275 ) ) ;
#403 = DIRECTION ( 'NONE',  ( -4.081702296416016490E-16, 0.000000000000000000, -1.000000000000000000 ) ) ;
#404 = ORIENTED_EDGE ( 'NONE', *, *, #1176, .F. ) ;
#405 = CARTESIAN_POINT ( 'NONE',  ( 88.00000000000002842, -15.00000000000000178, 60.00000000000001421 ) ) ;
#406 = DIRECTION ( 'NONE',  ( 0.000000000000000000, 1.000000000000000000, 0.000000000000000000 ) ) ;
#407 = CARTESIAN_POINT ( 'NONE',  ( 87.00000000000002842, 0.000000000000000000, 2.399999999999999467 ) ) ;
#408 = DIRECTION ( 'NONE',  ( 0.000000000000000000, 0.000000000000000000, 1.000000000000000000 ) ) ;
#409 = EDGE_LOOP ( 'NONE', ( #726, #1040, #558, #185 ) ) ;
#410 = VERTEX_POINT ( 'NONE', #234 ) ;
#411 = CIRCLE ( 'NONE', #1259, 2.000000000000001776 ) ;
#412 = CARTESIAN_POINT ( 'NONE',  ( 87.00000000000002842, 0.000000000000000000, 69.10000000000000853 ) ) ;
#413 = AXIS2_PLACEMENT_3D ( 'NONE', #1136, #1364, #1386 ) ;
#414 = DIRECTION ( 'NONE',  ( 0.000000000000000000, 0.000000000000000000, 1.000000000000000000 ) ) ;
#415 = CIRCLE ( 'NONE', #511, 2.000000000000001776 ) ;
#416 = VERTEX_POINT ( 'NONE', #20 ) ;
#417 = EDGE_CURVE ( 'NONE', #705, #300, #253, .T. ) ;
#418 = FACE_OUTER_BOUND ( 'NONE', #330, .T. ) ;
#419 = ORIENTED_EDGE ( 'NONE', *, *, #1, .F. ) ;
#420 = FACE_OUTER_BOUND ( 'NONE', #853, .T. ) ;
#421 = CARTESIAN_POINT ( 'NONE',  ( 0.000000000000000000, 2.000000000000000000, 0.000000000000000000 ) ) ;
#422 = VERTEX_POINT ( 'NONE', #355 ) ;
#423 = CYLINDRICAL_SURFACE ( 'NONE', #466, 2.000000000000000000 ) ;
#424 = ORIENTED_EDGE ( 'NONE', *, *, #848, .T. ) ;
#425 = CARTESIAN_POINT ( 'NONE',  ( 86.00000000000001421, 0.000000000000000000, 0.000000000000000000 ) ) ;
#426 = DIRECTION ( 'NONE',  ( 0.000000000000000000, 0.000000000000000000, 1.000000000000000000 ) ) ;
#427 = CARTESIAN_POINT ( 'NONE',  ( 3.000000000000000000, -15.00000000000000000, 3.499999999999999556 ) ) ;
#428 = ADVANCED_FACE ( 'NONE', ( #806 ), #922, .T. ) ;
#429 = FACE_OUTER_BOUND ( 'NONE', #333, .T. ) ;
#430 = ORIENTED_EDGE ( 'NONE', *, *, #483, .T. ) ;
#431 = CIRCLE ( 'NONE', #482, 2.000000000000000000 ) ;
#432 = LINE ( 'NONE', #994, #41 ) ;
#433 = ORIENTED_EDGE ( 'NONE', *, *, #1153, .T. ) ;
#434 = DIRECTION ( 'NONE',  ( -0.000000000000000000, -1.000000000000000000, 0.000000000000000000 ) ) ;
#435 = ADVANCED_FACE ( 'NONE', ( #157 ), #514, .T. ) ;
#436 = CARTESIAN_POINT ( 'NONE',  ( 87.00000000000002842, -15.00000000000000000, 68.00000000000001421 ) ) ;
#437 = CIRCLE ( 'NONE', #921, 2.000000000000001776 ) ;
#438 = FACE_BOUND ( 'NONE', #176, .T. ) ;
#439 = ORIENTED_EDGE ( 'NONE', *, *, #353, .T. ) ;
#440 = VECTOR ( 'NONE', #912, 1000.000000000000000 ) ;
#441 = AXIS2_PLACEMENT_3D ( 'NONE', #1396, #206, #969 ) ;
#442 = LINE ( 'NONE', #1424, #581 ) ;
#443 = EDGE_LOOP ( 'NONE', ( #77, #1325, #1129, #125 ) ) ;
#444 = CARTESIAN_POINT ( 'NONE',  ( 23.00000000000000355, -15.00000000000000000, 6.000000000000000000 ) ) ;
#445 = CIRCLE ( 'NONE', #1431, 2.000000000000001776 ) ;
#446 = CARTESIAN_POINT ( 'NONE',  ( 3.000000000000000000, -15.00000000000000000, 1.299999999999999378 ) ) ;
#447 = VECTOR ( 'NONE', #130, 1000.000000000000000 ) ;
#448 = ORIENTED_EDGE ( 'NONE', *, *, #1361, .T. ) ;
#449 = DIRECTION ( 'NONE',  ( 0.000000000000000000, 1.000000000000000000, -0.000000000000000000 ) ) ;
#450 = CARTESIAN_POINT ( 'NONE',  ( 0.000000000000000000, -15.00000000000000000, 70.00000000000000000 ) ) ;
#451 = VERTEX_POINT ( 'NONE', #725 ) ;
#452 = CARTESIAN_POINT ( 'NONE',  ( 87.00000000000002842, -15.00000000000000000, 68.00000000000001421 ) ) ;
#453 = ADVANCED_FACE ( 'NONE', ( #263 ), #1261, .T. ) ;
#454 = PERSON_AND_ORGANIZATION ( #178, #1384 ) ;
#455 = ORIENTED_EDGE ( 'NONE', *, *, #1100, .F. ) ;
#456 = DIRECTION ( 'NONE',  ( 0.000000000000000000, -1.000000000000000000, 0.000000000000000000 ) ) ;
#457 = PLANE ( 'NONE',  #1267 ) ;
#458 = CARTESIAN_POINT ( 'NONE',  ( 3.000000000000000000, -15.00000000000000000, 3.499999999999999556 ) ) ;
#459 = EDGE_CURVE ( 'NONE', #1402, #277, #1262, .T. ) ;
#460 = ORIENTED_EDGE ( 'NONE', *, *, #641, .T. ) ;
#461 = DIRECTION ( 'NONE',  ( 0.000000000000000000, 0.000000000000000000, -1.000000000000000000 ) ) ;
#462 = DIRECTION ( 'NONE',  ( -0.000000000000000000, -1.000000000000000000, 0.000000000000000000 ) ) ;
#463 = CARTESIAN_POINT ( 'NONE',  ( 0.000000000000000000, 2.000000000000000000, 0.000000000000000000 ) ) ;
#464 = ORIENTED_EDGE ( 'NONE', *, *, #694, .F. ) ;
#465 = ADVANCED_FACE ( 'NONE', ( #929 ), #610, .T. ) ;
#466 = AXIS2_PLACEMENT_3D ( 'NONE', #634, #92, #1060 ) ;
#467 = DIRECTION ( 'NONE',  ( 0.000000000000000000, 0.000000000000000000, 1.000000000000000000 ) ) ;
#468 = VECTOR ( 'NONE', #1320, 1000.000000000000000 ) ;
#469 = CARTESIAN_POINT ( 'NONE',  ( 87.00000000000002842, 0.000000000000000000, 66.90000000000003411 ) ) ;
#470 = VECTOR ( 'NONE', #137, 1000.000000000000000 ) ;
#471 = ORIENTED_EDGE ( 'NONE', *, *, #889, .T. ) ;
#472 = DIRECTION ( 'NONE',  ( 0.000000000000000000, 0.000000000000000000, 1.000000000000000000 ) ) ;
#473 = DIRECTION ( 'NONE',  ( 0.000000000000000000, 1.000000000000000000, -0.000000000000000000 ) ) ;
#474 = ORIENTED_EDGE ( 'NONE', *, *, #1128, .F. ) ;
#475 = DIRECTION ( 'NONE',  ( 0.000000000000000000, 1.000000000000000000, -0.000000000000000000 ) ) ;
#476 = DIRECTION ( 'NONE',  ( 0.000000000000000000, 0.000000000000000000, -1.000000000000000000 ) ) ;
#477 = EDGE_CURVE ( 'NONE', #158, #943, #1238, .T. ) ;
#478 = CARTESIAN_POINT ( 'NONE',  ( 87.81085606267967592, 2.000000000000000000, 0.000000000000000000 ) ) ;
#479 = ORIENTED_EDGE ( 'NONE', *, *, #91, .F. ) ;
#480 = DIRECTION ( 'NONE',  ( -0.000000000000000000, 1.000000000000000000, -0.000000000000000000 ) ) ;
#481 = DIRECTION ( 'NONE',  ( 0.000000000000000000, 0.000000000000000000, 1.000000000000000000 ) ) ;
#482 = AXIS2_PLACEMENT_3D ( 'NONE', #1117, #1178, #24 ) ;
#483 = EDGE_CURVE ( 'NONE', #1380, #854, #622, .T. ) ;
#484 = CARTESIAN_POINT ( 'NONE',  ( 90.00000000000000000, -15.00000000000000000, 1.999999999999999112 ) ) ;
#485 = CARTESIAN_POINT ( 'NONE',  ( 87.00000000000002842, 0.000000000000000000, 68.00000000000001421 ) ) ;
#486 = ORIENTED_EDGE ( 'NONE', *, *, #706, .T. ) ;
#487 = DIRECTION ( 'NONE',  ( 1.000000000000000000, -0.000000000000000000, -1.239088197126290324E-16 ) ) ;
#488 = DIRECTION ( 'NONE',  ( 0.000000000000000000, 1.000000000000000000, 0.000000000000000000 ) ) ;
#489 = CIRCLE ( 'NONE', #291, 1.100000000000000311 ) ;
#490 = VECTOR ( 'NONE', #324, 1000.000000000000000 ) ;
#491 =( GEOMETRIC_REPRESENTATION_CONTEXT ( 3 ) GLOBAL_UNCERTAINTY_ASSIGNED_CONTEXT ( ( #776 ) ) GLOBAL_UNIT_ASSIGNED_CONTEXT ( ( #1377, #1251, #398 ) ) REPRESENTATION_CONTEXT ( 'NONE', 'WORKASPACE' ) );
#492 = DIRECTION ( 'NONE',  ( 0.000000000000000000, -1.000000000000000000, 0.000000000000000000 ) ) ;
#493 = CARTESIAN_POINT ( 'NONE',  ( 25.00000000000000000, -15.00000000000000000, 0.000000000000000000 ) ) ;
#494 = EDGE_LOOP ( 'NONE', ( #1018, #839, #727, #650, #339, #284, #675, #1348 ) ) ;
#495 = MANIFOLD_SOLID_BREP ( 'Fillet1', #1375 ) ;
#496 = CARTESIAN_POINT ( 'NONE',  ( 86.00000000000000000, -15.00000000000000000, 3.648999599679662698 ) ) ;
#497 = EDGE_CURVE ( 'NONE', #188, #1070, #161, .T. ) ;
#498 = EDGE_CURVE ( 'NONE', #210, #1171, #52, .T. ) ;
#499 = CARTESIAN_POINT ( 'NONE',  ( 6.000000000000005329, -15.00000000000000000, 8.217111201995409759E-16 ) ) ;
#500 = ORIENTED_EDGE ( 'NONE', *, *, #889, .F. ) ;
#501 = EDGE_CURVE ( 'NONE', #349, #1395, #1032, .T. ) ;
#502 = EDGE_LOOP ( 'NONE', ( #965, #121, #992, #1389 ) ) ;
#503 = PLANE ( 'NONE',  #112 ) ;
#504 = DIRECTION ( 'NONE',  ( -0.000000000000000000, -1.000000000000000000, 0.000000000000000000 ) ) ;
#505 = ORIENTED_EDGE ( 'NONE', *, *, #987, .T. ) ;
#506 = EDGE_CURVE ( 'NONE', #861, #349, #200, .T. ) ;
#507 = ORIENTED_EDGE ( 'NONE', *, *, #76, .T. ) ;
#508 = CARTESIAN_POINT ( 'NONE',  ( 88.00000000000002842, 0.000000000000000000, 58.00000000000000711 ) ) ;
#509 = AXIS2_PLACEMENT_3D ( 'NONE', #359, #813, #600 ) ;
#510 = AXIS2_PLACEMENT_3D ( 'NONE', #1130, #596, #37 ) ;
#511 = AXIS2_PLACEMENT_3D ( 'NONE', #548, #78, #304 ) ;
#512 = DIRECTION ( 'NONE',  ( 1.000000000000000000, 0.000000000000000000, -0.000000000000000000 ) ) ;
#513 = VECTOR ( 'NONE', #305, 1000.000000000000000 ) ;
#514 = CYLINDRICAL_SURFACE ( 'NONE', #413, 1.600000000000004974 ) ;
#515 = LOCAL_TIME ( 23, 33, 58.00000000000000000, #357 ) ;
#516 = ORIENTED_EDGE ( 'NONE', *, *, #497, .F. ) ;
#517 = ORIENTED_EDGE ( 'NONE', *, *, #688, .F. ) ;
#518 = APPLICATION_PROTOCOL_DEFINITION ( 'international standard', 'config_control_design', 1994, #966 ) ;
#519 = PLANE ( 'NONE',  #322 ) ;
#520 = DIRECTION ( 'NONE',  ( 0.000000000000000000, 1.000000000000000000, 0.000000000000000000 ) ) ;
#521 = ORIENTED_EDGE ( 'NONE', *, *, #237, .F. ) ;
#522 = CARTESIAN_POINT ( 'NONE',  ( 90.00000000000000000, 0.000000000000000000, 0.000000000000000000 ) ) ;
#523 = ORIENTED_EDGE ( 'NONE', *, *, #1405, .T. ) ;
#524 = EDGE_CURVE ( 'NONE', #974, #1417, #1370, .T. ) ;
#525 = CARTESIAN_POINT ( 'NONE',  ( 2.000000000000001776, 2.000000000000000000, 36.00000000000000000 ) ) ;
#526 = DIRECTION ( 'NONE',  ( 0.000000000000000000, 0.000000000000000000, 1.000000000000000000 ) ) ;
#527 = DIRECTION ( 'NONE',  ( 0.000000000000000000, 0.000000000000000000, -1.000000000000000000 ) ) ;
#528 = VERTEX_POINT ( 'NONE', #493 ) ;
#529 = DIRECTION ( 'NONE',  ( -1.387778780781445676E-14, 0.000000000000000000, -1.000000000000000000 ) ) ;
#530 = ORIENTED_EDGE ( 'NONE', *, *, #222, .T. ) ;
#531 = VECTOR ( 'NONE', #382, 1000.000000000000000 ) ;
#532 = CARTESIAN_POINT ( 'NONE',  ( 87.00000000000002842, -15.00000000000000000, 66.90000000000003411 ) ) ;
#533 = VECTOR ( 'NONE', #557, 1000.000000000000000 ) ;
#534 = ORIENTED_EDGE ( 'NONE', *, *, #194, .T. ) ;
#535 = LINE ( 'NONE', #1173, #559 ) ;
#536 = ORIENTED_EDGE ( 'NONE', *, *, #23, .T. ) ;
#537 = DIRECTION ( 'NONE',  ( 1.000000000000000000, -0.000000000000000000, -4.081702296416016490E-16 ) ) ;
#538 = EDGE_CURVE ( 'NONE', #300, #705, #365, .T. ) ;
#539 = ADVANCED_FACE ( 'NONE', ( #393 ), #849, .T. ) ;
#540 = APPROVAL ( #919, 'UNSPECIFIED' ) ;
#541 = PLANE ( 'NONE',  #583 ) ;
#542 = VERTEX_POINT ( 'NONE', #1274 ) ;
#543 = DIRECTION ( 'NONE',  ( -0.000000000000000000, -1.000000000000000000, -0.000000000000000000 ) ) ;
#544 = VERTEX_POINT ( 'NONE', #1270 ) ;
#545 = DIRECTION ( 'NONE',  ( 0.000000000000000000, 0.000000000000000000, 1.000000000000000000 ) ) ;
#546 = DIRECTION ( 'NONE',  ( 0.000000000000000000, 1.000000000000000000, 0.000000000000000000 ) ) ;
#547 = ADVANCED_FACE ( 'NONE', ( #282 ), #1139, .F. ) ;
#548 = CARTESIAN_POINT ( 'NONE',  ( 88.00000000000002842, -15.00000000000000000, 60.00000000000001421 ) ) ;
#549 = CYLINDRICAL_SURFACE ( 'NONE', #204, 2.000000000000000000 ) ;
#550 = ORIENTED_EDGE ( 'NONE', *, *, #524, .T. ) ;
#551 = DIRECTION ( 'NONE',  ( 0.000000000000000000, 1.000000000000000000, -0.000000000000000000 ) ) ;
#552 = ORIENTED_EDGE ( 'NONE', *, *, #231, .F. ) ;
#553 = DIRECTION ( 'NONE',  ( 0.000000000000000000, 0.000000000000000000, -1.000000000000000000 ) ) ;
#554 = EDGE_CURVE ( 'NONE', #9, #985, #1430, .T. ) ;
#555 = FACE_OUTER_BOUND ( 'NONE', #1034, .T. ) ;
#556 = CIRCLE ( 'NONE', #621, 2.000000000000000000 ) ;
#557 = DIRECTION ( 'NONE',  ( 0.000000000000000000, -1.000000000000000000, 0.000000000000000000 ) ) ;
#558 = ORIENTED_EDGE ( 'NONE', *, *, #1406, .F. ) ;
#559 = VECTOR ( 'NONE', #1401, 1000.000000000000000 ) ;
#560 = CIRCLE ( 'NONE', #1281, 1.099999999999993872 ) ;
#561 = AXIS2_PLACEMENT_3D ( 'NONE', #314, #1408, #1279 ) ;
#562 = DIRECTION ( 'NONE',  ( 0.000000000000000000, -1.000000000000000000, 0.000000000000000000 ) ) ;
#563 = DIRECTION ( 'NONE',  ( 0.000000000000000000, 1.000000000000000000, -0.000000000000000000 ) ) ;
#564 = ORIENTED_EDGE ( 'NONE', *, *, #910, .T. ) ;
#565 = PLANE ( 'NONE',  #1307 ) ;
#566 = AXIS2_PLACEMENT_3D ( 'NONE', #1035, #373, #29 ) ;
#567 = ORIENTED_EDGE ( 'NONE', *, *, #1373, .T. ) ;
#568 = CARTESIAN_POINT ( 'NONE',  ( 88.00000000000000000, 2.000000000000000000, 0.000000000000000000 ) ) ;
#569 = ORIENTED_EDGE ( 'NONE', *, *, #1144, .F. ) ;
#570 = CYLINDRICAL_SURFACE ( 'NONE', #821, 1.100000000000000311 ) ;
#571 = EDGE_CURVE ( 'NONE', #1411, #1265, #953, .T. ) ;
#572 = VERTEX_POINT ( 'NONE', #1293 ) ;
#573 = CARTESIAN_POINT ( 'NONE',  ( 3.000000000000000000, -15.00000000000000000, 2.399999999999999467 ) ) ;
#574 = ORIENTED_EDGE ( 'NONE', *, *, #1392, .T. ) ;
#575 = LINE ( 'NONE', #690, #254 ) ;
#576 = ORIENTED_EDGE ( 'NONE', *, *, #871, .F. ) ;
#577 = DIRECTION ( 'NONE',  ( 0.000000000000000000, 0.000000000000000000, 1.000000000000000000 ) ) ;
#578 = CIRCLE ( 'NONE', #1282, 2.000000000000001776 ) ;
#579 = EDGE_LOOP ( 'NONE', ( #202, #236, #71, #1039 ) ) ;
#580 = COORDINATED_UNIVERSAL_TIME_OFFSET ( 5, 0, .BEHIND. ) ;
#581 = VECTOR ( 'NONE', #1410, 1000.000000000000000 ) ;
#582 = DIRECTION ( 'NONE',  ( 0.000000000000000000, 1.000000000000000000, 0.000000000000000000 ) ) ;
#583 = AXIS2_PLACEMENT_3D ( 'NONE', #632, #638, #414 ) ;
#584 = VECTOR ( 'NONE', #831, 1000.000000000000000 ) ;
#585 = ADVANCED_FACE ( 'NONE', ( #866, #438 ), #541, .F. ) ;
#586 = FACE_OUTER_BOUND ( 'NONE', #409, .T. ) ;
#587 = CARTESIAN_POINT ( 'NONE',  ( 86.00000000000000000, -15.00000000000000000, 1.151000400320335793 ) ) ;
#588 = FACE_OUTER_BOUND ( 'NONE', #397, .T. ) ;
#589 = DIRECTION ( 'NONE',  ( 0.000000000000000000, 1.000000000000000000, 0.000000000000000000 ) ) ;
#590 = ORIENTED_EDGE ( 'NONE', *, *, #326, .F. ) ;
#591 = CARTESIAN_POINT ( 'NONE',  ( 54.00000000000002132, 0.000000000000000000, 37.99999999999999289 ) ) ;
#592 = PERSON_AND_ORGANIZATION ( #178, #1384 ) ;
#593 = DIRECTION ( 'NONE',  ( 0.000000000000000000, 0.000000000000000000, 1.000000000000000000 ) ) ;
#594 = ADVANCED_FACE ( 'NONE', ( #429 ), #777, .F. ) ;
#595 = ORIENTED_EDGE ( 'NONE', *, *, #956, .T. ) ;
#596 = DIRECTION ( 'NONE',  ( -0.000000000000000000, 1.000000000000000000, -0.000000000000000000 ) ) ;
#597 = VERTEX_POINT ( 'NONE', #532 ) ;
#598 = LINE ( 'NONE', #1343, #1143 ) ;
#599 = CARTESIAN_POINT ( 'NONE',  ( 88.00000000000001421, -15.00000000000000000, 25.00000000000000000 ) ) ;
#600 = DIRECTION ( 'NONE',  ( 0.000000000000000000, 0.000000000000000000, 1.000000000000000000 ) ) ;
#601 = DIRECTION ( 'NONE',  ( 0.000000000000000000, 0.000000000000000000, 1.000000000000000000 ) ) ;
#602 = EDGE_LOOP ( 'NONE', ( #1228, #893 ) ) ;
#603 = EDGE_CURVE ( 'NONE', #1013, #1402, #1170, .T. ) ;
#604 = ADVANCED_FACE ( 'NONE', ( #1179 ), #990, .T. ) ;
#605 = LINE ( 'NONE', #143, #1213 ) ;
#606 = AXIS2_PLACEMENT_3D ( 'NONE', #299, #209, #529 ) ;
#607 = VECTOR ( 'NONE', #829, 1000.000000000000000 ) ;
#608 = EDGE_CURVE ( 'NONE', #294, #1322, #976, .T. ) ;
#609 = DIRECTION ( 'NONE',  ( 0.000000000000000000, -1.000000000000000000, 0.000000000000000000 ) ) ;
#610 = PLANE ( 'NONE',  #364 ) ;
#611 = ORIENTED_EDGE ( 'NONE', *, *, #1361, .F. ) ;
#612 = VERTEX_POINT ( 'NONE', #89 ) ;
#613 = CARTESIAN_POINT ( 'NONE',  ( 87.00000000000002842, -15.00000000000000000, 2.399999999999999467 ) ) ;
#614 = EDGE_CURVE ( 'NONE', #1131, #1399, #61, .T. ) ;
#615 = DIRECTION ( 'NONE',  ( 0.000000000000000000, 0.000000000000000000, 1.000000000000000000 ) ) ;
#616 = ORIENTED_EDGE ( 'NONE', *, *, #766, .F. ) ;
#617 = EDGE_LOOP ( 'NONE', ( #1165, #1155, #471, #169 ) ) ;
#618 = DIRECTION ( 'NONE',  ( -0.000000000000000000, -1.000000000000000000, 0.000000000000000000 ) ) ;
#619 = VERTEX_POINT ( 'NONE', #970 ) ;
#620 = ORIENTED_EDGE ( 'NONE', *, *, #242, .F. ) ;
#621 = AXIS2_PLACEMENT_3D ( 'NONE', #677, #1351, #118 ) ;
#622 = CIRCLE ( 'NONE', #967, 2.000000000000001776 ) ;
#623 = AXIS2_PLACEMENT_3D ( 'NONE', #729, #1154, #166 ) ;
#624 = CIRCLE ( 'NONE', #882, 1.099999999999989875 ) ;
#625 = DIRECTION ( 'NONE',  ( 1.369518533665900312E-16, 0.000000000000000000, -1.000000000000000000 ) ) ;
#626 = AXIS2_PLACEMENT_3D ( 'NONE', #629, #637, #1063 ) ;
#627 = VERTEX_POINT ( 'NONE', #1058 ) ;
#628 = EDGE_LOOP ( 'NONE', ( #1180, #770, #1263, #240, #620, #1330 ) ) ;
#629 = CARTESIAN_POINT ( 'NONE',  ( 0.000000000000000000, 0.000000000000000000, 0.000000000000000000 ) ) ;
#630 = FACE_OUTER_BOUND ( 'NONE', #502, .T. ) ;
#631 = CARTESIAN_POINT ( 'NONE',  ( 87.00000000000002842, -15.00000000000000000, 68.00000000000001421 ) ) ;
#632 = CARTESIAN_POINT ( 'NONE',  ( 0.000000000000000000, -15.00000000000000000, 0.000000000000000000 ) ) ;
#633 = ORIENTED_EDGE ( 'NONE', *, *, #608, .T. ) ;
#634 = CARTESIAN_POINT ( 'NONE',  ( 23.00000000000000355, -15.00000000000000000, 4.000000000000000000 ) ) ;
#635 = EDGE_LOOP ( 'NONE', ( #460, #595 ) ) ;
#636 = DIRECTION ( 'NONE',  ( 0.000000000000000000, 0.000000000000000000, 1.000000000000000000 ) ) ;
#637 = DIRECTION ( 'NONE',  ( 0.000000000000000000, 0.000000000000000000, 1.000000000000000000 ) ) ;
#638 = DIRECTION ( 'NONE',  ( 0.000000000000000000, 1.000000000000000000, -0.000000000000000000 ) ) ;
#639 = ORIENTED_EDGE ( 'NONE', *, *, #651, .T. ) ;
#640 = DIRECTION ( 'NONE',  ( -0.000000000000000000, 1.000000000000000000, -0.000000000000000000 ) ) ;
#641 = EDGE_CURVE ( 'NONE', #325, #597, #857, .T. ) ;
#642 = ORIENTED_EDGE ( 'NONE', *, *, #554, .F. ) ;
#643 = DIRECTION ( 'NONE',  ( 0.000000000000000000, 1.000000000000000000, -0.000000000000000000 ) ) ;
#644 = EDGE_CURVE ( 'NONE', #416, #159, #134, .T. ) ;
#645 = EDGE_CURVE ( 'NONE', #1124, #1380, #944, .T. ) ;
#646 = VECTOR ( 'NONE', #682, 1000.000000000000000 ) ;
#647 = VECTOR ( 'NONE', #601, 1000.000000000000000 ) ;
#648 = DIRECTION ( 'NONE',  ( -1.000000000000000000, 0.000000000000000000, 0.000000000000000000 ) ) ;
#649 = AXIS2_PLACEMENT_3D ( 'NONE', #1393, #1254, #60 ) ;
#650 = ORIENTED_EDGE ( 'NONE', *, *, #1128, .T. ) ;
#651 = EDGE_CURVE ( 'NONE', #696, #1271, #768, .T. ) ;
#652 = VECTOR ( 'NONE', #369, 1000.000000000000000 ) ;
#653 = CARTESIAN_POINT ( 'NONE',  ( 6.000000000000000000, -15.00000000000000000, 36.00000000000000000 ) ) ;
#654 = ORIENTED_EDGE ( 'NONE', *, *, #812, .T. ) ;
#655 = LINE ( 'NONE', #1209, #468 ) ;
#656 = FACE_OUTER_BOUND ( 'NONE', #1150, .T. ) ;
#657 = DIRECTION ( 'NONE',  ( 0.000000000000000000, -1.000000000000000000, 0.000000000000000000 ) ) ;
#658 = CARTESIAN_POINT ( 'NONE',  ( 87.00000000000002842, 0.000000000000000000, 1.300000000000005596 ) ) ;
#659 = EDGE_LOOP ( 'NONE', ( #576, #1249, #924, #639, #616, #1088, #906, #216, #1276, #114, #731, #785, #887, #1256, #654, #259, #737, #780, #936, #1312, #1374, #1423, #954, #1203 ) ) ;
#660 = DIRECTION ( 'NONE',  ( 0.000000000000000000, 0.000000000000000000, 1.000000000000000000 ) ) ;
#661 = CC_DESIGN_PERSON_AND_ORGANIZATION_ASSIGNMENT ( #350, #1125, ( #915 ) ) ;
#662 = CARTESIAN_POINT ( 'NONE',  ( 2.000000000000000000, 2.000000000000000000, 2.000000000000001776 ) ) ;
#663 = VERTEX_POINT ( 'NONE', #207 ) ;
#664 = CARTESIAN_POINT ( 'NONE',  ( 3.999999999999996447, -15.00000000000000000, 38.00000000000000000 ) ) ;
#665 = LINE ( 'NONE', #1349, #1098 ) ;
#666 = CARTESIAN_POINT ( 'NONE',  ( 88.00000000000002842, 2.000000000000000000, 70.00000000000000000 ) ) ;
#667 = ORIENTED_EDGE ( 'NONE', *, *, #608, .F. ) ;
#668 = CARTESIAN_POINT ( 'NONE',  ( 3.000000000000000000, 0.000000000000000000, 2.399999999999999467 ) ) ;
#669 = VERTEX_POINT ( 'NONE', #658 ) ;
#670 = FACE_BOUND ( 'NONE', #635, .T. ) ;
#671 = CARTESIAN_POINT ( 'NONE',  ( 87.00000000000002842, 0.000000000000000000, 68.00000000000001421 ) ) ;
#672 = CIRCLE ( 'NONE', #695, 1.600000000000004086 ) ;
#673 = AXIS2_PLACEMENT_3D ( 'NONE', #13, #1116, #593 ) ;
#674 = DIRECTION ( 'NONE',  ( 0.000000000000000000, 1.000000000000000000, -0.000000000000000000 ) ) ;
#675 = ORIENTED_EDGE ( 'NONE', *, *, #1292, .T. ) ;
#676 = ADVANCED_FACE ( 'NONE', ( #743 ), #549, .T. ) ;
#677 = CARTESIAN_POINT ( 'NONE',  ( 2.000000000000000000, 2.000000000000000000, 2.000000000000001776 ) ) ;
#678 = DIRECTION ( 'NONE',  ( 0.000000000000000000, -1.000000000000000000, 0.000000000000000000 ) ) ;
#679 = CARTESIAN_POINT ( 'NONE',  ( 6.000000000000000000, 0.000000000000000000, 36.00000000000000000 ) ) ;
#680 = ORIENTED_EDGE ( 'NONE', *, *, #1105, .F. ) ;
#681 = DIRECTION ( 'NONE',  ( 0.000000000000000000, 0.000000000000000000, -1.000000000000000000 ) ) ;
#682 = DIRECTION ( 'NONE',  ( -0.000000000000000000, 1.000000000000000000, -0.000000000000000000 ) ) ;
#683 = CARTESIAN_POINT ( 'NONE',  ( 87.00000000000002842, -15.00000000000000000, 2.399999999999999467 ) ) ;
#684 = DIRECTION ( 'NONE',  ( 1.369518533665900312E-16, 0.000000000000000000, -1.000000000000000000 ) ) ;
#685 = VERTEX_POINT ( 'NONE', #881 ) ;
#686 = CARTESIAN_POINT ( 'NONE',  ( 90.00000000000002842, 2.000000000000000000, 68.00000000000000000 ) ) ;
#687 = CALENDAR_DATE ( 2026, 16, 4 ) ;
#688 = EDGE_CURVE ( 'NONE', #188, #974, #1352, .T. ) ;
#689 = DIRECTION ( 'NONE',  ( -0.000000000000000000, 1.000000000000000000, -0.000000000000000000 ) ) ;
#690 = CARTESIAN_POINT ( 'NONE',  ( 6.000000000000000000, -15.00000000000000178, 36.00000000000000000 ) ) ;
#691 = DIRECTION ( 'NONE',  ( 0.000000000000000000, 1.000000000000000000, 0.000000000000000000 ) ) ;
#692 = VECTOR ( 'NONE', #1042, 1000.000000000000000 ) ;
#693 = PLANE ( 'NONE',  #942 ) ;
#694 = EDGE_CURVE ( 'NONE', #277, #1050, #296, .T. ) ;
#695 = AXIS2_PLACEMENT_3D ( 'NONE', #485, #1227, #371 ) ;
#696 = VERTEX_POINT ( 'NONE', #1091 ) ;
#697 = VECTOR ( 'NONE', #1077, 1000.000000000000000 ) ;
#698 = CARTESIAN_POINT ( 'NONE',  ( 90.00000000000000000, 2.000000000000000000, 1.999999999999999112 ) ) ;
#699 = VECTOR ( 'NONE', #434, 1000.000000000000000 ) ;
#700 = CARTESIAN_POINT ( 'NONE',  ( 25.00000000000000000, -15.00000000000000000, -1.445602896647339351E-14 ) ) ;
#701 = CC_DESIGN_APPROVAL ( #540, ( #1285 ) ) ;
#702 = CARTESIAN_POINT ( 'NONE',  ( 56.00000000000002132, 2.000000000000000000, 68.00000000000001421 ) ) ;
#703 = LINE ( 'NONE', #378, #1076 ) ;
#704 = CARTESIAN_POINT ( 'NONE',  ( 87.00000000000002842, -15.00000000000000000, 69.10000000000000853 ) ) ;
#705 = VERTEX_POINT ( 'NONE', #860 ) ;
#706 = EDGE_CURVE ( 'NONE', #159, #696, #1287, .T. ) ;
#707 = PLANE ( 'NONE',  #673 ) ;
#708 = LINE ( 'NONE', #599, #193 ) ;
#709 = ADVANCED_FACE ( 'NONE', ( #1164 ), #1398, .F. ) ;
#710 = CARTESIAN_POINT ( 'NONE',  ( 87.00000000000002842, -15.00000000000000000, 1.300000000000005596 ) ) ;
#711 = LINE ( 'NONE', #933, #584 ) ;
#712 = DIRECTION ( 'NONE',  ( 0.000000000000000000, 1.000000000000000000, 0.000000000000000000 ) ) ;
#713 = ORIENTED_EDGE ( 'NONE', *, *, #951, .T. ) ;
#714 = CYLINDRICAL_SURFACE ( 'NONE', #925, 1.100000000000000311 ) ;
#715 = LINE ( 'NONE', #1368, #531 ) ;
#716 = AXIS2_PLACEMENT_3D ( 'NONE', #1075, #376, #267 ) ;
#717 = ADVANCED_FACE ( 'NONE', ( #630 ), #1084, .T. ) ;
#718 = DIRECTION ( 'NONE',  ( 0.000000000000000000, -0.000000000000000000, -1.000000000000000000 ) ) ;
#719 = ORIENTED_EDGE ( 'NONE', *, *, #864, .T. ) ;
#720 = ORIENTED_EDGE ( 'NONE', *, *, #900, .T. ) ;
#721 = CARTESIAN_POINT ( 'NONE',  ( 85.70000000000004547, 0.000000000000000000, 68.93273790530892597 ) ) ;
#722 = CIRCLE ( 'NONE', #606, 2.000000000000000000 ) ;
#723 = VECTOR ( 'NONE', #487, 1000.000000000000000 ) ;
#724 = EDGE_CURVE ( 'NONE', #627, #1124, #1309, .T. ) ;
#725 = CARTESIAN_POINT ( 'NONE',  ( 87.81085606267964749, 0.000000000000000000, 0.000000000000000000 ) ) ;
#726 = ORIENTED_EDGE ( 'NONE', *, *, #389, .F. ) ;
#727 = ORIENTED_EDGE ( 'NONE', *, *, #1342, .F. ) ;
#728 = LINE ( 'NONE', #496, #8 ) ;
#729 = CARTESIAN_POINT ( 'NONE',  ( 56.00000000000002132, 2.000000000000000000, 37.99999999999999289 ) ) ;
#730 = ORIENTED_EDGE ( 'NONE', *, *, #1253, .F. ) ;
#731 = ORIENTED_EDGE ( 'NONE', *, *, #337, .F. ) ;
#732 = EDGE_CURVE ( 'NONE', #218, #152, #344, .T. ) ;
#733 = CARTESIAN_POINT ( 'NONE',  ( 23.00000000000000355, -15.00000000000000000, 4.000000000000000000 ) ) ;
#734 = VERTEX_POINT ( 'NONE', #412 ) ;
#735 = LINE ( 'NONE', #522, #771 ) ;
#736 = EDGE_CURVE ( 'NONE', #863, #167, #415, .T. ) ;
#737 = ORIENTED_EDGE ( 'NONE', *, *, #1308, .F. ) ;
#738 = VECTOR ( 'NONE', #1001, 1000.000000000000000 ) ;
#739 = VECTOR ( 'NONE', #961, 1000.000000000000000 ) ;
#740 = DIRECTION ( 'NONE',  ( 5.782411586589356653E-16, 0.000000000000000000, 1.000000000000000000 ) ) ;
#741 = DIRECTION ( 'NONE',  ( -0.000000000000000000, -1.000000000000000000, 0.000000000000000000 ) ) ;
#742 = AXIS2_PLACEMENT_3D ( 'NONE', #374, #689, #681 ) ;
#743 = FACE_OUTER_BOUND ( 'NONE', #579, .T. ) ;
#744 = ORIENTED_EDGE ( 'NONE', *, *, #1183, .T. ) ;
#745 = ORIENTED_EDGE ( 'NONE', *, *, #186, .F. ) ;
#746 = DIRECTION ( 'NONE',  ( 0.000000000000000000, 1.000000000000000000, -0.000000000000000000 ) ) ;
#747 = DIRECTION ( 'NONE',  ( 0.000000000000000000, 0.000000000000000000, -1.000000000000000000 ) ) ;
#748 = ADVANCED_FACE ( 'NONE', ( #858 ), #758, .T. ) ;
#749 = CARTESIAN_POINT ( 'NONE',  ( 3.000000000000000000, 0.000000000000000000, 2.399999999999999467 ) ) ;
#750 = ORIENTED_EDGE ( 'NONE', *, *, #183, .T. ) ;
#751 = PLANE ( 'NONE',  #394 ) ;
#752 = EDGE_CURVE ( 'NONE', #152, #861, #767, .T. ) ;
#753 = DIRECTION ( 'NONE',  ( 0.000000000000000000, 1.000000000000000000, 0.000000000000000000 ) ) ;
#754 = ORIENTED_EDGE ( 'NONE', *, *, #459, .F. ) ;
#755 = DIRECTION ( 'NONE',  ( 0.000000000000000000, 1.000000000000000000, 0.000000000000000000 ) ) ;
#756 = LINE ( 'NONE', #1177, #59 ) ;
#757 = EDGE_CURVE ( 'NONE', #1070, #985, #605, .T. ) ;
#758 = CYLINDRICAL_SURFACE ( 'NONE', #1382, 1.600000000000004086 ) ;
#759 = CARTESIAN_POINT ( 'NONE',  ( 90.00000000000002842, 2.000000000000000000, 68.00000000000000000 ) ) ;
#760 = ORIENTED_EDGE ( 'NONE', *, *, #1083, .F. ) ;
#761 = CARTESIAN_POINT ( 'NONE',  ( 0.000000000000000000, 2.000000000000000000, 36.00000000000000000 ) ) ;
#762 = ORIENTED_EDGE ( 'NONE', *, *, #501, .F. ) ;
#763 = CARTESIAN_POINT ( 'NONE',  ( 0.000000000000000000, 2.000000000000000000, 38.00000000000000000 ) ) ;
#764 = CARTESIAN_POINT ( 'NONE',  ( 86.00000000000001421, -15.00000000000000000, 66.75100040032033633 ) ) ;
#765 = CIRCLE ( 'NONE', #172, 1.600000000000004086 ) ;
#766 = EDGE_CURVE ( 'NONE', #1417, #1271, #665, .T. ) ;
#767 = LINE ( 'NONE', #1190, #819 ) ;
#768 = CIRCLE ( 'NONE', #1329, 2.000000000000001776 ) ;
#769 = CARTESIAN_POINT ( 'NONE',  ( 87.00000000000002842, -15.00000000000000000, 68.00000000000001421 ) ) ;
#770 = ORIENTED_EDGE ( 'NONE', *, *, #81, .T. ) ;
#771 = VECTOR ( 'NONE', #955, 1000.000000000000000 ) ;
#772 = DIRECTION ( 'NONE',  ( 0.000000000000000000, 1.000000000000000000, 0.000000000000000000 ) ) ;
#773 = VERTEX_POINT ( 'NONE', #698 ) ;
#774 = DIRECTION ( 'NONE',  ( 0.000000000000000000, 0.000000000000000000, 1.000000000000000000 ) ) ;
#775 = CARTESIAN_POINT ( 'NONE',  ( 90.00000000000002842, 2.000000000000000000, 70.00000000000000000 ) ) ;
#776 = UNCERTAINTY_MEASURE_WITH_UNIT (LENGTH_MEASURE( 1.000000000000000082E-05 ), #1377, 'distance_accuracy_value', 'NONE');
#777 = CYLINDRICAL_SURFACE ( 'NONE', #1284, 1.099999999999989875 ) ;
#778 = ORIENTED_EDGE ( 'NONE', *, *, #501, .T. ) ;
#779 = LINE ( 'NONE', #1087, #1160 ) ;
#780 = ORIENTED_EDGE ( 'NONE', *, *, #1019, .T. ) ;
#781 = LINE ( 'NONE', #1298, #699 ) ;
#782 = DIRECTION ( 'NONE',  ( 0.000000000000000000, 1.000000000000000000, 0.000000000000000000 ) ) ;
#783 = ORIENTED_EDGE ( 'NONE', *, *, #644, .F. ) ;
#784 = CARTESIAN_POINT ( 'NONE',  ( 2.000000000000001776, 2.000000000000000000, 38.00000000000000000 ) ) ;
#785 = ORIENTED_EDGE ( 'NONE', *, *, #154, .T. ) ;
#786 = ADVANCED_FACE ( 'NONE', ( #555, #358 ), #707, .F. ) ;
#787 = PERSON_AND_ORGANIZATION ( #178, #1384 ) ;
#788 = VECTOR ( 'NONE', #1246, 1000.000000000000000 ) ;
#789 = CYLINDRICAL_SURFACE ( 'NONE', #1425, 1.099999999999993872 ) ;
#790 = AXIS2_PLACEMENT_3D ( 'NONE', #1049, #275, #48 ) ;
#791 = FACE_OUTER_BOUND ( 'NONE', #443, .T. ) ;
#792 = CARTESIAN_POINT ( 'NONE',  ( 86.00000000000000000, 0.000000000000000000, -0.000000000000000000 ) ) ;
#793 = VERTEX_POINT ( 'NONE', #820 ) ;
#794 = DIRECTION ( 'NONE',  ( 0.000000000000000000, 0.000000000000000000, 1.000000000000000000 ) ) ;
#795 = LINE ( 'NONE', #1289, #1328 ) ;
#796 = CARTESIAN_POINT ( 'NONE',  ( 88.00000000000002842, 0.000000000000000000, 58.00000000000000711 ) ) ;
#797 = EDGE_CURVE ( 'NONE', #84, #669, #1336, .T. ) ;
#798 = DIRECTION ( 'NONE',  ( 0.000000000000000000, 1.000000000000000000, 0.000000000000000000 ) ) ;
#799 = ADVANCED_FACE ( 'NONE', ( #147 ), #714, .F. ) ;
#800 = DIRECTION ( 'NONE',  ( 0.000000000000000000, -1.000000000000000000, 0.000000000000000000 ) ) ;
#801 = VERTEX_POINT ( 'NONE', #1133 ) ;
#802 = DATE_AND_TIME ( #818, #515 ) ;
#803 = EDGE_CURVE ( 'NONE', #861, #974, #909, .T. ) ;
#804 = FACE_OUTER_BOUND ( 'NONE', #226, .T. ) ;
#805 = DIRECTION ( 'NONE',  ( 0.000000000000000000, 0.000000000000000000, 1.000000000000000000 ) ) ;
#806 = FACE_OUTER_BOUND ( 'NONE', #1010, .T. ) ;
#807 = EDGE_LOOP ( 'NONE', ( #1092, #1243, #869, #851 ) ) ;
#808 = LINE ( 'NONE', #247, #447 ) ;
#809 = DATE_AND_TIME ( #1114, #1021 ) ;
#810 = DIRECTION ( 'NONE',  ( 0.000000000000000000, 0.000000000000000000, 1.000000000000000000 ) ) ;
#811 = CARTESIAN_POINT ( 'NONE',  ( 23.00000000000000355, 0.000000000000000000, 6.000000000000000000 ) ) ;
#812 = EDGE_CURVE ( 'NONE', #422, #685, #1403, .T. ) ;
#813 = DIRECTION ( 'NONE',  ( -0.000000000000000000, -1.000000000000000000, 0.000000000000000000 ) ) ;
#814 = LINE ( 'NONE', #478, #109 ) ;
#815 = AXIS2_PLACEMENT_3D ( 'NONE', #934, #712, #1158 ) ;
#816 = ORIENTED_EDGE ( 'NONE', *, *, #766, .T. ) ;
#817 = CARTESIAN_POINT ( 'NONE',  ( 88.00000000000002842, 0.000000000000000000, 60.00000000000001421 ) ) ;
#818 = CALENDAR_DATE ( 2026, 16, 4 ) ;
#819 = VECTOR ( 'NONE', #657, 1000.000000000000000 ) ;
#820 = CARTESIAN_POINT ( 'NONE',  ( 86.00000000000001421, 0.000000000000000000, 69.24899959967970631 ) ) ;
#821 = AXIS2_PLACEMENT_3D ( 'NONE', #1412, #1315, #85 ) ;
#822 = CARTESIAN_POINT ( 'NONE',  ( 90.00000000000000000, 2.000000000000000000, 1.999999999999999112 ) ) ;
#823 = APPROVAL_PERSON_ORGANIZATION ( #26, #1168, #1115 ) ;
#824 = CC_DESIGN_PERSON_AND_ORGANIZATION_ASSIGNMENT ( #592, #1011, ( #1285 ) ) ;
#825 = DIRECTION ( 'NONE',  ( 1.000000000000000000, -0.000000000000000000, 0.000000000000000000 ) ) ;
#826 = DIRECTION ( 'NONE',  ( 5.782411586589356653E-16, 0.000000000000000000, 1.000000000000000000 ) ) ;
#827 = ORIENTED_EDGE ( 'NONE', *, *, #645, .T. ) ;
#828 = CARTESIAN_POINT ( 'NONE',  ( 86.00000000000001421, -15.00000000000000000, 69.24899959967970631 ) ) ;
#829 = DIRECTION ( 'NONE',  ( 1.000000000000000000, -0.000000000000000000, 0.000000000000000000 ) ) ;
#830 = CARTESIAN_POINT ( 'NONE',  ( 86.00000000000001421, -15.00000000000000000, 60.00000000000001421 ) ) ;
#831 = DIRECTION ( 'NONE',  ( 0.000000000000000000, 1.000000000000000000, -0.000000000000000000 ) ) ;
#832 = CARTESIAN_POINT ( 'NONE',  ( 0.000000000000000000, -15.00000000000000000, 0.000000000000000000 ) ) ;
#833 = ORIENTED_EDGE ( 'NONE', *, *, #23, .F. ) ;
#834 = ADVANCED_FACE ( 'NONE', ( #132 ), #260, .F. ) ;
#835 = ORIENTED_EDGE ( 'NONE', *, *, #180, .F. ) ;
#836 = DIRECTION ( 'NONE',  ( 0.000000000000000000, 1.000000000000000000, 0.000000000000000000 ) ) ;
#837 = DIRECTION ( 'NONE',  ( 0.000000000000000000, -1.000000000000000000, 0.000000000000000000 ) ) ;
#838 = ORIENTED_EDGE ( 'NONE', *, *, #848, .F. ) ;
#839 = ORIENTED_EDGE ( 'NONE', *, *, #724, .T. ) ;
#840 = AXIS2_PLACEMENT_3D ( 'NONE', #227, #877, #1004 ) ;
#841 = AXIS2_PLACEMENT_3D ( 'NONE', #1037, #370, #1369 ) ;
#842 = DIRECTION ( 'NONE',  ( 1.000000000000000000, -0.000000000000000000, 0.000000000000000000 ) ) ;
#843 = CARTESIAN_POINT ( 'NONE',  ( 0.000000000000000000, 0.000000000000000000, 0.000000000000000000 ) ) ;
#844 = ORIENTED_EDGE ( 'NONE', *, *, #1083, .T. ) ;
#845 = EDGE_CURVE ( 'NONE', #1255, #854, #598, .T. ) ;
#846 = EDGE_LOOP ( 'NONE', ( #1409, #486, #719, #523 ) ) ;
#847 = CARTESIAN_POINT ( 'NONE',  ( 56.00000000000002132, 2.000000000000000000, 70.00000000000001421 ) ) ;
#848 = EDGE_CURVE ( 'NONE', #152, #416, #1237, .T. ) ;
#849 = PLANE ( 'NONE',  #968 ) ;
#850 = EDGE_LOOP ( 'NONE', ( #552, #1156, #1337, #198 ) ) ;
#851 = ORIENTED_EDGE ( 'NONE', *, *, #946, .T. ) ;
#852 = DIRECTION ( 'NONE',  ( 0.000000000000000000, 0.000000000000000000, -1.000000000000000000 ) ) ;
#853 = EDGE_LOOP ( 'NONE', ( #730, #320, #1218, #1387 ) ) ;
#854 = VERTEX_POINT ( 'NONE', #40 ) ;
#855 = AXIS2_PLACEMENT_3D ( 'NONE', #662, #885, #1182 ) ;
#856 = EDGE_CURVE ( 'NONE', #349, #218, #926, .T. ) ;
#857 = CIRCLE ( 'NONE', #229, 1.099999999999989875 ) ;
#858 = FACE_OUTER_BOUND ( 'NONE', #850, .T. ) ;
#859 = CC_DESIGN_APPROVAL ( #1407, ( #205 ) ) ;
#860 = CARTESIAN_POINT ( 'NONE',  ( 3.000000000000000000, -15.00000000000000000, 1.299999999999999378 ) ) ;
#861 = VERTEX_POINT ( 'NONE', #1250 ) ;
#862 = LINE ( 'NONE', #979, #272 ) ;
#863 = VERTEX_POINT ( 'NONE', #266 ) ;
#864 = EDGE_CURVE ( 'NONE', #696, #410, #285, .T. ) ;
#865 = CYLINDRICAL_SURFACE ( 'NONE', #716, 2.000000000000001776 ) ;
#866 = FACE_OUTER_BOUND ( 'NONE', #402, .T. ) ;
#867 = ORIENTED_EDGE ( 'NONE', *, *, #222, .F. ) ;
#868 = DIRECTION ( 'NONE',  ( 0.000000000000000000, 0.000000000000000000, 1.000000000000000000 ) ) ;
#869 = ORIENTED_EDGE ( 'NONE', *, *, #345, .T. ) ;
#870 = DIRECTION ( 'NONE',  ( 0.000000000000000000, -0.000000000000000000, -1.000000000000000000 ) ) ;
#871 = EDGE_CURVE ( 'NONE', #1365, #542, #1175, .T. ) ;
#872 = DIRECTION ( 'NONE',  ( 0.000000000000000000, 1.000000000000000000, 0.000000000000000000 ) ) ;
#873 = CARTESIAN_POINT ( 'NONE',  ( 54.00000000000002132, 2.000000000000000000, 39.99999999999999289 ) ) ;
#874 = ORIENTED_EDGE ( 'NONE', *, *, #1148, .F. ) ;
#875 = CARTESIAN_POINT ( 'NONE',  ( 86.00000000000001421, -15.00000000000000000, 66.75100040032033633 ) ) ;
#876 = ORIENTED_EDGE ( 'NONE', *, *, #797, .F. ) ;
#877 = DIRECTION ( 'NONE',  ( -1.000000000000000000, 0.000000000000000000, 3.965082230804130220E-16 ) ) ;
#878 = VECTOR ( 'NONE', #492, 1000.000000000000000 ) ;
#879 = CIRCLE ( 'NONE', #1187, 2.000000000000001776 ) ;
#880 = AXIS2_PLACEMENT_3D ( 'NONE', #525, #959, #312 ) ;
#881 = CARTESIAN_POINT ( 'NONE',  ( 88.00000000000000000, 0.000000000000000000, 25.00000000000000000 ) ) ;
#882 = AXIS2_PLACEMENT_3D ( 'NONE', #452, #1304, #545 ) ;
#883 = ORIENTED_EDGE ( 'NONE', *, *, #1326, .F. ) ;
#884 = AXIS2_PLACEMENT_3D ( 'NONE', #1082, #546, #1428 ) ;
#885 = DIRECTION ( 'NONE',  ( -0.000000000000000000, -1.000000000000000000, 0.000000000000000000 ) ) ;
#886 = EDGE_LOOP ( 'NONE', ( #517, #246, #521, #1174 ) ) ;
#887 = ORIENTED_EDGE ( 'NONE', *, *, #123, .T. ) ;
#888 = CARTESIAN_POINT ( 'NONE',  ( 1.999999999999999112, 2.000000000000000000, 0.000000000000000000 ) ) ;
#889 = EDGE_CURVE ( 'NONE', #943, #916, #655, .T. ) ;
#890 = DIRECTION ( 'NONE',  ( -1.000000000000000000, 0.000000000000000000, 0.000000000000000000 ) ) ;
#891 = ORIENTED_EDGE ( 'NONE', *, *, #803, .F. ) ;
#892 = DIRECTION ( 'NONE',  ( -0.000000000000000000, -0.000000000000000000, 1.000000000000000000 ) ) ;
#893 = ORIENTED_EDGE ( 'NONE', *, *, #417, .T. ) ;
#894 = AXIS2_PLACEMENT_3D ( 'NONE', #56, #280, #481 ) ;
#895 = CARTESIAN_POINT ( 'NONE',  ( 86.00000000000001421, -15.00000000000000000, 69.24899959967970631 ) ) ;
#896 = CARTESIAN_POINT ( 'NONE',  ( 3.999999999999996447, 2.000000000000000000, 36.00000000000000000 ) ) ;
#897 = ORIENTED_EDGE ( 'NONE', *, *, #353, .F. ) ;
#898 = LINE ( 'NONE', #446, #945 ) ;
#899 = COORDINATED_UNIVERSAL_TIME_OFFSET ( 5, 0, .BEHIND. ) ;
#900 = EDGE_CURVE ( 'NONE', #619, #1341, #106, .T. ) ;
#901 = ADVANCED_FACE ( 'NONE', ( #1427 ), #1204, .F. ) ;
#902 = DIRECTION ( 'NONE',  ( 0.000000000000000000, 0.000000000000000000, 1.000000000000000000 ) ) ;
#903 = VECTOR ( 'NONE', #939, 1000.000000000000000 ) ;
#904 = VECTOR ( 'NONE', #537, 1000.000000000000000 ) ;
#905 = LINE ( 'NONE', #792, #1072 ) ;
#906 = ORIENTED_EDGE ( 'NONE', *, *, #386, .T. ) ;
#907 = DATE_AND_TIME ( #241, #1359 ) ;
#908 = AXIS2_PLACEMENT_3D ( 'NONE', #683, #19, #472 ) ;
#909 = LINE ( 'NONE', #31, #607 ) ;
#910 = EDGE_CURVE ( 'NONE', #612, #218, #1104, .T. ) ;
#911 = PLANE ( 'NONE',  #1051 ) ;
#912 = DIRECTION ( 'NONE',  ( -1.000000000000000000, -0.000000000000000000, -0.000000000000000000 ) ) ;
#913 = ORIENTED_EDGE ( 'NONE', *, *, #33, .F. ) ;
#914 = DATE_TIME_ROLE ( 'classification_date' ) ;
#915 = PRODUCT_DEFINITION ( 'UNKNOWN', '', #205, #214 ) ;
#916 = VERTEX_POINT ( 'NONE', #321 ) ;
#917 = LINE ( 'NONE', #348, #440 ) ;
#918 = ORIENTED_EDGE ( 'NONE', *, *, #1041, .F. ) ;
#919 = APPROVAL_STATUS ( 'not_yet_approved' ) ;
#920 = CARTESIAN_POINT ( 'NONE',  ( 58.00000000000002132, 2.000000000000000000, 68.00000000000001421 ) ) ;
#921 = AXIS2_PLACEMENT_3D ( 'NONE', #405, #741, #526 ) ;
#922 = PLANE ( 'NONE',  #343 ) ;
#923 = AXIS2_PLACEMENT_3D ( 'NONE', #573, #127, #577 ) ;
#924 = ORIENTED_EDGE ( 'NONE', *, *, #864, .F. ) ;
#925 = AXIS2_PLACEMENT_3D ( 'NONE', #1036, #100, #467 ) ;
#926 = LINE ( 'NONE', #1360, #86 ) ;
#927 = LINE ( 'NONE', #1135, #878 ) ;
#928 = EDGE_CURVE ( 'NONE', #1103, #1265, #392, .T. ) ;
#929 = FACE_OUTER_BOUND ( 'NONE', #297, .T. ) ;
#930 = ORIENTED_EDGE ( 'NONE', *, *, #1046, .T. ) ;
#931 = LINE ( 'NONE', #54, #66 ) ;
#932 = CARTESIAN_POINT ( 'NONE',  ( 90.00000000000000000, 2.000000000000000000, 0.000000000000000000 ) ) ;
#933 = CARTESIAN_POINT ( 'NONE',  ( 56.00000000000002132, 2.000000000000000000, 68.00000000000001421 ) ) ;
#934 = CARTESIAN_POINT ( 'NONE',  ( 87.56204993518133506, -15.00000000000000000, 68.00000000000000000 ) ) ;
#935 = ORIENTED_EDGE ( 'NONE', *, *, #644, .T. ) ;
#936 = ORIENTED_EDGE ( 'NONE', *, *, #972, .T. ) ;
#937 = ADVANCED_FACE ( 'NONE', ( #94 ), #1071, .T. ) ;
#938 = CARTESIAN_POINT ( 'NONE',  ( 3.000000000000000000, 0.000000000000000000, 3.499999999999999556 ) ) ;
#939 = DIRECTION ( 'NONE',  ( 0.000000000000000000, 0.000000000000000000, -1.000000000000000000 ) ) ;
#940 = ORIENTED_EDGE ( 'NONE', *, *, #900, .F. ) ;
#941 = CIRCLE ( 'NONE', #509, 2.000000000000000000 ) ;
#942 = AXIS2_PLACEMENT_3D ( 'NONE', #463, #800, #360 ) ;
#943 = VERTEX_POINT ( 'NONE', #6 ) ;
#944 = CIRCLE ( 'NONE', #561, 2.000000000000001776 ) ;
#945 = VECTOR ( 'NONE', #872, 1000.000000000000000 ) ;
#946 = EDGE_CURVE ( 'NONE', #734, #1099, #135, .T. ) ;
#947 = VECTOR ( 'NONE', #798, 1000.000000000000000 ) ;
#948 = DIRECTION ( 'NONE',  ( 1.000000000000000000, -0.000000000000000000, 1.369518533665900312E-16 ) ) ;
#949 = ORIENTED_EDGE ( 'NONE', *, *, #724, .F. ) ;
#950 = ORIENTED_EDGE ( 'NONE', *, *, #1242, .T. ) ;
#951 = EDGE_CURVE ( 'NONE', #158, #863, #310, .T. ) ;
#952 = CARTESIAN_POINT ( 'NONE',  ( 6.000000000000004441, -15.00000000000000000, 6.000000000000000000 ) ) ;
#953 = LINE ( 'NONE', #69, #1054 ) ;
#954 = ORIENTED_EDGE ( 'NONE', *, *, #399, .T. ) ;
#955 = DIRECTION ( 'NONE',  ( -3.965082230804130220E-16, -0.000000000000000000, -1.000000000000000000 ) ) ;
#956 = EDGE_CURVE ( 'NONE', #597, #325, #624, .T. ) ;
#957 = ORIENTED_EDGE ( 'NONE', *, *, #1176, .T. ) ;
#958 = CC_DESIGN_DATE_AND_TIME_ASSIGNMENT ( #907, #914, ( #1285 ) ) ;
#959 = DIRECTION ( 'NONE',  ( 0.000000000000000000, -1.000000000000000000, 0.000000000000000000 ) ) ;
#960 = CARTESIAN_POINT ( 'NONE',  ( 86.00000000000001421, 0.000000000000000000, 66.75100040032033633 ) ) ;
#961 = DIRECTION ( 'NONE',  ( -0.000000000000000000, 1.000000000000000000, -0.000000000000000000 ) ) ;
#962 = ORIENTED_EDGE ( 'NONE', *, *, #16, .T. ) ;
#963 = ADVANCED_FACE ( 'NONE', ( #1420 ), #570, .F. ) ;
#964 = FACE_OUTER_BOUND ( 'NONE', #342, .T. ) ;
#965 = ORIENTED_EDGE ( 'NONE', *, *, #732, .F. ) ;
#966 = APPLICATION_CONTEXT ( 'configuration controlled 3d designs of mechanical parts and assemblies' ) ;
#967 = AXIS2_PLACEMENT_3D ( 'NONE', #173, #1149, #288 ) ;
#968 = AXIS2_PLACEMENT_3D ( 'NONE', #843, #837, #718 ) ;
#969 = DIRECTION ( 'NONE',  ( 0.000000000000000000, 0.000000000000000000, -1.000000000000000000 ) ) ;
#970 = CARTESIAN_POINT ( 'NONE',  ( 87.00000000000002842, -15.00000000000000000, 3.499999999999993339 ) ) ;
#971 = ORIENTED_EDGE ( 'NONE', *, *, #845, .T. ) ;
#972 = EDGE_CURVE ( 'NONE', #1145, #663, #445, .T. ) ;
#973 = CARTESIAN_POINT ( 'NONE',  ( 87.00000000000002842, 0.000000000000000000, 68.00000000000001421 ) ) ;
#974 = VERTEX_POINT ( 'NONE', #664 ) ;
#975 = DIRECTION ( 'NONE',  ( -0.000000000000000000, 1.000000000000000000, -0.000000000000000000 ) ) ;
#976 = LINE ( 'NONE', #421, #697 ) ;
#977 = ORIENTED_EDGE ( 'NONE', *, *, #603, .F. ) ;
#978 = CARTESIAN_POINT ( 'NONE',  ( 87.00000000000002842, 0.000000000000000000, 3.499999999999993339 ) ) ;
#979 = CARTESIAN_POINT ( 'NONE',  ( 86.00000000000000000, -15.00000000000000000, 1.151000400320335793 ) ) ;
#980 = ORIENTED_EDGE ( 'NONE', *, *, #1268, .T. ) ;
#981 = EDGE_CURVE ( 'NONE', #1057, #663, #329, .T. ) ;
#982 = DIRECTION ( 'NONE',  ( 0.000000000000000000, 1.000000000000000000, 0.000000000000000000 ) ) ;
#983 = ORIENTED_EDGE ( 'NONE', *, *, #1105, .T. ) ;
#984 = CARTESIAN_POINT ( 'NONE',  ( 87.00000000000002842, 0.000000000000000000, 2.399999999999999467 ) ) ;
#985 = VERTEX_POINT ( 'NONE', #444 ) ;
#986 = VECTOR ( 'NONE', #262, 1000.000000000000000 ) ;
#987 = EDGE_CURVE ( 'NONE', #612, #1395, #781, .T. ) ;
#988 = AXIS2_PLACEMENT_3D ( 'NONE', #189, #640, #1195 ) ;
#989 = AXIS2_PLACEMENT_3D ( 'NONE', #873, #1300, #852 ) ;
#990 = PLANE ( 'NONE',  #43 ) ;
#991 = AXIS2_PLACEMENT_3D ( 'NONE', #219, #117, #870 ) ;
#992 = ORIENTED_EDGE ( 'NONE', *, *, #506, .F. ) ;
#993 = DIRECTION ( 'NONE',  ( 0.000000000000000000, 1.000000000000000000, -0.000000000000000000 ) ) ;
#994 = CARTESIAN_POINT ( 'NONE',  ( 85.70000000000004547, -15.00000000000000000, 67.06726209469111666 ) ) ;
#995 = ORIENTED_EDGE ( 'NONE', *, *, #477, .F. ) ;
#996 = CARTESIAN_POINT ( 'NONE',  ( 90.00000000000002842, 0.000000000000000000, 70.00000000000000000 ) ) ;
#997 = LINE ( 'NONE', #1222, #196 ) ;
#998 = ORIENTED_EDGE ( 'NONE', *, *, #168, .T. ) ;
#999 = CARTESIAN_POINT ( 'NONE',  ( 87.00000000000002842, -15.00000000000000000, 68.00000000000001421 ) ) ;
#1000 = DIRECTION ( 'NONE',  ( 0.000000000000000000, 0.000000000000000000, -1.000000000000000000 ) ) ;
#1001 = DIRECTION ( 'NONE',  ( 0.000000000000000000, -1.000000000000000000, 0.000000000000000000 ) ) ;
#1002 = FACE_OUTER_BOUND ( 'NONE', #1151, .T. ) ;
#1003 = ORIENTED_EDGE ( 'NONE', *, *, #951, .F. ) ;
#1004 = DIRECTION ( 'NONE',  ( 3.965082230804130220E-16, 0.000000000000000000, 1.000000000000000000 ) ) ;
#1005 = APPROVAL_ROLE ( '' ) ;
#1006 = ADVANCED_FACE ( 'NONE', ( #1186 ), #565, .F. ) ;
#1007 = CARTESIAN_POINT ( 'NONE',  ( 87.00000000000002842, -15.00000000000000000, 2.399999999999999467 ) ) ;
#1008 = FACE_OUTER_BOUND ( 'NONE', #96, .T. ) ;
#1009 = EDGE_CURVE ( 'NONE', #1357, #144, #1162, .T. ) ;
#1010 = EDGE_LOOP ( 'NONE', ( #971, #998, #1080, #569 ) ) ;
#1011 = PERSON_AND_ORGANIZATION_ROLE ( 'classification_officer' ) ;
#1012 = CIRCLE ( 'NONE', #1184, 1.099999999999989875 ) ;
#1013 = VERTEX_POINT ( 'NONE', #686 ) ;
#1014 = CIRCLE ( 'NONE', #988, 2.000000000000001776 ) ;
#1015 = VECTOR ( 'NONE', #1089, 1000.000000000000000 ) ;
#1016 = FACE_OUTER_BOUND ( 'NONE', #356, .T. ) ;
#1017 = CARTESIAN_POINT ( 'NONE',  ( 87.99999999999997158, 2.000000000000000000, 0.000000000000000000 ) ) ;
#1018 = ORIENTED_EDGE ( 'NONE', *, *, #1308, .T. ) ;
#1019 = EDGE_CURVE ( 'NONE', #1280, #1145, #64, .T. ) ;
#1020 = SHAPE_DEFINITION_REPRESENTATION ( #110, #1353 ) ;
#1021 = LOCAL_TIME ( 23, 33, 58.00000000000000000, #899 ) ;
#1022 = CYLINDRICAL_SURFACE ( 'NONE', #313, 2.000000000000001776 ) ;
#1023 = DIRECTION ( 'NONE',  ( 0.000000000000000000, 0.000000000000000000, 1.000000000000000000 ) ) ;
#1024 = VERTEX_POINT ( 'NONE', #828 ) ;
#1025 = COORDINATED_UNIVERSAL_TIME_OFFSET ( 5, 0, .BEHIND. ) ;
#1026 = CYLINDRICAL_SURFACE ( 'NONE', #268, 2.000000000000001776 ) ;
#1027 = EDGE_LOOP ( 'NONE', ( #762, #1056, #257, #505 ) ) ;
#1028 = CARTESIAN_POINT ( 'NONE',  ( 87.00000000000002842, -15.00000000000000000, 2.399999999999999467 ) ) ;
#1029 = ORIENTED_EDGE ( 'NONE', *, *, #122, .T. ) ;
#1030 = CARTESIAN_POINT ( 'NONE',  ( 54.00000000000002132, 2.000000000000000000, 39.99999999999999289 ) ) ;
#1031 = CARTESIAN_POINT ( 'NONE',  ( 87.56204993518133506, 2.000000000000000000, 70.00000000000000000 ) ) ;
#1032 = LINE ( 'NONE', #832, #903 ) ;
#1033 = AXIS2_PLACEMENT_3D ( 'NONE', #1028, #473, #1347 ) ;
#1034 = EDGE_LOOP ( 'NONE', ( #891, #1137, #778, #507, #574, #983, #279, #93, #516, #223 ) ) ;
#1035 = CARTESIAN_POINT ( 'NONE',  ( 87.81085606267967592, -15.00000000000000000, 2.000000000000000000 ) ) ;
#1036 = CARTESIAN_POINT ( 'NONE',  ( 3.000000000000000000, -15.00000000000000000, 2.399999999999999467 ) ) ;
#1037 = CARTESIAN_POINT ( 'NONE',  ( 88.00000000000001421, -15.00000000000000000, 23.00000000000000000 ) ) ;
#1038 = CARTESIAN_POINT ( 'NONE',  ( 85.70000000000004547, 0.000000000000000000, -0.000000000000000000 ) ) ;
#1039 = ORIENTED_EDGE ( 'NONE', *, *, #384, .F. ) ;
#1040 = ORIENTED_EDGE ( 'NONE', *, *, #1405, .F. ) ;
#1041 = EDGE_CURVE ( 'NONE', #705, #1131, #898, .T. ) ;
#1042 = DIRECTION ( 'NONE',  ( -3.965082230804130220E-16, -0.000000000000000000, -1.000000000000000000 ) ) ;
#1043 = DATE_AND_TIME ( #148, #1163 ) ;
#1044 = CARTESIAN_POINT ( 'NONE',  ( 6.000000000000005329, -15.00000000000000000, 8.217111201995409759E-16 ) ) ;
#1045 = EDGE_LOOP ( 'NONE', ( #283, #1432, #5, #1141 ) ) ;
#1046 = EDGE_CURVE ( 'NONE', #1050, #1013, #1354, .T. ) ;
#1047 = ORIENTED_EDGE ( 'NONE', *, *, #194, .F. ) ;
#1048 = CARTESIAN_POINT ( 'NONE',  ( 88.00000000000002842, 2.000000000000000000, 68.00000000000000000 ) ) ;
#1049 = CARTESIAN_POINT ( 'NONE',  ( 87.00000000000002842, -15.00000000000000000, 68.00000000000001421 ) ) ;
#1050 = VERTEX_POINT ( 'NONE', #250 ) ;
#1051 = AXIS2_PLACEMENT_3D ( 'NONE', #35, #825, #243 ) ;
#1052 = ADVANCED_FACE ( 'NONE', ( #1002 ), #503, .F. ) ;
#1053 = ORIENTED_EDGE ( 'NONE', *, *, #946, .F. ) ;
#1054 = VECTOR ( 'NONE', #826, 1000.000000000000000 ) ;
#1055 = DIRECTION ( 'NONE',  ( 1.734723475976807094E-15, 0.000000000000000000, 1.000000000000000000 ) ) ;
#1056 = ORIENTED_EDGE ( 'NONE', *, *, #856, .T. ) ;
#1057 = VERTEX_POINT ( 'NONE', #960 ) ;
#1058 = CARTESIAN_POINT ( 'NONE',  ( 90.00000000000001421, 0.000000000000000000, 23.00000000000000000 ) ) ;
#1059 = ORIENTED_EDGE ( 'NONE', *, *, #1292, .F. ) ;
#1060 = DIRECTION ( 'NONE',  ( 0.000000000000000000, 0.000000000000000000, -1.000000000000000000 ) ) ;
#1061 = EDGE_LOOP ( 'NONE', ( #816, #750, #838, #116, #388, #550 ) ) ;
#1062 = LINE ( 'NONE', #775, #1305 ) ;
#1063 = DIRECTION ( 'NONE',  ( 1.000000000000000000, 0.000000000000000000, 0.000000000000000000 ) ) ;
#1064 = ADVANCED_FACE ( 'NONE', ( #400 ), #519, .F. ) ;
#1065 = DIRECTION ( 'NONE',  ( -0.000000000000000000, -1.000000000000000000, -0.000000000000000000 ) ) ;
#1066 = DIRECTION ( 'NONE',  ( -0.000000000000000000, 1.000000000000000000, -0.000000000000000000 ) ) ;
#1067 = ORIENTED_EDGE ( 'NONE', *, *, #1142, .T. ) ;
#1068 = FACE_OUTER_BOUND ( 'NONE', #628, .T. ) ;
#1069 = LINE ( 'NONE', #450, #1429 ) ;
#1070 = VERTEX_POINT ( 'NONE', #952 ) ;
#1071 = PLANE ( 'NONE',  #991 ) ;
#1072 = VECTOR ( 'NONE', #1023, 1000.000000000000000 ) ;
#1073 = EDGE_CURVE ( 'NONE', #572, #1280, #1397, .T. ) ;
#1074 = AXIS2_PLACEMENT_3D ( 'NONE', #1245, #46, #352 ) ;
#1075 = CARTESIAN_POINT ( 'NONE',  ( 88.00000000000002842, 2.000000000000000000, 60.00000000000001421 ) ) ;
#1076 = VECTOR ( 'NONE', #842, 1000.000000000000000 ) ;
#1077 = DIRECTION ( 'NONE',  ( -1.000000000000000000, -0.000000000000000000, -0.000000000000000000 ) ) ;
#1078 = VERTEX_POINT ( 'NONE', #1169 ) ;
#1079 = DIRECTION ( 'NONE',  ( -0.000000000000000000, 1.000000000000000000, -0.000000000000000000 ) ) ;
#1080 = ORIENTED_EDGE ( 'NONE', *, *, #278, .F. ) ;
#1081 = DIRECTION ( 'NONE',  ( -0.000000000000000000, 1.000000000000000000, -0.000000000000000000 ) ) ;
#1082 = CARTESIAN_POINT ( 'NONE',  ( 87.00000000000002842, -15.00000000000000000, 68.00000000000001421 ) ) ;
#1083 = EDGE_CURVE ( 'NONE', #300, #1399, #124, .T. ) ;
#1084 = CYLINDRICAL_SURFACE ( 'NONE', #880, 2.000000000000001776 ) ;
#1085 = CARTESIAN_POINT ( 'NONE',  ( 87.81085606267967592, -15.00000000000000000, 2.000000000000000000 ) ) ;
#1086 = ORIENTED_EDGE ( 'NONE', *, *, #319, .F. ) ;
#1087 = CARTESIAN_POINT ( 'NONE',  ( 54.00000000000002132, 2.000000000000000000, 37.99999999999999289 ) ) ;
#1088 = ORIENTED_EDGE ( 'NONE', *, *, #237, .T. ) ;
#1089 = DIRECTION ( 'NONE',  ( -0.000000000000000000, -0.000000000000000000, 1.000000000000000000 ) ) ;
#1090 = EDGE_CURVE ( 'NONE', #270, #188, #575, .T. ) ;
#1091 = CARTESIAN_POINT ( 'NONE',  ( 56.00000000000002132, 0.000000000000000000, 39.99999999999999289 ) ) ;
#1092 = ORIENTED_EDGE ( 'NONE', *, *, #1153, .F. ) ;
#1093 = CARTESIAN_POINT ( 'NONE',  ( 58.00000000000002132, 2.000000000000000000, 70.00000000000001421 ) ) ;
#1094 = ORIENTED_EDGE ( 'NONE', *, *, #538, .F. ) ;
#1095 = DIRECTION ( 'NONE',  ( 0.000000000000000000, 0.000000000000000000, -1.000000000000000000 ) ) ;
#1096 = COORDINATED_UNIVERSAL_TIME_OFFSET ( 5, 0, .BEHIND. ) ;
#1097 = VECTOR ( 'NONE', #684, 1000.000000000000000 ) ;
#1098 = VECTOR ( 'NONE', #362, 1000.000000000000000 ) ;
#1099 = VERTEX_POINT ( 'NONE', #469 ) ;
#1100 = EDGE_CURVE ( 'NONE', #773, #294, #431, .T. ) ;
#1101 = EDGE_CURVE ( 'NONE', #1341, #669, #1277, .T. ) ;
#1102 = LINE ( 'NONE', #568, #738 ) ;
#1103 = VERTEX_POINT ( 'NONE', #811 ) ;
#1104 = LINE ( 'NONE', #763, #1015 ) ;
#1105 = EDGE_CURVE ( 'NONE', #528, #9, #252, .T. ) ;
#1106 = ORIENTED_EDGE ( 'NONE', *, *, #16, .F. ) ;
#1107 = CARTESIAN_POINT ( 'NONE',  ( 88.00000000000000000, -15.00000000000000178, 2.000000000000000000 ) ) ;
#1108 = EDGE_LOOP ( 'NONE', ( #235, #381, #387, #760 ) ) ;
#1109 = APPROVAL_DATE_TIME ( #30, #540 ) ;
#1110 = ADVANCED_FACE ( 'NONE', ( #420 ), #865, .T. ) ;
#1111 = FACE_OUTER_BOUND ( 'NONE', #1288, .T. ) ;
#1112 = LINE ( 'NONE', #704, #1400 ) ;
#1113 = ORIENTED_EDGE ( 'NONE', *, *, #338, .F. ) ;
#1114 = CALENDAR_DATE ( 2026, 16, 4 ) ;
#1115 = APPROVAL_ROLE ( '' ) ;
#1116 = DIRECTION ( 'NONE',  ( 0.000000000000000000, 1.000000000000000000, -0.000000000000000000 ) ) ;
#1117 = CARTESIAN_POINT ( 'NONE',  ( 88.00000000000000000, 2.000000000000000000, 2.000000000000000000 ) ) ;
#1118 = VECTOR ( 'NONE', #674, 1000.000000000000000 ) ;
#1119 = DIRECTION ( 'NONE',  ( 0.000000000000000000, 1.000000000000000000, -0.000000000000000000 ) ) ;
#1120 = LINE ( 'NONE', #796, #470 ) ;
#1121 = VECTOR ( 'NONE', #1065, 1000.000000000000000 ) ;
#1122 = VECTOR ( 'NONE', #406, 1000.000000000000000 ) ;
#1123 = CARTESIAN_POINT ( 'NONE',  ( 0.000000000000000000, -15.00000000000000000, 36.00000000000000000 ) ) ;
#1124 = VERTEX_POINT ( 'NONE', #363 ) ;
#1125 = PERSON_AND_ORGANIZATION_ROLE ( 'creator' ) ;
#1126 = CC_DESIGN_APPROVAL ( #1168, ( #915 ) ) ;
#1127 = DIRECTION ( 'NONE',  ( 5.782411586589356653E-16, 0.000000000000000000, 1.000000000000000000 ) ) ;
#1128 = EDGE_CURVE ( 'NONE', #55, #773, #153, .T. ) ;
#1129 = ORIENTED_EDGE ( 'NONE', *, *, #122, .F. ) ;
#1130 = CARTESIAN_POINT ( 'NONE',  ( 58.00000000000002132, 2.000000000000000000, 68.00000000000001421 ) ) ;
#1131 = VERTEX_POINT ( 'NONE', #160 ) ;
#1132 = APPROVAL_ROLE ( '' ) ;
#1133 = CARTESIAN_POINT ( 'NONE',  ( 88.00000000000000000, -15.00000000000000000, 2.449293598294716275E-16 ) ) ;
#1134 = ADVANCED_FACE ( 'NONE', ( #170 ), #1026, .T. ) ;
#1135 = CARTESIAN_POINT ( 'NONE',  ( 58.00000000000002132, 2.000000000000000000, 70.00000000000001421 ) ) ;
#1136 = CARTESIAN_POINT ( 'NONE',  ( 87.00000000000002842, -15.00000000000000000, 2.399999999999999467 ) ) ;
#1137 = ORIENTED_EDGE ( 'NONE', *, *, #506, .T. ) ;
#1138 = CARTESIAN_POINT ( 'NONE',  ( 58.00000000000002132, 0.000000000000000000, 68.00000000000001421 ) ) ;
#1139 = PLANE ( 'NONE',  #623 ) ;
#1140 = AXIS2_PLACEMENT_3D ( 'NONE', #379, #504, #615 ) ;
#1141 = ORIENTED_EDGE ( 'NONE', *, *, #168, .F. ) ;
#1142 = EDGE_CURVE ( 'NONE', #1357, #1255, #1372, .T. ) ;
#1143 = VECTOR ( 'NONE', #810, 1000.000000000000000 ) ;
#1144 = EDGE_CURVE ( 'NONE', #1255, #544, #728, .T. ) ;
#1145 = VERTEX_POINT ( 'NONE', #508 ) ;
#1146 = AXIS2_PLACEMENT_3D ( 'NONE', #999, #993, #660 ) ;
#1147 = CC_DESIGN_PERSON_AND_ORGANIZATION_ASSIGNMENT ( #142, #248, ( #205 ) ) ;
#1148 = EDGE_CURVE ( 'NONE', #1380, #685, #708, .T. ) ;
#1149 = DIRECTION ( 'NONE',  ( -0.000000000000000000, -1.000000000000000000, 0.000000000000000000 ) ) ;
#1150 = EDGE_LOOP ( 'NONE', ( #1199, #146, #295, #567 ) ) ;
#1151 = EDGE_LOOP ( 'NONE', ( #980, #380, #1185, #361, #1383, #536, #667, #439 ) ) ;
#1152 = APPROVAL_DATE_TIME ( #1043, #1168 ) ;
#1153 = EDGE_CURVE ( 'NONE', #597, #1099, #715, .T. ) ;
#1154 = DIRECTION ( 'NONE',  ( -1.239088197126290324E-16, 0.000000000000000000, -1.000000000000000000 ) ) ;
#1155 = ORIENTED_EDGE ( 'NONE', *, *, #233, .F. ) ;
#1156 = ORIENTED_EDGE ( 'NONE', *, *, #1200, .F. ) ;
#1157 = DIRECTION ( 'NONE',  ( -0.000000000000000000, 1.000000000000000000, -0.000000000000000000 ) ) ;
#1158 = DIRECTION ( 'NONE',  ( 0.000000000000000000, 0.000000000000000000, 1.000000000000000000 ) ) ;
#1159 = EDGE_LOOP ( 'NONE', ( #1303, #49, #883, #500, #995, #713, #38, #162, #1059, #65 ) ) ;
#1160 = VECTOR ( 'NONE', #97, 1000.000000000000000 ) ;
#1161 = VERTEX_POINT ( 'NONE', #1257 ) ;
#1162 = CIRCLE ( 'NONE', #566, 2.000000000000000000 ) ;
#1163 = LOCAL_TIME ( 23, 33, 58.00000000000000000, #1096 ) ;
#1164 = FACE_OUTER_BOUND ( 'NONE', #1206, .T. ) ;
#1165 = ORIENTED_EDGE ( 'NONE', *, *, #498, .F. ) ;
#1166 = ORIENTED_EDGE ( 'NONE', *, *, #845, .F. ) ;
#1167 = CARTESIAN_POINT ( 'NONE',  ( 56.00000000000002132, 0.000000000000000000, 70.00000000000001421 ) ) ;
#1168 = APPROVAL ( #34, 'UNSPECIFIED' ) ;
#1169 = CARTESIAN_POINT ( 'NONE',  ( 87.56204993518133506, -15.00000000000000000, 70.00000000000000000 ) ) ;
#1170 = LINE ( 'NONE', #759, #490 ) ;
#1171 = VERTEX_POINT ( 'NONE', #721 ) ;
#1172 = DIRECTION ( 'NONE',  ( -1.000000000000000000, 0.000000000000000000, 4.081702296416016490E-16 ) ) ;
#1173 = CARTESIAN_POINT ( 'NONE',  ( 86.00000000000000000, 0.000000000000000000, 23.00000000000000000 ) ) ;
#1174 = ORIENTED_EDGE ( 'NONE', *, *, #524, .F. ) ;
#1175 = LINE ( 'NONE', #996, #904 ) ;
#1176 = EDGE_CURVE ( 'NONE', #84, #619, #560, .T. ) ;
#1177 = CARTESIAN_POINT ( 'NONE',  ( 0.000000000000000000, 0.000000000000000000, 6.000000000000000000 ) ) ;
#1178 = DIRECTION ( 'NONE',  ( -0.000000000000000000, 1.000000000000000000, -0.000000000000000000 ) ) ;
#1179 = FACE_OUTER_BOUND ( 'NONE', #617, .T. ) ;
#1180 = ORIENTED_EDGE ( 'NONE', *, *, #1183, .F. ) ;
#1181 = CYLINDRICAL_SURFACE ( 'NONE', #1244, 2.000000000000001776 ) ;
#1182 = DIRECTION ( 'NONE',  ( 0.000000000000000000, 0.000000000000000000, -1.000000000000000000 ) ) ;
#1183 = EDGE_CURVE ( 'NONE', #208, #1050, #1062, .T. ) ;
#1184 = AXIS2_PLACEMENT_3D ( 'NONE', #671, #1119, #136 ) ;
#1185 = ORIENTED_EDGE ( 'NONE', *, *, #337, .T. ) ;
#1186 = FACE_OUTER_BOUND ( 'NONE', #1027, .T. ) ;
#1187 = AXIS2_PLACEMENT_3D ( 'NONE', #217, #1079, #83 ) ;
#1188 = AXIS2_PLACEMENT_3D ( 'NONE', #1107, #120, #4 ) ;
#1189 = AXIS2_PLACEMENT_3D ( 'NONE', #79, #1198, #292 ) ;
#1190 = CARTESIAN_POINT ( 'NONE',  ( 2.000000000000001776, 2.000000000000000000, 38.00000000000000000 ) ) ;
#1191 = CIRCLE ( 'NONE', #1146, 1.600000000000004086 ) ;
#1192 = CARTESIAN_POINT ( 'NONE',  ( 54.00000000000002132, 0.000000000000000000, 39.99999999999999289 ) ) ;
#1193 = ORIENTED_EDGE ( 'NONE', *, *, #757, .T. ) ;
#1194 = EDGE_CURVE ( 'NONE', #74, #1103, #756, .T. ) ;
#1195 = DIRECTION ( 'NONE',  ( 0.000000000000000000, 0.000000000000000000, -1.000000000000000000 ) ) ;
#1196 = ORIENTED_EDGE ( 'NONE', *, *, #651, .F. ) ;
#1197 = CARTESIAN_POINT ( 'NONE',  ( 87.00000000000002842, 0.000000000000000000, 68.00000000000001421 ) ) ;
#1198 = DIRECTION ( 'NONE',  ( -0.000000000000000000, -1.000000000000000000, 0.000000000000000000 ) ) ;
#1199 = ORIENTED_EDGE ( 'NONE', *, *, #399, .F. ) ;
#1200 = EDGE_CURVE ( 'NONE', #158, #1057, #311, .T. ) ;
#1201 = PRODUCT ( 'Perfboard Sawing Fixture', 'Perfboard Sawing Fixture', '', ( #72 ) ) ;
#1202 = CYLINDRICAL_SURFACE ( 'NONE', #855, 2.000000000000000000 ) ;
#1203 = ORIENTED_EDGE ( 'NONE', *, *, #186, .T. ) ;
#1204 = PLANE ( 'NONE',  #840 ) ;
#1205 = ADVANCED_FACE ( 'NONE', ( #221, #670 ), #108, .F. ) ;
#1206 = EDGE_LOOP ( 'NONE', ( #1290, #530, #680, #45 ) ) ;
#1207 = DIRECTION ( 'NONE',  ( 0.000000000000000000, -1.000000000000000000, 0.000000000000000000 ) ) ;
#1208 = EDGE_LOOP ( 'NONE', ( #1053, #315 ) ) ;
#1209 = CARTESIAN_POINT ( 'NONE',  ( 85.70000000000004547, -15.00000000000000000, -0.000000000000000000 ) ) ;
#1210 = SECURITY_CLASSIFICATION_LEVEL ( 'unclassified' ) ;
#1211 = AXIS2_PLACEMENT_3D ( 'NONE', #631, #1278, #68 ) ;
#1212 = AXIS2_PLACEMENT_3D ( 'NONE', #984, #1302, #184 ) ;
#1213 = VECTOR ( 'NONE', #1367, 1000.000000000000000 ) ;
#1214 = CARTESIAN_POINT ( 'NONE',  ( 25.00000000000000355, -15.00000000000000000, 3.999999999999999112 ) ) ;
#1215 = AXIS2_PLACEMENT_3D ( 'NONE', #1138, #609, #1247 ) ;
#1216 = CYLINDRICAL_SURFACE ( 'NONE', #113, 2.000000000000001776 ) ;
#1217 = CARTESIAN_POINT ( 'NONE',  ( 6.000000000000005329, 0.000000000000000000, 8.217111201995409759E-16 ) ) ;
#1218 = ORIENTED_EDGE ( 'NONE', *, *, #1019, .F. ) ;
#1219 = DIRECTION ( 'NONE',  ( 0.000000000000000000, 0.000000000000000000, -1.000000000000000000 ) ) ;
#1220 = CYLINDRICAL_SURFACE ( 'NONE', #884, 1.600000000000004086 ) ;
#1221 = PERSON_AND_ORGANIZATION ( #178, #1384 ) ;
#1222 = CARTESIAN_POINT ( 'NONE',  ( 25.00000000000000000, -15.00000000000000000, 0.000000000000000000 ) ) ;
#1223 = EDGE_CURVE ( 'NONE', #528, #1411, #997, .T. ) ;
#1224 = APPLICATION_PROTOCOL_DEFINITION ( 'international standard', 'config_control_design', 1994, #1415 ) ;
#1225 = DIRECTION ( 'NONE',  ( 0.000000000000000000, 0.000000000000000000, 1.000000000000000000 ) ) ;
#1226 = DIRECTION ( 'NONE',  ( 0.000000000000000000, 0.000000000000000000, -1.000000000000000000 ) ) ;
#1227 = DIRECTION ( 'NONE',  ( 0.000000000000000000, 1.000000000000000000, -0.000000000000000000 ) ) ;
#1228 = ORIENTED_EDGE ( 'NONE', *, *, #538, .T. ) ;
#1229 = PERSON_AND_ORGANIZATION_ROLE ( 'creator' ) ;
#1230 = CARTESIAN_POINT ( 'NONE',  ( 87.00000000000002842, -15.00000000000000000, 1.300000000000005596 ) ) ;
#1231 = LINE ( 'NONE', #238, #646 ) ;
#1232 = DIRECTION ( 'NONE',  ( 0.000000000000000000, -1.000000000000000000, 0.000000000000000000 ) ) ;
#1233 = CARTESIAN_POINT ( 'NONE',  ( 0.000000000000000000, -15.00000000000000000, 6.000000000000000000 ) ) ;
#1234 = ORIENTED_EDGE ( 'NONE', *, *, #386, .F. ) ;
#1235 = APPROVAL_DATE_TIME ( #809, #1407 ) ;
#1236 = EDGE_CURVE ( 'NONE', #1013, #773, #1390, .T. ) ;
#1237 = LINE ( 'NONE', #251, #723 ) ;
#1238 = CIRCLE ( 'NONE', #790, 1.600000000000004086 ) ;
#1239 = LINE ( 'NONE', #230, #788 ) ;
#1240 = AXIS2_PLACEMENT_3D ( 'NONE', #1197, #643, #774 ) ;
#1241 = DIRECTION ( 'NONE',  ( 0.000000000000000000, 1.000000000000000000, 0.000000000000000000 ) ) ;
#1242 = EDGE_CURVE ( 'NONE', #159, #21, #391, .T. ) ;
#1243 = ORIENTED_EDGE ( 'NONE', *, *, #641, .F. ) ;
#1244 = AXIS2_PLACEMENT_3D ( 'NONE', #199, #456, #1323 ) ;
#1245 = CARTESIAN_POINT ( 'NONE',  ( 88.00000000000000000, 0.000000000000000000, 23.00000000000000000 ) ) ;
#1246 = DIRECTION ( 'NONE',  ( 0.000000000000000000, 1.000000000000000000, 0.000000000000000000 ) ) ;
#1247 = DIRECTION ( 'NONE',  ( 0.000000000000000000, 0.000000000000000000, -1.000000000000000000 ) ) ;
#1248 = DIRECTION ( 'NONE',  ( 0.000000000000000000, 0.000000000000000000, 1.000000000000000000 ) ) ;
#1249 = ORIENTED_EDGE ( 'NONE', *, *, #1406, .T. ) ;
#1250 = CARTESIAN_POINT ( 'NONE',  ( 2.000000000000002220, -15.00000000000000000, 38.00000000000000000 ) ) ;
#1251 =( NAMED_UNIT ( * ) PLANE_ANGLE_UNIT ( ) SI_UNIT ( $, .RADIAN. ) );
#1252 = ADVANCED_FACE ( 'NONE', ( #1273 ), #286, .F. ) ;
#1253 = EDGE_CURVE ( 'NONE', #167, #572, #437, .T. ) ;
#1254 = DIRECTION ( 'NONE',  ( -0.000000000000000000, -1.000000000000000000, 0.000000000000000000 ) ) ;
#1255 = VERTEX_POINT ( 'NONE', #334 ) ;
#1256 = ORIENTED_EDGE ( 'NONE', *, *, #278, .T. ) ;
#1257 = CARTESIAN_POINT ( 'NONE',  ( 2.000000000000000000, -15.00000000000000000, 0.000000000000000000 ) ) ;
#1258 = ADVANCED_FACE ( 'NONE', ( #656 ), #1220, .T. ) ;
#1259 = AXIS2_PLACEMENT_3D ( 'NONE', #368, #462, #902 ) ;
#1260 = CARTESIAN_POINT ( 'NONE',  ( 25.00000000000000000, 0.000000000000000000, 0.000000000000000000 ) ) ;
#1261 = CYLINDRICAL_SURFACE ( 'NONE', #815, 2.000000000000001776 ) ;
#1262 = CIRCLE ( 'NONE', #1140, 2.000000000000001776 ) ;
#1263 = ORIENTED_EDGE ( 'NONE', *, *, #871, .T. ) ;
#1264 = VECTOR ( 'NONE', #755, 1000.000000000000000 ) ;
#1265 = VERTEX_POINT ( 'NONE', #220 ) ;
#1266 = DIRECTION ( 'NONE',  ( 0.000000000000000000, -1.000000000000000000, 0.000000000000000000 ) ) ;
#1267 = AXIS2_PLACEMENT_3D ( 'NONE', #3, #1232, #244 ) ;
#1268 = EDGE_CURVE ( 'NONE', #801, #144, #808, .T. ) ;
#1269 = CARTESIAN_POINT ( 'NONE',  ( 0.000000000000000000, -15.00000000000000000, 2.000000000000001776 ) ) ;
#1270 = CARTESIAN_POINT ( 'NONE',  ( 86.00000000000000000, 0.000000000000000000, 3.648999599679662698 ) ) ;
#1271 = VERTEX_POINT ( 'NONE', #591 ) ;
#1272 = ORIENTED_EDGE ( 'NONE', *, *, #928, .F. ) ;
#1273 = FACE_OUTER_BOUND ( 'NONE', #807, .T. ) ;
#1274 = CARTESIAN_POINT ( 'NONE',  ( 87.56204993518133506, 0.000000000000000000, 70.00000000000000000 ) ) ;
#1275 = ORIENTED_EDGE ( 'NONE', *, *, #1342, .T. ) ;
#1276 = ORIENTED_EDGE ( 'NONE', *, *, #928, .T. ) ;
#1277 = CIRCLE ( 'NONE', #150, 1.099999999999993872 ) ;
#1278 = DIRECTION ( 'NONE',  ( 0.000000000000000000, 1.000000000000000000, 0.000000000000000000 ) ) ;
#1279 = DIRECTION ( 'NONE',  ( 0.000000000000000000, 0.000000000000000000, 1.000000000000000000 ) ) ;
#1280 = VERTEX_POINT ( 'NONE', #39 ) ;
#1281 = AXIS2_PLACEMENT_3D ( 'NONE', #613, #746, #636 ) ;
#1282 = AXIS2_PLACEMENT_3D ( 'NONE', #239, #341, #1333 ) ;
#1283 = ORIENTED_EDGE ( 'NONE', *, *, #1144, .T. ) ;
#1284 = AXIS2_PLACEMENT_3D ( 'NONE', #306, #1311, #1422 ) ;
#1285 = SECURITY_CLASSIFICATION ( '', '', #1210 ) ;
#1286 = PERSON_AND_ORGANIZATION_ROLE ( 'design_owner' ) ;
#1287 = LINE ( 'NONE', #101, #533 ) ;
#1288 = EDGE_LOOP ( 'NONE', ( #1314, #1029, #1003, #289 ) ) ;
#1289 = CARTESIAN_POINT ( 'NONE',  ( 25.00000000000000355, -15.00000000000000000, 3.999999999999999112 ) ) ;
#1290 = ORIENTED_EDGE ( 'NONE', *, *, #571, .T. ) ;
#1291 = CARTESIAN_POINT ( 'NONE',  ( 0.000000000000000000, 2.000000000000000000, 38.00000000000000000 ) ) ;
#1292 = EDGE_CURVE ( 'NONE', #1402, #572, #931, .T. ) ;
#1293 = CARTESIAN_POINT ( 'NONE',  ( 90.00000000000002842, -15.00000000000000000, 60.00000000000001421 ) ) ;
#1294 = ORIENTED_EDGE ( 'NONE', *, *, #345, .F. ) ;
#1295 = CC_DESIGN_PERSON_AND_ORGANIZATION_ASSIGNMENT ( #787, #1229, ( #205 ) ) ;
#1296 = DIRECTION ( 'NONE',  ( 0.000000000000000000, 0.000000000000000000, 1.000000000000000000 ) ) ;
#1297 = ORIENTED_EDGE ( 'NONE', *, *, #1101, .T. ) ;
#1298 = CARTESIAN_POINT ( 'NONE',  ( 0.000000000000000000, 2.000000000000000000, 2.000000000000001776 ) ) ;
#1299 = ADVANCED_FACE ( 'NONE', ( #1068 ), #751, .F. ) ;
#1300 = DIRECTION ( 'NONE',  ( 0.000000000000000000, -1.000000000000000000, 0.000000000000000000 ) ) ;
#1301 = ORIENTED_EDGE ( 'NONE', *, *, #281, .F. ) ;
#1302 = DIRECTION ( 'NONE',  ( 0.000000000000000000, 1.000000000000000000, -0.000000000000000000 ) ) ;
#1303 = ORIENTED_EDGE ( 'NONE', *, *, #242, .T. ) ;
#1304 = DIRECTION ( 'NONE',  ( 0.000000000000000000, 1.000000000000000000, -0.000000000000000000 ) ) ;
#1305 = VECTOR ( 'NONE', #302, 1000.000000000000000 ) ;
#1306 = AXIS2_PLACEMENT_3D ( 'NONE', #269, #1378, #385 ) ;
#1307 = AXIS2_PLACEMENT_3D ( 'NONE', #1291, #301, #1219 ) ;
#1308 = EDGE_CURVE ( 'NONE', #1280, #627, #735, .T. ) ;
#1309 = LINE ( 'NONE', #88, #1121 ) ;
#1310 = LOCAL_TIME ( 23, 33, 58.00000000000000000, #580 ) ;
#1311 = DIRECTION ( 'NONE',  ( 0.000000000000000000, 1.000000000000000000, 0.000000000000000000 ) ) ;
#1312 = ORIENTED_EDGE ( 'NONE', *, *, #981, .F. ) ;
#1313 = FACE_OUTER_BOUND ( 'NONE', #395, .T. ) ;
#1314 = ORIENTED_EDGE ( 'NONE', *, *, #981, .T. ) ;
#1315 = DIRECTION ( 'NONE',  ( 0.000000000000000000, 1.000000000000000000, 0.000000000000000000 ) ) ;
#1316 = ORIENTED_EDGE ( 'NONE', *, *, #497, .T. ) ;
#1317 = FACE_OUTER_BOUND ( 'NONE', #190, .T. ) ;
#1318 = FACE_OUTER_BOUND ( 'NONE', #140, .T. ) ;
#1319 = ORIENTED_EDGE ( 'NONE', *, *, #281, .T. ) ;
#1320 = DIRECTION ( 'NONE',  ( 0.000000000000000000, 0.000000000000000000, 1.000000000000000000 ) ) ;
#1321 = VECTOR ( 'NONE', #1157, 1000.000000000000000 ) ;
#1322 = VERTEX_POINT ( 'NONE', #888 ) ;
#1323 = DIRECTION ( 'NONE',  ( 0.000000000000000000, 0.000000000000000000, -1.000000000000000000 ) ) ;
#1324 = DIRECTION ( 'NONE',  ( 1.000000000000000000, 0.000000000000000000, 0.000000000000000000 ) ) ;
#1325 = ORIENTED_EDGE ( 'NONE', *, *, #736, .F. ) ;
#1326 = EDGE_CURVE ( 'NONE', #916, #1024, #1191, .T. ) ;
#1327 = DIRECTION ( 'NONE',  ( 0.000000000000000000, 1.000000000000000000, -0.000000000000000000 ) ) ;
#1328 = VECTOR ( 'NONE', #543, 1000.000000000000000 ) ;
#1329 = AXIS2_PLACEMENT_3D ( 'NONE', #1192, #1066, #527 ) ;
#1330 = ORIENTED_EDGE ( 'NONE', *, *, #694, .T. ) ;
#1331 = AXIS2_PLACEMENT_3D ( 'NONE', #407, #449, #805 ) ;
#1332 = CYLINDRICAL_SURFACE ( 'NONE', #138, 2.000000000000000000 ) ;
#1333 = DIRECTION ( 'NONE',  ( 0.000000000000000000, 0.000000000000000000, -1.000000000000000000 ) ) ;
#1334 = ORIENTED_EDGE ( 'NONE', *, *, #57, .T. ) ;
#1335 = DATE_TIME_ROLE ( 'creation_date' ) ;
#1336 = LINE ( 'NONE', #1230, #273 ) ;
#1337 = ORIENTED_EDGE ( 'NONE', *, *, #477, .T. ) ;
#1338 = ADVANCED_FACE ( 'NONE', ( #224 ), #1181, .T. ) ;
#1339 = CYLINDRICAL_SURFACE ( 'NONE', #908, 1.099999999999993872 ) ;
#1340 = CARTESIAN_POINT ( 'NONE',  ( 23.00000000000000355, 0.000000000000000000, 6.000000000000000000 ) ) ;
#1341 = VERTEX_POINT ( 'NONE', #978 ) ;
#1342 = EDGE_CURVE ( 'NONE', #55, #1124, #340, .T. ) ;
#1343 = CARTESIAN_POINT ( 'NONE',  ( 86.00000000000000000, -15.00000000000000000, -0.000000000000000000 ) ) ;
#1344 = DIRECTION ( 'NONE',  ( 0.000000000000000000, 0.000000000000000000, 1.000000000000000000 ) ) ;
#1345 = EDGE_CURVE ( 'NONE', #167, #1145, #1120, .T. ) ;
#1346 = CARTESIAN_POINT ( 'NONE',  ( 6.000000000000004441, 0.000000000000000000, 6.000000000000000000 ) ) ;
#1347 = DIRECTION ( 'NONE',  ( 0.000000000000000000, 0.000000000000000000, 1.000000000000000000 ) ) ;
#1348 = ORIENTED_EDGE ( 'NONE', *, *, #1073, .T. ) ;
#1349 = CARTESIAN_POINT ( 'NONE',  ( 56.00000000000002132, 0.000000000000000000, 37.99999999999999289 ) ) ;
#1350 = CIRCLE ( 'NONE', #1033, 1.099999999999993872 ) ;
#1351 = DIRECTION ( 'NONE',  ( -0.000000000000000000, 1.000000000000000000, -0.000000000000000000 ) ) ;
#1352 = CIRCLE ( 'NONE', #1189, 2.000000000000001776 ) ;
#1353 = ADVANCED_BREP_SHAPE_REPRESENTATION ( 'Perfboard Sawing Fixture', ( #495, #626 ), #491 ) ;
#1354 = CIRCLE ( 'NONE', #742, 2.000000000000001776 ) ;
#1355 = CYLINDRICAL_SURFACE ( 'NONE', #841, 2.000000000000001776 ) ;
#1356 = CARTESIAN_POINT ( 'NONE',  ( 86.00000000000000000, -15.00000000000000000, 0.000000000000000000 ) ) ;
#1357 = VERTEX_POINT ( 'NONE', #587 ) ;
#1358 = DIRECTION ( 'NONE',  ( 0.000000000000000000, 0.000000000000000000, -1.000000000000000000 ) ) ;
#1359 = LOCAL_TIME ( 23, 33, 58.00000000000000000, #1025 ) ;
#1360 = CARTESIAN_POINT ( 'NONE',  ( 0.000000000000000000, 2.000000000000000000, 36.00000000000000000 ) ) ;
#1361 = EDGE_CURVE ( 'NONE', #669, #1341, #276, .T. ) ;
#1362 = ADVANCED_FACE ( 'NONE', ( #588 ), #1332, .T. ) ;
#1363 = LINE ( 'NONE', #830, #986 ) ;
#1364 = DIRECTION ( 'NONE',  ( 0.000000000000000000, 1.000000000000000000, 0.000000000000000000 ) ) ;
#1365 = VERTEX_POINT ( 'NONE', #347 ) ;
#1366 = ADVANCED_FACE ( 'NONE', ( #1317 ), #457, .T. ) ;
#1367 = DIRECTION ( 'NONE',  ( 1.000000000000000000, -0.000000000000000000, 0.000000000000000000 ) ) ;
#1368 = CARTESIAN_POINT ( 'NONE',  ( 87.00000000000002842, -15.00000000000000000, 66.90000000000003411 ) ) ;
#1369 = DIRECTION ( 'NONE',  ( 0.000000000000000000, 0.000000000000000000, 1.000000000000000000 ) ) ;
#1370 = LINE ( 'NONE', #44, #255 ) ;
#1371 = EDGE_LOOP ( 'NONE', ( #372, #835, #1067, #1283 ) ) ;
#1372 = CIRCLE ( 'NONE', #894, 1.600000000000004974 ) ;
#1373 = EDGE_CURVE ( 'NONE', #1024, #793, #126, .T. ) ;
#1374 = ORIENTED_EDGE ( 'NONE', *, *, #231, .T. ) ;
#1375 = CLOSED_SHELL ( 'NONE', ( #799, #1388, #594, #539, #1006, #547, #1064, #1299, #901, #1052, #383, #1258, #604, #748, #47, #1252, #1205, #937, #435, #428, #7, #585, #212, #465, #709, #265, #963, #786, #1366, #1413, #1338, #676, #834, #67, #1362, #453, #1381, #1110, #1134, #717, #164, #128, #303 ) ) ;
#1376 = CIRCLE ( 'NONE', #1212, 1.600000000000004974 ) ;
#1377 =( LENGTH_UNIT ( ) NAMED_UNIT ( * ) SI_UNIT ( .MILLI., .METRE. ) );
#1378 = DIRECTION ( 'NONE',  ( 0.000000000000000000, 1.000000000000000000, -0.000000000000000000 ) ) ;
#1379 = AXIS2_PLACEMENT_3D ( 'NONE', #191, #1081, #1435 ) ;
#1380 = VERTEX_POINT ( 'NONE', #331 ) ;
#1381 = ADVANCED_FACE ( 'NONE', ( #791 ), #1216, .T. ) ;
#1382 = AXIS2_PLACEMENT_3D ( 'NONE', #436, #1414, #426 ) ;
#1383 = ORIENTED_EDGE ( 'NONE', *, *, #1392, .F. ) ;
#1384 = ORGANIZATION ( 'UNSPECIFIED', 'UNSPECIFIED', '' ) ;
#1385 = CARTESIAN_POINT ( 'NONE',  ( 56.00000000000002132, 2.000000000000000000, 70.00000000000001421 ) ) ;
#1386 = DIRECTION ( 'NONE',  ( 0.000000000000000000, 0.000000000000000000, 1.000000000000000000 ) ) ;
#1387 = ORIENTED_EDGE ( 'NONE', *, *, #1073, .F. ) ;
#1388 = ADVANCED_FACE ( 'NONE', ( #1016 ), #1339, .F. ) ;
#1389 = ORIENTED_EDGE ( 'NONE', *, *, #752, .F. ) ;
#1390 = LINE ( 'NONE', #932, #692 ) ;
#1391 = CARTESIAN_POINT ( 'NONE',  ( 90.00000000000002842, 0.000000000000000000, 60.00000000000001421 ) ) ;
#1392 = EDGE_CURVE ( 'NONE', #1161, #528, #703, .T. ) ;
#1393 = CARTESIAN_POINT ( 'NONE',  ( 2.000000000000001776, -15.00000000000000178, 36.00000000000000000 ) ) ;
#1394 = ORIENTED_EDGE ( 'NONE', *, *, #33, .T. ) ;
#1395 = VERTEX_POINT ( 'NONE', #1269 ) ;
#1396 = CARTESIAN_POINT ( 'NONE',  ( 2.000000000000001776, 2.000000000000000000, 36.00000000000000000 ) ) ;
#1397 = LINE ( 'NONE', #1391, #1122 ) ;
#1398 = PLANE ( 'NONE',  #317 ) ;
#1399 = VERTEX_POINT ( 'NONE', #938 ) ;
#1400 = VECTOR ( 'NONE', #589, 1000.000000000000000 ) ;
#1401 = DIRECTION ( 'NONE',  ( 0.000000000000000000, 1.000000000000000000, 0.000000000000000000 ) ) ;
#1402 = VERTEX_POINT ( 'NONE', #36 ) ;
#1403 = CIRCLE ( 'NONE', #1074, 2.000000000000001776 ) ;
#1404 = CC_DESIGN_SECURITY_CLASSIFICATION ( #1285, ( #205 ) ) ;
#1405 = EDGE_CURVE ( 'NONE', #410, #21, #711, .T. ) ;
#1406 = EDGE_CURVE ( 'NONE', #1365, #410, #323, .T. ) ;
#1407 = APPROVAL ( #131, 'UNSPECIFIED' ) ;
#1408 = DIRECTION ( 'NONE',  ( -0.000000000000000000, -1.000000000000000000, 0.000000000000000000 ) ) ;
#1409 = ORIENTED_EDGE ( 'NONE', *, *, #1242, .F. ) ;
#1410 = DIRECTION ( 'NONE',  ( 0.000000000000000000, 1.000000000000000000, 0.000000000000000000 ) ) ;
#1411 = VERTEX_POINT ( 'NONE', #1260 ) ;
#1412 = CARTESIAN_POINT ( 'NONE',  ( 3.000000000000000000, -15.00000000000000000, 2.399999999999999467 ) ) ;
#1413 = ADVANCED_FACE ( 'NONE', ( #165 ), #1355, .T. ) ;
#1414 = DIRECTION ( 'NONE',  ( 0.000000000000000000, 1.000000000000000000, 0.000000000000000000 ) ) ;
#1415 = APPLICATION_CONTEXT ( 'configuration controlled 3d designs of mechanical parts and assemblies' ) ;
#1416 = DIRECTION ( 'NONE',  ( 0.000000000000000000, 0.000000000000000000, 1.000000000000000000 ) ) ;
#1417 = VERTEX_POINT ( 'NONE', #274 ) ;
#1418 = CARTESIAN_POINT ( 'NONE',  ( 0.000000000000000000, 0.000000000000000000, 0.000000000000000000 ) ) ;
#1419 = ORIENTED_EDGE ( 'NONE', *, *, #1090, .T. ) ;
#1420 = FACE_OUTER_BOUND ( 'NONE', #307, .T. ) ;
#1421 = CC_DESIGN_PERSON_AND_ORGANIZATION_ASSIGNMENT ( #454, #1286, ( #1201 ) ) ;
#1422 = DIRECTION ( 'NONE',  ( 0.000000000000000000, 0.000000000000000000, 1.000000000000000000 ) ) ;
#1423 = ORIENTED_EDGE ( 'NONE', *, *, #498, .T. ) ;
#1424 = CARTESIAN_POINT ( 'NONE',  ( 85.70000000000004547, -15.00000000000000000, 68.93273790530892597 ) ) ;
#1425 = AXIS2_PLACEMENT_3D ( 'NONE', #1007, #691, #1225 ) ;
#1426 = ORIENTED_EDGE ( 'NONE', *, *, #614, .F. ) ;
#1427 = FACE_OUTER_BOUND ( 'NONE', #494, .T. ) ;
#1428 = DIRECTION ( 'NONE',  ( 0.000000000000000000, 0.000000000000000000, 1.000000000000000000 ) ) ;
#1429 = VECTOR ( 'NONE', #890, 1000.000000000000000 ) ;
#1430 = CIRCLE ( 'NONE', #293, 2.000000000000000000 ) ;
#1431 = AXIS2_PLACEMENT_3D ( 'NONE', #211, #975, #461 ) ;
#1432 = ORIENTED_EDGE ( 'NONE', *, *, #1148, .T. ) ;
#1433 = PLANE ( 'NONE',  #15 ) ;
#1434 = ORIENTED_EDGE ( 'NONE', *, *, #338, .T. ) ;
#1435 = DIRECTION ( 'NONE',  ( 1.734723475976807094E-15, 0.000000000000000000, -1.000000000000000000 ) ) ;
ENDSEC;
END-ISO-10303-21;
