ISO-10303-21;
HEADER;
FILE_DESCRIPTION (( 'STEP AP203' ),
    '1' );
FILE_NAME ('Power System Mount V2.STEP',
    '2026-03-10T01:24:24',
    ( '' ),
    ( '' ),
    'SwSTEP 2.0',
    'SolidWorks 2024',
    '' );
FILE_SCHEMA (( 'CONFIG_CONTROL_DESIGN' ));
ENDSEC;

DATA;
#1 = DIRECTION ( 'NONE',  ( 0.000000000000000000, 1.000000000000000000, 0.000000000000000000 ) ) ;
#2 = AXIS2_PLACEMENT_3D ( 'NONE', #95, #1567, #1414 ) ;
#3 = VECTOR ( 'NONE', #658, 1000.000000000000000 ) ;
#4 = DIRECTION ( 'NONE',  ( 1.000000000000000000, 0.000000000000000000, -1.721809901713952306E-16 ) ) ;
#5 = VERTEX_POINT ( 'NONE', #196 ) ;
#6 = DIRECTION ( 'NONE',  ( -0.000000000000000000, -1.000000000000000000, -0.000000000000000000 ) ) ;
#7 = FACE_OUTER_BOUND ( 'NONE', #1161, .T. ) ;
#8 = EDGE_LOOP ( 'NONE', ( #251, #729, #1273, #151, #1199, #955 ) ) ;
#9 = VERTEX_POINT ( 'NONE', #45 ) ;
#10 = LINE ( 'NONE', #109, #1110 ) ;
#11 = LINE ( 'NONE', #1449, #2066 ) ;
#12 = ADVANCED_FACE ( 'NONE', ( #1331 ), #1991, .F. ) ;
#13 = LINE ( 'NONE', #1495, #2071 ) ;
#14 = ORIENTED_EDGE ( 'NONE', *, *, #519, .F. ) ;
#15 = LINE ( 'NONE', #503, #1467 ) ;
#16 = ORIENTED_EDGE ( 'NONE', *, *, #1019, .T. ) ;
#17 = EDGE_LOOP ( 'NONE', ( #92, #1701, #700, #1953, #178, #1963, #1020, #1823 ) ) ;
#18 = CARTESIAN_POINT ( 'NONE',  ( 0.000000000000000000, 4.000000000000000000, -24.19999999999997797 ) ) ;
#19 = DIRECTION ( 'NONE',  ( 0.000000000000000000, 0.000000000000000000, 1.000000000000000000 ) ) ;
#20 = DIRECTION ( 'NONE',  ( 0.000000000000000000, -1.000000000000000000, 0.000000000000000000 ) ) ;
#21 = ADVANCED_FACE ( 'NONE', ( #219 ), #1342, .T. ) ;
#22 = CARTESIAN_POINT ( 'NONE',  ( -5.735480675696435341E-15, 4.000000000000000000, -33.31076601422217465 ) ) ;
#23 = ORIENTED_EDGE ( 'NONE', *, *, #24, .F. ) ;
#24 = EDGE_CURVE ( 'NONE', #1316, #1365, #1244, .T. ) ;
#25 = FACE_OUTER_BOUND ( 'NONE', #1771, .T. ) ;
#26 = VERTEX_POINT ( 'NONE', #885 ) ;
#27 = ORIENTED_EDGE ( 'NONE', *, *, #1616, .T. ) ;
#28 = CARTESIAN_POINT ( 'NONE',  ( -54.34529042290991896, 0.000000000000000000, 0.000000000000000000 ) ) ;
#29 = DIRECTION ( 'NONE',  ( -0.000000000000000000, -1.000000000000000000, -0.000000000000000000 ) ) ;
#30 = ORIENTED_EDGE ( 'NONE', *, *, #1254, .T. ) ;
#31 = DIRECTION ( 'NONE',  ( 0.000000000000000000, 0.000000000000000000, 1.000000000000000000 ) ) ;
#32 = VECTOR ( 'NONE', #1238, 1000.000000000000000 ) ;
#33 = PLANE ( 'NONE',  #1032 ) ;
#34 = VECTOR ( 'NONE', #1472, 1000.000000000000000 ) ;
#35 = LINE ( 'NONE', #22, #1639 ) ;
#36 = ORIENTED_EDGE ( 'NONE', *, *, #1867, .T. ) ;
#37 = AXIS2_PLACEMENT_3D ( 'NONE', #1508, #47, #1380 ) ;
#38 = CARTESIAN_POINT ( 'NONE',  ( 1.426935403565143035E-13, 0.000000000000000000, -51.41076601422201264 ) ) ;
#39 = ORIENTED_EDGE ( 'NONE', *, *, #2081, .T. ) ;
#40 = ORIENTED_EDGE ( 'NONE', *, *, #818, .T. ) ;
#41 = VECTOR ( 'NONE', #1102, 1000.000000000000000 ) ;
#42 = ADVANCED_FACE ( 'NONE', ( #1390 ), #917, .T. ) ;
#43 = VECTOR ( 'NONE', #1752, 1000.000000000000000 ) ;
#44 = CARTESIAN_POINT ( 'NONE',  ( 4.770619643041936087, 0.000000000000000000, -54.00000000000000000 ) ) ;
#45 = CARTESIAN_POINT ( 'NONE',  ( -52.84529042290991896, 2.000000000000000000, -51.41076601422216186 ) ) ;
#46 = LINE ( 'NONE', #842, #239 ) ;
#47 = DIRECTION ( 'NONE',  ( 0.000000000000000000, -0.000000000000000000, 1.000000000000000000 ) ) ;
#48 = DIRECTION ( 'NONE',  ( 0.000000000000000000, 0.000000000000000000, 1.000000000000000000 ) ) ;
#49 = ORIENTED_EDGE ( 'NONE', *, *, #141, .T. ) ;
#50 = CARTESIAN_POINT ( 'NONE',  ( 0.000000000000000000, 4.000000000000000000, -42.71051909440004835 ) ) ;
#51 = EDGE_CURVE ( 'NONE', #546, #505, #1206, .T. ) ;
#52 = CARTESIAN_POINT ( 'NONE',  ( -52.37307481965228106, 0.000000000000000000, 41.18948090559995734 ) ) ;
#53 = ORIENTED_EDGE ( 'NONE', *, *, #1950, .T. ) ;
#54 = VERTEX_POINT ( 'NONE', #1045 ) ;
#55 = EDGE_CURVE ( 'NONE', #130, #2056, #1837, .T. ) ;
#56 = FACE_OUTER_BOUND ( 'NONE', #2030, .T. ) ;
#57 = FACE_OUTER_BOUND ( 'NONE', #351, .T. ) ;
#58 = LINE ( 'NONE', #687, #670 ) ;
#59 = DIRECTION ( 'NONE',  ( -1.000000000000000000, 0.000000000000000000, 0.000000000000000000 ) ) ;
#60 = VERTEX_POINT ( 'NONE', #851 ) ;
#61 = FACE_OUTER_BOUND ( 'NONE', #317, .T. ) ;
#62 = ORIENTED_EDGE ( 'NONE', *, *, #293, .T. ) ;
#63 = ORIENTED_EDGE ( 'NONE', *, *, #444, .F. ) ;
#64 = DIRECTION ( 'NONE',  ( 0.000000000000000000, -0.000000000000000000, 1.000000000000000000 ) ) ;
#65 = LINE ( 'NONE', #1539, #199 ) ;
#66 = ADVANCED_FACE ( 'NONE', ( #1518 ), #1705, .T. ) ;
#67 = FACE_OUTER_BOUND ( 'NONE', #423, .T. ) ;
#68 = ORIENTED_EDGE ( 'NONE', *, *, #1704, .F. ) ;
#69 = AXIS2_PLACEMENT_3D ( 'NONE', #1577, #134, #763 ) ;
#70 = CARTESIAN_POINT ( 'NONE',  ( -55.37307481965227396, -2.000000000000000000, 54.00000000000000711 ) ) ;
#71 = EDGE_LOOP ( 'NONE', ( #884, #425, #1013, #226 ) ) ;
#72 = ORIENTED_EDGE ( 'NONE', *, *, #718, .T. ) ;
#73 = VECTOR ( 'NONE', #743, 1000.000000000000000 ) ;
#74 = AXIS2_PLACEMENT_3D ( 'NONE', #1295, #654, #989 ) ;
#75 = VECTOR ( 'NONE', #20, 1000.000000000000000 ) ;
#76 = ORIENTED_EDGE ( 'NONE', *, *, #744, .T. ) ;
#77 = DIRECTION ( 'NONE',  ( -0.000000000000000000, -1.000000000000000000, -0.000000000000000000 ) ) ;
#78 = CARTESIAN_POINT ( 'NONE',  ( -40.74529042290991043, 0.000000000000000000, -24.19999999999997797 ) ) ;
#79 = ADVANCED_FACE ( 'NONE', ( #1222 ), #1052, .T. ) ;
#80 = ORIENTED_EDGE ( 'NONE', *, *, #152, .T. ) ;
#81 = LINE ( 'NONE', #1372, #1802 ) ;
#82 = FACE_OUTER_BOUND ( 'NONE', #1320, .T. ) ;
#83 = ORIENTED_EDGE ( 'NONE', *, *, #1389, .T. ) ;
#84 = ORIENTED_EDGE ( 'NONE', *, *, #433, .T. ) ;
#85 = CARTESIAN_POINT ( 'NONE',  ( -31.94529042290990972, -2.000000000000000000, -33.31076601422216044 ) ) ;
#86 = CARTESIAN_POINT ( 'NONE',  ( 0.000000000000000000, 0.000000000000000000, -42.71051909440004835 ) ) ;
#87 = CARTESIAN_POINT ( 'NONE',  ( 4.770619643041936087, 0.000000000000000000, -54.00000000000000000 ) ) ;
#88 = VERTEX_POINT ( 'NONE', #713 ) ;
#89 = EDGE_CURVE ( 'NONE', #1531, #1210, #281, .T. ) ;
#90 = FACE_OUTER_BOUND ( 'NONE', #1778, .T. ) ;
#91 = ORIENTED_EDGE ( 'NONE', *, *, #1980, .F. ) ;
#92 = ORIENTED_EDGE ( 'NONE', *, *, #1340, .F. ) ;
#93 = ADVANCED_FACE ( 'NONE', ( #609 ), #1454, .F. ) ;
#94 = PLANE ( 'NONE',  #301 ) ;
#95 = CARTESIAN_POINT ( 'NONE',  ( 0.000000000000000000, 0.000000000000000000, 0.000000000000000000 ) ) ;
#96 = DIRECTION ( 'NONE',  ( 0.000000000000000000, 0.000000000000000000, -1.000000000000000000 ) ) ;
#97 = VERTEX_POINT ( 'NONE', #2083 ) ;
#98 = CARTESIAN_POINT ( 'NONE',  ( -34.94529042290990617, -2.000000000000000000, -30.31076601422216754 ) ) ;
#99 = EDGE_CURVE ( 'NONE', #97, #60, #162, .T. ) ;
#100 = EDGE_LOOP ( 'NONE', ( #912, #1335, #648, #1310, #562, #364 ) ) ;
#101 = EDGE_CURVE ( 'NONE', #97, #1889, #1463, .T. ) ;
#102 = PLANE ( 'NONE',  #1070 ) ;
#103 = VECTOR ( 'NONE', #699, 1000.000000000000000 ) ;
#104 = PERSON_AND_ORGANIZATION ( #1259, #1282 ) ;
#105 = ORIENTED_EDGE ( 'NONE', *, *, #1340, .T. ) ;
#106 = VECTOR ( 'NONE', #1004, 1000.000000000000000 ) ;
#107 = LINE ( 'NONE', #1090, #1774 ) ;
#108 = LINE ( 'NONE', #926, #1698 ) ;
#109 = CARTESIAN_POINT ( 'NONE',  ( 1.171350155577748202E-14, 4.000000000000000000, 41.18948090559994313 ) ) ;
#110 = PRODUCT ( 'Power System Mount V2', 'Power System Mount V2', '', ( #724 ) ) ;
#111 = CARTESIAN_POINT ( 'NONE',  ( -49.37307481965228817, -2.000000000000000000, -21.19999999999996376 ) ) ;
#112 = ORIENTED_EDGE ( 'NONE', *, *, #839, .F. ) ;
#113 = CARTESIAN_POINT ( 'NONE',  ( 1.286921014509858463E-14, 0.000000000000000000, 39.68948090559993602 ) ) ;
#114 = EDGE_CURVE ( 'NONE', #580, #1155, #1297, .T. ) ;
#115 = LINE ( 'NONE', #2029, #43 ) ;
#116 = EDGE_LOOP ( 'NONE', ( #794, #1903, #641, #501 ) ) ;
#117 = CARTESIAN_POINT ( 'NONE',  ( -34.02938035695802199, 4.000000000000000000, 4.418265599710848625E-14 ) ) ;
#118 = LINE ( 'NONE', #919, #502 ) ;
#119 = CARTESIAN_POINT ( 'NONE',  ( 0.000000000000000000, 0.000000000000000000, -51.15508619108273791 ) ) ;
#120 = ORIENTED_EDGE ( 'NONE', *, *, #384, .T. ) ;
#121 = DIRECTION ( 'NONE',  ( 1.000000000000000000, -0.000000000000000000, 4.192333745099719506E-17 ) ) ;
#122 = CARTESIAN_POINT ( 'NONE',  ( -58.87307481965228106, 4.000000000000000000, 39.68948090559995734 ) ) ;
#123 = CARTESIAN_POINT ( 'NONE',  ( 0.000000000000000000, 4.000000000000000000, -52.41076601422216896 ) ) ;
#124 = PERSON_AND_ORGANIZATION_ROLE ( 'creator' ) ;
#125 = CARTESIAN_POINT ( 'NONE',  ( -37.14529042290990191, 2.000000000000000000, 0.000000000000000000 ) ) ;
#126 = CARTESIAN_POINT ( 'NONE',  ( -45.74529042290988201, 2.000000000000000000, -0.000000000000000000 ) ) ;
#127 = CARTESIAN_POINT ( 'NONE',  ( 0.000000000000000000, 4.000000000000000000, -51.15508619108274502 ) ) ;
#128 = ADVANCED_FACE ( 'NONE', ( #1921 ), #618, .T. ) ;
#129 = CARTESIAN_POINT ( 'NONE',  ( -52.37307481965228106, -2.000000000000000000, 51.00000000000000711 ) ) ;
#130 = VERTEX_POINT ( 'NONE', #597 ) ;
#131 = CARTESIAN_POINT ( 'NONE',  ( -34.64529042290990191, 4.000000000000000000, 0.000000000000000000 ) ) ;
#132 = FACE_OUTER_BOUND ( 'NONE', #1997, .T. ) ;
#133 = AXIS2_PLACEMENT_3D ( 'NONE', #385, #1015, #871 ) ;
#134 = DIRECTION ( 'NONE',  ( 0.000000000000000000, 1.000000000000000000, -0.000000000000000000 ) ) ;
#135 = VECTOR ( 'NONE', #2047, 1000.000000000000000 ) ;
#136 = APPROVAL_DATE_TIME ( #426, #367 ) ;
#137 = VECTOR ( 'NONE', #1769, 1000.000000000000000 ) ;
#138 = DIRECTION ( 'NONE',  ( 0.000000000000000000, 0.000000000000000000, 1.000000000000000000 ) ) ;
#139 = AXIS2_PLACEMENT_3D ( 'NONE', #1409, #1919, #614 ) ;
#140 = AXIS2_PLACEMENT_3D ( 'NONE', #1793, #1115, #959 ) ;
#141 = EDGE_CURVE ( 'NONE', #703, #1960, #1635, .T. ) ;
#142 = DIRECTION ( 'NONE',  ( 0.000000000000000000, 0.000000000000000000, 1.000000000000000000 ) ) ;
#143 = VERTEX_POINT ( 'NONE', #488 ) ;
#144 = CARTESIAN_POINT ( 'NONE',  ( -46.74529042290991043, 4.000000000000000000, 0.000000000000000000 ) ) ;
#145 = CARTESIAN_POINT ( 'NONE',  ( 0.000000000000000000, 4.000000000000000000, 0.000000000000000000 ) ) ;
#146 = ORIENTED_EDGE ( 'NONE', *, *, #398, .F. ) ;
#147 = LINE ( 'NONE', #1948, #464 ) ;
#148 = LINE ( 'NONE', #262, #1599 ) ;
#149 = DIRECTION ( 'NONE',  ( -2.206386033293608535E-15, 0.000000000000000000, -1.000000000000000000 ) ) ;
#150 = EDGE_CURVE ( 'NONE', #1155, #820, #1153, .T. ) ;
#151 = ORIENTED_EDGE ( 'NONE', *, *, #1878, .T. ) ;
#152 = EDGE_CURVE ( 'NONE', #1182, #1649, #224, .T. ) ;
#153 = DIRECTION ( 'NONE',  ( 4.192333745099719506E-17, 0.000000000000000000, -1.000000000000000000 ) ) ;
#154 = DIRECTION ( 'NONE',  ( 0.000000000000000000, 1.000000000000000000, 0.000000000000000000 ) ) ;
#155 = EDGE_CURVE ( 'NONE', #1663, #1191, #2017, .T. ) ;
#156 = CC_DESIGN_APPROVAL ( #962, ( #322 ) ) ;
#157 = COORDINATED_UNIVERSAL_TIME_OFFSET ( 5, 0, .BEHIND. ) ;
#158 = ORIENTED_EDGE ( 'NONE', *, *, #1750, .F. ) ;
#159 = LINE ( 'NONE', #189, #1211 ) ;
#160 = FACE_OUTER_BOUND ( 'NONE', #1547, .T. ) ;
#161 = ORIENTED_EDGE ( 'NONE', *, *, #784, .T. ) ;
#162 = LINE ( 'NONE', #790, #526 ) ;
#163 = EDGE_CURVE ( 'NONE', #1790, #1182, #81, .T. ) ;
#164 = DIRECTION ( 'NONE',  ( -0.000000000000000000, -0.000000000000000000, -1.000000000000000000 ) ) ;
#165 = ORIENTED_EDGE ( 'NONE', *, *, #1775, .T. ) ;
#166 = ORIENTED_EDGE ( 'NONE', *, *, #2052, .T. ) ;
#167 = EDGE_CURVE ( 'NONE', #1820, #1057, #1872, .T. ) ;
#168 = AXIS2_PLACEMENT_3D ( 'NONE', #1588, #2067, #1088 ) ;
#169 = AXIS2_PLACEMENT_3D ( 'NONE', #540, #529, #1381 ) ;
#170 = CARTESIAN_POINT ( 'NONE',  ( 0.000000000000000000, 4.000000000000000000, -51.15508619108274502 ) ) ;
#171 = VECTOR ( 'NONE', #1066, 1000.000000000000000 ) ;
#172 = VECTOR ( 'NONE', #1500, 1000.000000000000000 ) ;
#173 = DIRECTION ( 'NONE',  ( 0.000000000000000000, 1.000000000000000000, 0.000000000000000000 ) ) ;
#174 = ORIENTED_EDGE ( 'NONE', *, *, #89, .F. ) ;
#175 = CIRCLE ( 'NONE', #439, 2.999999999999999112 ) ;
#176 = LINE ( 'NONE', #963, #3 ) ;
#177 = ORIENTED_EDGE ( 'NONE', *, *, #180, .F. ) ;
#178 = ORIENTED_EDGE ( 'NONE', *, *, #2043, .F. ) ;
#179 = LINE ( 'NONE', #806, #1145 ) ;
#180 = EDGE_CURVE ( 'NONE', #881, #97, #277, .T. ) ;
#181 = LINE ( 'NONE', #969, #404 ) ;
#182 = DIRECTION ( 'NONE',  ( 0.000000000000000000, 1.000000000000000000, -0.000000000000000000 ) ) ;
#183 = ORIENTED_EDGE ( 'NONE', *, *, #1990, .T. ) ;
#184 = LINE ( 'NONE', #992, #599 ) ;
#185 = ORIENTED_EDGE ( 'NONE', *, *, #652, .T. ) ;
#186 = ORIENTED_EDGE ( 'NONE', *, *, #1098, .T. ) ;
#187 = DIRECTION ( 'NONE',  ( 0.000000000000000000, 1.000000000000000000, 0.000000000000000000 ) ) ;
#188 = ORIENTED_EDGE ( 'NONE', *, *, #507, .T. ) ;
#189 = CARTESIAN_POINT ( 'NONE',  ( -75.27307481965227964, 4.000000000000000000, 39.68948090559996444 ) ) ;
#190 = DIRECTION ( 'NONE',  ( -0.000000000000000000, -1.000000000000000000, -0.000000000000000000 ) ) ;
#191 = ADVANCED_FACE ( 'NONE', ( #2079 ), #211, .F. ) ;
#192 = ORIENTED_EDGE ( 'NONE', *, *, #978, .T. ) ;
#193 = CARTESIAN_POINT ( 'NONE',  ( 0.000000000000000000, 4.000000000000000000, -42.71051909440004835 ) ) ;
#194 = ORIENTED_EDGE ( 'NONE', *, *, #778, .F. ) ;
#195 = VERTEX_POINT ( 'NONE', #1482 ) ;
#196 = CARTESIAN_POINT ( 'NONE',  ( -52.37307481965228106, 4.000000000000000000, -31.69999999999997087 ) ) ;
#197 = LINE ( 'NONE', #2022, #826 ) ;
#198 = ADVANCED_FACE ( 'NONE', ( #653 ), #1150, .T. ) ;
#199 = VECTOR ( 'NONE', #1675, 1000.000000000000000 ) ;
#200 = CARTESIAN_POINT ( 'NONE',  ( -45.74529042290988201, 2.000000000000000000, -48.69999999999999574 ) ) ;
#201 = VECTOR ( 'NONE', #1557, 1000.000000000000000 ) ;
#202 = ORIENTED_EDGE ( 'NONE', *, *, #1541, .F. ) ;
#203 = VECTOR ( 'NONE', #867, 1000.000000000000000 ) ;
#204 = ADVANCED_FACE ( 'NONE', ( #1084 ), #442, .T. ) ;
#205 = FACE_OUTER_BOUND ( 'NONE', #1843, .T. ) ;
#206 = ORIENTED_EDGE ( 'NONE', *, *, #141, .F. ) ;
#207 = ORIENTED_EDGE ( 'NONE', *, *, #1931, .T. ) ;
#208 = AXIS2_PLACEMENT_3D ( 'NONE', #929, #942, #585 ) ;
#209 = CARTESIAN_POINT ( 'NONE',  ( 0.000000000000000000, 4.000000000000000000, -41.21051909440004124 ) ) ;
#210 = CARTESIAN_POINT ( 'NONE',  ( -76.77307481965229385, 0.000000000000000000, 0.000000000000000000 ) ) ;
#211 = PLANE ( 'NONE',  #1029 ) ;
#212 = DIRECTION ( 'NONE',  ( -5.526005734932251062E-15, 0.000000000000000000, 1.000000000000000000 ) ) ;
#213 = VERTEX_POINT ( 'NONE', #1271 ) ;
#214 = CC_DESIGN_DATE_AND_TIME_ASSIGNMENT ( #588, #765, ( #1114 ) ) ;
#215 = FACE_OUTER_BOUND ( 'NONE', #231, .T. ) ;
#216 = VERTEX_POINT ( 'NONE', #776 ) ;
#217 = ORIENTED_EDGE ( 'NONE', *, *, #1809, .F. ) ;
#218 = ADVANCED_FACE ( 'NONE', ( #459 ), #755, .T. ) ;
#219 = FACE_OUTER_BOUND ( 'NONE', #680, .T. ) ;
#220 = DIRECTION ( 'NONE',  ( -1.541811912124293705E-15, 0.000000000000000000, 1.000000000000000000 ) ) ;
#221 = DIRECTION ( 'NONE',  ( 4.192333745099720122E-17, -0.000000000000000000, -1.000000000000000000 ) ) ;
#222 = CARTESIAN_POINT ( 'NONE',  ( -58.87307481965228106, 0.000000000000000000, 39.68948090559995734 ) ) ;
#223 = ORIENTED_EDGE ( 'NONE', *, *, #1494, .T. ) ;
#224 = LINE ( 'NONE', #854, #431 ) ;
#225 = DIRECTION ( 'NONE',  ( 0.000000000000000000, 1.000000000000000000, 0.000000000000000000 ) ) ;
#226 = ORIENTED_EDGE ( 'NONE', *, *, #821, .T. ) ;
#227 = ORIENTED_EDGE ( 'NONE', *, *, #1076, .T. ) ;
#228 = FACE_OUTER_BOUND ( 'NONE', #1560, .T. ) ;
#229 = DIRECTION ( 'NONE',  ( -0.000000000000000000, -1.000000000000000000, -0.000000000000000000 ) ) ;
#230 = CARTESIAN_POINT ( 'NONE',  ( -50.34529042290991896, 0.000000000000000000, 0.000000000000000000 ) ) ;
#231 = EDGE_LOOP ( 'NONE', ( #626, #1308, #1018, #1127 ) ) ;
#232 = LINE ( 'NONE', #949, #999 ) ;
#233 = VECTOR ( 'NONE', #1685, 1000.000000000000000 ) ;
#234 = CARTESIAN_POINT ( 'NONE',  ( -31.94529042290990972, -2.000000000000000000, -33.31076601422216044 ) ) ;
#235 = ORIENTED_EDGE ( 'NONE', *, *, #358, .F. ) ;
#236 = ORIENTED_EDGE ( 'NONE', *, *, #849, .T. ) ;
#237 = DIRECTION ( 'NONE',  ( -1.860293271824993963E-16, 0.000000000000000000, -1.000000000000000000 ) ) ;
#238 = VECTOR ( 'NONE', #1386, 1000.000000000000000 ) ;
#239 = VECTOR ( 'NONE', #1859, 1000.000000000000000 ) ;
#240 = VERTEX_POINT ( 'NONE', #1613 ) ;
#241 = DIRECTION ( 'NONE',  ( -1.298367925999405132E-15, 0.000000000000000000, -1.000000000000000000 ) ) ;
#242 = CARTESIAN_POINT ( 'NONE',  ( 4.770619643041932534, 4.000000000000000000, -33.31076601422217465 ) ) ;
#243 = EDGE_CURVE ( 'NONE', #607, #1964, #148, .T. ) ;
#244 = CARTESIAN_POINT ( 'NONE',  ( 3.270619643042310898, 4.000000000000000000, -2.372142006180710244E-14 ) ) ;
#245 = CARTESIAN_POINT ( 'NONE',  ( 4.770619643041935198, -2.000000000000000000, -33.31076601422216754 ) ) ;
#246 = FACE_OUTER_BOUND ( 'NONE', #1466, .T. ) ;
#247 = ORIENTED_EDGE ( 'NONE', *, *, #797, .T. ) ;
#248 = EDGE_CURVE ( 'NONE', #1811, #1410, #1451, .T. ) ;
#249 = PLANE ( 'NONE',  #1779 ) ;
#250 = ORIENTED_EDGE ( 'NONE', *, *, #1714, .F. ) ;
#251 = ORIENTED_EDGE ( 'NONE', *, *, #1809, .T. ) ;
#252 = ORIENTED_EDGE ( 'NONE', *, *, #492, .F. ) ;
#253 = DIRECTION ( 'NONE',  ( 0.000000000000000000, 1.000000000000000000, 0.000000000000000000 ) ) ;
#254 = ORIENTED_EDGE ( 'NONE', *, *, #1166, .F. ) ;
#255 = EDGE_CURVE ( 'NONE', #1995, #340, #1918, .T. ) ;
#256 = CARTESIAN_POINT ( 'NONE',  ( -1.988110510413048144E-14, 0.000000000000000000, -53.91076601422218317 ) ) ;
#257 = EDGE_LOOP ( 'NONE', ( #1822, #396, #1930, #1712 ) ) ;
#258 = DIRECTION ( 'NONE',  ( 0.000000000000000000, 1.000000000000000000, 0.000000000000000000 ) ) ;
#259 = CARTESIAN_POINT ( 'NONE',  ( -52.37307481965228106, 0.000000000000000000, -21.19999999999996376 ) ) ;
#260 = DIRECTION ( 'NONE',  ( -8.270433735288711788E-17, 0.000000000000000000, -1.000000000000000000 ) ) ;
#261 = CARTESIAN_POINT ( 'NONE',  ( -1.426935403565149850E-13, 2.000000000000000000, -51.41076601422226133 ) ) ;
#262 = CARTESIAN_POINT ( 'NONE',  ( -1.988110510413048144E-14, 4.000000000000000000, -53.91076601422218317 ) ) ;
#263 = CARTESIAN_POINT ( 'NONE',  ( 4.770619643041935198, -2.000000000000000000, -33.31076601422216754 ) ) ;
#264 = ORIENTED_EDGE ( 'NONE', *, *, #1458, .T. ) ;
#265 = EDGE_CURVE ( 'NONE', #1497, #484, #920, .T. ) ;
#266 = AXIS2_PLACEMENT_3D ( 'NONE', #1928, #1266, #1284 ) ;
#267 = CARTESIAN_POINT ( 'NONE',  ( -52.37307481965228106, 0.000000000000000000, -21.19999999999996376 ) ) ;
#268 = VECTOR ( 'NONE', #878, 1000.000000000000000 ) ;
#269 = LINE ( 'NONE', #567, #1740 ) ;
#270 = VECTOR ( 'NONE', #813, 1000.000000000000000 ) ;
#271 = PERSON_AND_ORGANIZATION ( #1259, #1282 ) ;
#272 = ORIENTED_EDGE ( 'NONE', *, *, #2028, .T. ) ;
#273 = VECTOR ( 'NONE', #1655, 1000.000000000000000 ) ;
#274 = DIRECTION ( 'NONE',  ( 3.147541781542150434E-16, 0.000000000000000000, -1.000000000000000000 ) ) ;
#275 = VERTEX_POINT ( 'NONE', #429 ) ;
#276 = DIRECTION ( 'NONE',  ( 1.000000000000000000, 0.000000000000000000, 3.469446951953616950E-15 ) ) ;
#277 = LINE ( 'NONE', #928, #1697 ) ;
#278 = DIRECTION ( 'NONE',  ( -1.000000000000000000, 0.000000000000000000, -3.469446951953617344E-15 ) ) ;
#279 = CARTESIAN_POINT ( 'NONE',  ( -40.74529042290991043, 4.000000000000000000, -25.69999999999998153 ) ) ;
#280 = ORIENTED_EDGE ( 'NONE', *, *, #373, .T. ) ;
#281 = LINE ( 'NONE', #131, #1246 ) ;
#282 = DIRECTION ( 'NONE',  ( 1.000000000000000000, 0.000000000000000000, 0.000000000000000000 ) ) ;
#283 = DIRECTION ( 'NONE',  ( -1.000000000000000000, 0.000000000000000000, -0.000000000000000000 ) ) ;
#284 = ADVANCED_FACE ( 'NONE', ( #1072 ), #2062, .T. ) ;
#285 = PERSON_AND_ORGANIZATION ( #1259, #1282 ) ;
#286 = CARTESIAN_POINT ( 'NONE',  ( -37.94529042290989906, 0.000000000000000000, -24.19999999999997797 ) ) ;
#287 = DIRECTION ( 'NONE',  ( 0.000000000000000000, 0.000000000000000000, 1.000000000000000000 ) ) ;
#288 = DIRECTION ( 'NONE',  ( 1.000000000000000000, -0.000000000000000000, -1.889887487861004136E-16 ) ) ;
#289 = FACE_OUTER_BOUND ( 'NONE', #376, .T. ) ;
#290 = ORIENTED_EDGE ( 'NONE', *, *, #1028, .T. ) ;
#291 = DIRECTION ( 'NONE',  ( 0.000000000000000000, 0.000000000000000000, 1.000000000000000000 ) ) ;
#292 = DIRECTION ( 'NONE',  ( -0.000000000000000000, -0.000000000000000000, -1.000000000000000000 ) ) ;
#293 = EDGE_CURVE ( 'NONE', #505, #2050, #910, .T. ) ;
#294 = CYLINDRICAL_SURFACE ( 'NONE', #2072, 2.999999999999995559 ) ;
#295 = FACE_OUTER_BOUND ( 'NONE', #1443, .T. ) ;
#296 = CARTESIAN_POINT ( 'NONE',  ( -50.34529042290991896, 2.000000000000000000, -53.91076601422216186 ) ) ;
#297 = DIRECTION ( 'NONE',  ( 1.000000000000000000, 0.000000000000000000, -0.000000000000000000 ) ) ;
#298 = EDGE_LOOP ( 'NONE', ( #1366, #112, #1671, #252, #984, #1728, #1988, #1140 ) ) ;
#299 = CARTESIAN_POINT ( 'NONE',  ( -75.27307481965227964, 4.000000000000000000, -41.21051909440004124 ) ) ;
#300 = CIRCLE ( 'NONE', #1884, 19.00000000000000355 ) ;
#301 = AXIS2_PLACEMENT_3D ( 'NONE', #723, #570, #241 ) ;
#302 = PLANE ( 'NONE',  #372 ) ;
#303 = VECTOR ( 'NONE', #455, 1000.000000000000000 ) ;
#304 = CARTESIAN_POINT ( 'NONE',  ( -52.84529042290991896, 4.000000000000000000, 0.000000000000000000 ) ) ;
#305 = VECTOR ( 'NONE', #865, 1000.000000000000000 ) ;
#306 = EDGE_CURVE ( 'NONE', #672, #1659, #1250, .T. ) ;
#307 = VECTOR ( 'NONE', #1726, 1000.000000000000000 ) ;
#308 = DIRECTION ( 'NONE',  ( 0.000000000000000000, 0.000000000000000000, -1.000000000000000000 ) ) ;
#309 = CARTESIAN_POINT ( 'NONE',  ( -34.64529042290979532, 0.000000000000000000, 7.644088490850898393E-14 ) ) ;
#310 = ADVANCED_FACE ( 'NONE', ( #57 ), #94, .T. ) ;
#311 = VERTEX_POINT ( 'NONE', #1225 ) ;
#312 = LINE ( 'NONE', #1435, #1742 ) ;
#313 = CARTESIAN_POINT ( 'NONE',  ( 1.171350155577748202E-14, 4.000000000000000000, 41.18948090559994313 ) ) ;
#314 = CC_DESIGN_PERSON_AND_ORGANIZATION_ASSIGNMENT ( #331, #805, ( #1092 ) ) ;
#315 = EDGE_CURVE ( 'NONE', #964, #1027, #1055, .T. ) ;
#316 = CARTESIAN_POINT ( 'NONE',  ( -54.34529042290991896, 4.000000000000000000, -53.91076601422216186 ) ) ;
#317 = EDGE_LOOP ( 'NONE', ( #1920, #1185, #49, #440 ) ) ;
#318 = EDGE_CURVE ( 'NONE', #1392, #1834, #1196, .T. ) ;
#319 = CARTESIAN_POINT ( 'NONE',  ( -50.34529042290991896, 2.000000000000000000, -51.41076601422215475 ) ) ;
#320 = ORIENTED_EDGE ( 'NONE', *, *, #1923, .F. ) ;
#321 = VERTEX_POINT ( 'NONE', #359 ) ;
#322 = PRODUCT_DEFINITION_FORMATION_WITH_SPECIFIED_SOURCE ( 'ANY', '', #110, .NOT_KNOWN. ) ;
#323 = DATE_AND_TIME ( #1132, #1657 ) ;
#324 = LINE ( 'NONE', #170, #1879 ) ;
#325 = CARTESIAN_POINT ( 'NONE',  ( -60.00000000000001421, 0.000000000000000000, 35.00000000000000000 ) ) ;
#326 = ORIENTED_EDGE ( 'NONE', *, *, #1330, .T. ) ;
#327 = LINE ( 'NONE', #1349, #764 ) ;
#328 = VERTEX_POINT ( 'NONE', #1359 ) ;
#329 = ORIENTED_EDGE ( 'NONE', *, *, #1590, .F. ) ;
#330 = ADVANCED_FACE ( 'NONE', ( #1519 ), #2003, .T. ) ;
#331 = PERSON_AND_ORGANIZATION ( #1259, #1282 ) ;
#332 = VECTOR ( 'NONE', #1573, 1000.000000000000000 ) ;
#333 = VECTOR ( 'NONE', #258, 1000.000000000000000 ) ;
#334 = ORIENTED_EDGE ( 'NONE', *, *, #1003, .F. ) ;
#335 = CARTESIAN_POINT ( 'NONE',  ( -58.87307481965229528, 4.000000000000000000, -42.71051909440004835 ) ) ;
#336 = VECTOR ( 'NONE', #637, 1000.000000000000000 ) ;
#337 = CARTESIAN_POINT ( 'NONE',  ( -76.77307481965229385, 4.000000000000000000, 0.000000000000000000 ) ) ;
#338 = CIRCLE ( 'NONE', #1540, 2.999999999999995559 ) ;
#339 = DIRECTION ( 'NONE',  ( -0.000000000000000000, -1.000000000000000000, -0.000000000000000000 ) ) ;
#340 = VERTEX_POINT ( 'NONE', #245 ) ;
#341 = AXIS2_PLACEMENT_3D ( 'NONE', #633, #816, #1480 ) ;
#342 = LINE ( 'NONE', #671, #172 ) ;
#343 = ORIENTED_EDGE ( 'NONE', *, *, #849, .F. ) ;
#344 = ORIENTED_EDGE ( 'NONE', *, *, #2002, .F. ) ;
#345 = FACE_BOUND ( 'NONE', #720, .T. ) ;
#346 = EDGE_CURVE ( 'NONE', #54, #717, #1869, .T. ) ;
#347 = CARTESIAN_POINT ( 'NONE',  ( -34.02938035695807883, 0.000000000000000000, -40.15508619108273791 ) ) ;
#348 = CARTESIAN_POINT ( 'NONE',  ( -52.84529042290991896, 0.000000000000000000, -42.71051909440004835 ) ) ;
#349 = ORIENTED_EDGE ( 'NONE', *, *, #1644, .T. ) ;
#350 = LINE ( 'NONE', #1624, #866 ) ;
#351 = EDGE_LOOP ( 'NONE', ( #1363, #1050, #161, #165 ) ) ;
#352 = ORIENTED_EDGE ( 'NONE', *, *, #167, .F. ) ;
#353 = CARTESIAN_POINT ( 'NONE',  ( -60.00000000000001421, 0.000000000000000000, 35.00000000000000000 ) ) ;
#354 = EDGE_CURVE ( 'NONE', #340, #1307, #1011, .T. ) ;
#355 = PLANE ( 'NONE',  #1214 ) ;
#356 = ORIENTED_EDGE ( 'NONE', *, *, #1541, .T. ) ;
#357 = CARTESIAN_POINT ( 'NONE',  ( -34.02938035695807173, 4.000000000000000000, -34.81076601422217465 ) ) ;
#358 = EDGE_CURVE ( 'NONE', #240, #1663, #557, .T. ) ;
#359 = CARTESIAN_POINT ( 'NONE',  ( -34.94529042290990617, -2.000000000000000000, -27.19999999999997797 ) ) ;
#360 = LINE ( 'NONE', #623, #1674 ) ;
#361 = ORIENTED_EDGE ( 'NONE', *, *, #1782, .T. ) ;
#362 = CARTESIAN_POINT ( 'NONE',  ( 4.770619643041928981, 4.000000000000000000, -51.15508619108274502 ) ) ;
#363 = ORIENTED_EDGE ( 'NONE', *, *, #652, .F. ) ;
#364 = ORIENTED_EDGE ( 'NONE', *, *, #1654, .T. ) ;
#365 = DIRECTION ( 'NONE',  ( 2.775557561562889379E-15, 0.000000000000000000, -1.000000000000000000 ) ) ;
#366 = DIRECTION ( 'NONE',  ( -1.000000000000000000, 0.000000000000000000, 3.242473786872536307E-16 ) ) ;
#367 = APPROVAL ( #1598, 'UNSPECIFIED' ) ;
#368 = LINE ( 'NONE', #1509, #996 ) ;
#369 = VECTOR ( 'NONE', #1391, 1000.000000000000000 ) ;
#370 = CARTESIAN_POINT ( 'NONE',  ( 0.000000000000000000, 0.000000000000000000, -40.15508619108273791 ) ) ;
#371 = VERTEX_POINT ( 'NONE', #1171 ) ;
#372 = AXIS2_PLACEMENT_3D ( 'NONE', #1568, #1447, #1398 ) ;
#373 = EDGE_CURVE ( 'NONE', #881, #1649, #1212, .T. ) ;
#374 = CARTESIAN_POINT ( 'NONE',  ( -34.94529042290990617, -2.000000000000000000, -30.31076601422216754 ) ) ;
#375 = ORIENTED_EDGE ( 'NONE', *, *, #1227, .F. ) ;
#376 = EDGE_LOOP ( 'NONE', ( #1219, #1465, #415, #166, #1215, #1555 ) ) ;
#377 = VECTOR ( 'NONE', #747, 1000.000000000000000 ) ;
#378 = FACE_OUTER_BOUND ( 'NONE', #1967, .T. ) ;
#379 = LINE ( 'NONE', #518, #938 ) ;
#380 = CARTESIAN_POINT ( 'NONE',  ( -45.74529042290988201, 2.000000000000000000, 0.000000000000000000 ) ) ;
#381 = DIRECTION ( 'NONE',  ( 1.000000000000000000, -0.000000000000000000, 0.000000000000000000 ) ) ;
#382 = PLANE ( 'NONE',  #1428 ) ;
#383 = ORIENTED_EDGE ( 'NONE', *, *, #389, .F. ) ;
#384 = EDGE_CURVE ( 'NONE', #580, #2021, #1550, .T. ) ;
#385 = CARTESIAN_POINT ( 'NONE',  ( -34.64529042290990191, 4.000000000000000000, 0.000000000000000000 ) ) ;
#386 = LINE ( 'NONE', #1016, #634 ) ;
#387 = EDGE_LOOP ( 'NONE', ( #869, #361, #250, #192 ) ) ;
#388 = VERTEX_POINT ( 'NONE', #831 ) ;
#389 = EDGE_CURVE ( 'NONE', #1252, #717, #368, .T. ) ;
#390 = CARTESIAN_POINT ( 'NONE',  ( 4.770619643041936087, -2.000000000000000000, -54.00000000000000000 ) ) ;
#391 = CARTESIAN_POINT ( 'NONE',  ( -75.27307481965227964, 0.000000000000000000, -41.21051909440004124 ) ) ;
#392 = LINE ( 'NONE', #1012, #1253 ) ;
#393 = ORIENTED_EDGE ( 'NONE', *, *, #306, .T. ) ;
#394 = DIRECTION ( 'NONE',  ( 0.000000000000000000, 1.000000000000000000, 0.000000000000000000 ) ) ;
#395 = DIRECTION ( 'NONE',  ( 0.000000000000000000, 1.000000000000000000, 0.000000000000000000 ) ) ;
#396 = ORIENTED_EDGE ( 'NONE', *, *, #1403, .F. ) ;
#397 = VERTEX_POINT ( 'NONE', #286 ) ;
#398 = EDGE_CURVE ( 'NONE', #993, #1384, #107, .T. ) ;
#399 = CARTESIAN_POINT ( 'NONE',  ( -54.34529042290991896, 0.000000000000000000, -53.91076601422216186 ) ) ;
#400 = DIRECTION ( 'NONE',  ( -0.000000000000000000, -1.000000000000000000, -0.000000000000000000 ) ) ;
#401 = CARTESIAN_POINT ( 'NONE',  ( 0.000000000000000000, 4.000000000000000000, 0.000000000000000000 ) ) ;
#402 = ORIENTED_EDGE ( 'NONE', *, *, #2094, .F. ) ;
#403 = AXIS2_PLACEMENT_3D ( 'NONE', #1730, #605, #1408 ) ;
#404 = VECTOR ( 'NONE', #1293, 1000.000000000000000 ) ;
#405 = LINE ( 'NONE', #2019, #1357 ) ;
#406 = ORIENTED_EDGE ( 'NONE', *, *, #1961, .F. ) ;
#407 = ORIENTED_EDGE ( 'NONE', *, *, #1828, .F. ) ;
#408 = AXIS2_PLACEMENT_3D ( 'NONE', #1788, #1138, #1810 ) ;
#409 = AXIS2_PLACEMENT_3D ( 'NONE', #551, #225, #1720 ) ;
#410 = VECTOR ( 'NONE', #1691, 1000.000000000000000 ) ;
#411 = ADVANCED_FACE ( 'NONE', ( #603 ), #581, .T. ) ;
#412 = LINE ( 'NONE', #200, #1146 ) ;
#413 = ORIENTED_EDGE ( 'NONE', *, *, #2043, .T. ) ;
#414 = LINE ( 'NONE', #2025, #1703 ) ;
#415 = ORIENTED_EDGE ( 'NONE', *, *, #243, .F. ) ;
#416 = ORIENTED_EDGE ( 'NONE', *, *, #839, .T. ) ;
#417 = LINE ( 'NONE', #576, #759 ) ;
#418 = PLANE ( 'NONE',  #795 ) ;
#419 = CARTESIAN_POINT ( 'NONE',  ( -58.87307481965229528, 4.000000000000000000, -41.21051909440004124 ) ) ;
#420 = ADVANCED_FACE ( 'NONE', ( #295 ), #33, .T. ) ;
#421 = LINE ( 'NONE', #1060, #1393 ) ;
#422 = EDGE_CURVE ( 'NONE', #1474, #54, #1623, .T. ) ;
#423 = EDGE_LOOP ( 'NONE', ( #823, #402, #553, #207 ) ) ;
#424 = PLANE ( 'NONE',  #2045 ) ;
#425 = ORIENTED_EDGE ( 'NONE', *, *, #1990, .F. ) ;
#426 = DATE_AND_TIME ( #1056, #1993 ) ;
#427 = EDGE_LOOP ( 'NONE', ( #329, #1379, #72, #1074 ) ) ;
#428 = CARTESIAN_POINT ( 'NONE',  ( -1.426935403565149850E-13, 0.000000000000000000, -51.41076601422226133 ) ) ;
#429 = CARTESIAN_POINT ( 'NONE',  ( -50.34529042290991896, 0.000000000000000000, -53.91076601422216186 ) ) ;
#430 = CARTESIAN_POINT ( 'NONE',  ( -55.37307481965227396, -2.000000000000000000, 54.00000000000000711 ) ) ;
#431 = VECTOR ( 'NONE', #1532, 1000.000000000000000 ) ;
#432 = ORIENTED_EDGE ( 'NONE', *, *, #1494, .F. ) ;
#433 = EDGE_CURVE ( 'NONE', #213, #328, #1713, .T. ) ;
#434 = LINE ( 'NONE', #113, #1354 ) ;
#435 = AXIS2_PLACEMENT_3D ( 'NONE', #1133, #1643, #937 ) ;
#436 = CARTESIAN_POINT ( 'NONE',  ( -41.74529042290988201, 2.000000000000000000, 0.000000000000000000 ) ) ;
#437 = VECTOR ( 'NONE', #1755, 1000.000000000000000 ) ;
#438 = APPROVAL_DATE_TIME ( #1907, #962 ) ;
#439 = AXIS2_PLACEMENT_3D ( 'NONE', #1473, #643, #1667 ) ;
#440 = ORIENTED_EDGE ( 'NONE', *, *, #2002, .T. ) ;
#441 = LINE ( 'NONE', #126, #1706 ) ;
#442 = PLANE ( 'NONE',  #403 ) ;
#443 = LINE ( 'NONE', #1593, #437 ) ;
#444 = EDGE_CURVE ( 'NONE', #1286, #786, #269, .T. ) ;
#445 = ORIENTED_EDGE ( 'NONE', *, *, #941, .T. ) ;
#446 = DIRECTION ( 'NONE',  ( 0.000000000000000000, 0.000000000000000000, -1.000000000000000000 ) ) ;
#447 = LINE ( 'NONE', #1929, #171 ) ;
#448 = ADVANCED_FACE ( 'NONE', ( #1224 ), #418, .F. ) ;
#449 = PERSON_AND_ORGANIZATION_ROLE ( 'creator' ) ;
#450 = LINE ( 'NONE', #1270, #1911 ) ;
#451 = CARTESIAN_POINT ( 'NONE',  ( 0.000000000000000000, 0.000000000000000000, -52.41076601422216896 ) ) ;
#452 = DIRECTION ( 'NONE',  ( 3.469446951953617344E-15, 0.000000000000000000, -1.000000000000000000 ) ) ;
#453 = CARTESIAN_POINT ( 'NONE',  ( -34.94529042290990617, 0.000000000000000000, -27.19999999999997797 ) ) ;
#454 = ORIENTED_EDGE ( 'NONE', *, *, #876, .T. ) ;
#455 = DIRECTION ( 'NONE',  ( -8.577124726708563381E-17, 0.000000000000000000, -1.000000000000000000 ) ) ;
#456 = ADVANCED_FACE ( 'NONE', ( #1053 ), #2058, .F. ) ;
#457 = EDGE_CURVE ( 'NONE', #1695, #834, #1751, .T. ) ;
#458 = LINE ( 'NONE', #1427, #2041 ) ;
#459 = FACE_OUTER_BOUND ( 'NONE', #1501, .T. ) ;
#460 = DIRECTION ( 'NONE',  ( 1.000000000000000000, 0.000000000000000000, -0.000000000000000000 ) ) ;
#461 = ORIENTED_EDGE ( 'NONE', *, *, #1417, .F. ) ;
#462 = CARTESIAN_POINT ( 'NONE',  ( -52.84529042290991896, 4.000000000000000000, 0.000000000000000000 ) ) ;
#463 = FACE_OUTER_BOUND ( 'NONE', #853, .T. ) ;
#464 = VECTOR ( 'NONE', #979, 1000.000000000000000 ) ;
#465 = EDGE_CURVE ( 'NONE', #1584, #786, #1412, .T. ) ;
#466 = VECTOR ( 'NONE', #29, 1000.000000000000000 ) ;
#467 = ORIENTED_EDGE ( 'NONE', *, *, #1839, .T. ) ;
#468 = CARTESIAN_POINT ( 'NONE',  ( 4.770619643041930757, 4.000000000000000000, -40.15508619108274502 ) ) ;
#469 = VECTOR ( 'NONE', #1631, 1000.000000000000000 ) ;
#470 = ADVANCED_FACE ( 'NONE', ( #905 ), #102, .T. ) ;
#471 = LINE ( 'NONE', #1460, #1180 ) ;
#472 = ORIENTED_EDGE ( 'NONE', *, *, #293, .F. ) ;
#473 = DIRECTION ( 'NONE',  ( 0.000000000000000000, -1.000000000000000000, 0.000000000000000000 ) ) ;
#474 = ORIENTED_EDGE ( 'NONE', *, *, #1816, .T. ) ;
#475 = ORIENTED_EDGE ( 'NONE', *, *, #990, .T. ) ;
#476 = CARTESIAN_POINT ( 'NONE',  ( -34.94529042290990617, -2.000000000000000000, -27.19999999999997797 ) ) ;
#477 = CARTESIAN_POINT ( 'NONE',  ( 3.270619643041946301, 0.000000000000000000, -40.15508619108275212 ) ) ;
#478 = EDGE_CURVE ( 'NONE', #965, #1365, #1906, .T. ) ;
#479 = DIRECTION ( 'NONE',  ( 0.000000000000000000, 0.000000000000000000, 1.000000000000000000 ) ) ;
#480 = ORIENTED_EDGE ( 'NONE', *, *, #1498, .F. ) ;
#481 = CARTESIAN_POINT ( 'NONE',  ( -37.94529042290989906, -2.000000000000000000, -27.19999999999997797 ) ) ;
#482 = ORIENTED_EDGE ( 'NONE', *, *, #754, .T. ) ;
#483 = VERTEX_POINT ( 'NONE', #1243 ) ;
#484 = VERTEX_POINT ( 'NONE', #612 ) ;
#485 = PLANE ( 'NONE',  #341 ) ;
#486 = LINE ( 'NONE', #843, #701 ) ;
#487 = ORIENTED_EDGE ( 'NONE', *, *, #354, .T. ) ;
#488 = CARTESIAN_POINT ( 'NONE',  ( -52.84529042290991896, 2.000000000000000000, -53.91076601422216186 ) ) ;
#489 = LINE ( 'NONE', #1327, #966 ) ;
#490 = ORIENTED_EDGE ( 'NONE', *, *, #1816, .F. ) ;
#491 = ORIENTED_EDGE ( 'NONE', *, *, #1839, .F. ) ;
#492 = EDGE_CURVE ( 'NONE', #483, #2027, #1587, .T. ) ;
#493 = APPROVAL_DATE_TIME ( #323, #640 ) ;
#494 = VECTOR ( 'NONE', #1093, 1000.000000000000000 ) ;
#495 = VECTOR ( 'NONE', #212, 1000.000000000000000 ) ;
#496 = VECTOR ( 'NONE', #1860, 1000.000000000000000 ) ;
#497 = CARTESIAN_POINT ( 'NONE',  ( -34.64529042290990191, 0.000000000000000000, -33.31076601422216044 ) ) ;
#498 = AXIS2_PLACEMENT_3D ( 'NONE', #261, #1450, #1958 ) ;
#499 = CIRCLE ( 'NONE', #1743, 19.00000000000000355 ) ;
#500 = DIRECTION ( 'NONE',  ( -1.000000000000000000, 0.000000000000000000, 0.000000000000000000 ) ) ;
#501 = ORIENTED_EDGE ( 'NONE', *, *, #1553, .T. ) ;
#502 = VECTOR ( 'NONE', #1091, 1000.000000000000000 ) ;
#503 = CARTESIAN_POINT ( 'NONE',  ( -52.84529042290991896, 2.000000000000000000, 0.000000000000000000 ) ) ;
#504 = EDGE_LOOP ( 'NONE', ( #1036, #893, #677, #356 ) ) ;
#505 = VERTEX_POINT ( 'NONE', #1257 ) ;
#506 = CARTESIAN_POINT ( 'NONE',  ( -50.34529042290991896, 0.000000000000000000, -51.41076601422215475 ) ) ;
#507 = EDGE_CURVE ( 'NONE', #2021, #521, #1269, .T. ) ;
#508 = CARTESIAN_POINT ( 'NONE',  ( 0.000000000000000000, 0.000000000000000000, -40.15508619108274502 ) ) ;
#509 = DIRECTION ( 'NONE',  ( -0.000000000000000000, -1.000000000000000000, -0.000000000000000000 ) ) ;
#510 = LINE ( 'NONE', #1151, #2013 ) ;
#511 = ORIENTED_EDGE ( 'NONE', *, *, #354, .F. ) ;
#512 = LINE ( 'NONE', #38, #270 ) ;
#513 = ORIENTED_EDGE ( 'NONE', *, *, #101, .F. ) ;
#514 = EDGE_LOOP ( 'NONE', ( #1265, #1668, #183, #550, #1523, #1175 ) ) ;
#515 = CC_DESIGN_APPROVAL ( #367, ( #1114 ) ) ;
#516 = EDGE_CURVE ( 'NONE', #1396, #874, #840, .T. ) ;
#517 = CARTESIAN_POINT ( 'NONE',  ( 1.426935403565143035E-13, 2.000000000000000000, -51.41076601422201264 ) ) ;
#518 = CARTESIAN_POINT ( 'NONE',  ( -34.64529042290990191, 4.000000000000000000, -33.31076601422216754 ) ) ;
#519 = EDGE_CURVE ( 'NONE', #1025, #820, #1824, .T. ) ;
#520 = CARTESIAN_POINT ( 'NONE',  ( -58.87307481965228106, 4.000000000000000000, 0.000000000000000000 ) ) ;
#521 = VERTEX_POINT ( 'NONE', #1999 ) ;
#522 = CARTESIAN_POINT ( 'NONE',  ( -40.74529042290991043, 0.000000000000000000, 0.000000000000000000 ) ) ;
#523 = ORIENTED_EDGE ( 'NONE', *, *, #1170, .T. ) ;
#524 = VERTEX_POINT ( 'NONE', #649 ) ;
#525 = ORIENTED_EDGE ( 'NONE', *, *, #1897, .F. ) ;
#526 = VECTOR ( 'NONE', #1757, 1000.000000000000000 ) ;
#527 = EDGE_CURVE ( 'NONE', #2035, #1240, #1651, .T. ) ;
#528 = DIRECTION ( 'NONE',  ( 1.000000000000000000, 0.000000000000000000, -1.214390062501570411E-15 ) ) ;
#529 = DIRECTION ( 'NONE',  ( 0.000000000000000000, 0.000000000000000000, -1.000000000000000000 ) ) ;
#530 = LINE ( 'NONE', #1708, #1318 ) ;
#531 = ADVANCED_FACE ( 'NONE', ( #1965, #1814, #345, #378 ), #977, .T. ) ;
#532 = ORIENTED_EDGE ( 'NONE', *, *, #1268, .T. ) ;
#533 = VECTOR ( 'NONE', #1306, 1000.000000000000000 ) ;
#534 = CARTESIAN_POINT ( 'NONE',  ( -60.00000000000001421, -2.000000000000000000, 54.00000000000000711 ) ) ;
#535 = ORIENTED_EDGE ( 'NONE', *, *, #1227, .T. ) ;
#536 = ORIENTED_EDGE ( 'NONE', *, *, #818, .F. ) ;
#537 = VECTOR ( 'NONE', #811, 1000.000000000000000 ) ;
#538 = CARTESIAN_POINT ( 'NONE',  ( -34.02938035695807173, 4.000000000000000000, -52.41076601422216896 ) ) ;
#539 = PLANE ( 'NONE',  #37 ) ;
#540 = CARTESIAN_POINT ( 'NONE',  ( 0.000000000000000000, 4.000000000000000000, -40.15508619108274502 ) ) ;
#541 = LINE ( 'NONE', #1369, #1969 ) ;
#542 = ORIENTED_EDGE ( 'NONE', *, *, #797, .F. ) ;
#543 = ADVANCED_FACE ( 'NONE', ( #1489 ), #661, .T. ) ;
#544 = DIRECTION ( 'NONE',  ( 0.000000000000000000, 0.000000000000000000, -1.000000000000000000 ) ) ;
#545 = EDGE_LOOP ( 'NONE', ( #1104, #91, #1797, #1798 ) ) ;
#546 = VERTEX_POINT ( 'NONE', #1978 ) ;
#547 = LINE ( 'NONE', #714, #1105 ) ;
#548 = CARTESIAN_POINT ( 'NONE',  ( -40.74529042290991043, 4.000000000000000000, 0.000000000000000000 ) ) ;
#549 = CARTESIAN_POINT ( 'NONE',  ( -52.84529042290991896, 0.000000000000000000, -51.41076601422216186 ) ) ;
#550 = ORIENTED_EDGE ( 'NONE', *, *, #1690, .T. ) ;
#551 = CARTESIAN_POINT ( 'NONE',  ( -60.00000000000001421, -2.000000000000000000, 35.00000000000000000 ) ) ;
#552 = VERTEX_POINT ( 'NONE', #506 ) ;
#553 = ORIENTED_EDGE ( 'NONE', *, *, #1785, .F. ) ;
#554 = EDGE_CURVE ( 'NONE', #2037, #60, #1683, .T. ) ;
#555 = LINE ( 'NONE', #1226, #1569 ) ;
#556 = ORIENTED_EDGE ( 'NONE', *, *, #1733, .T. ) ;
#557 = LINE ( 'NONE', #1033, #496 ) ;
#558 = DIRECTION ( 'NONE',  ( 1.000000000000000000, 0.000000000000000000, -0.000000000000000000 ) ) ;
#559 = ORIENTED_EDGE ( 'NONE', *, *, #565, .F. ) ;
#560 = VECTOR ( 'NONE', #77, 1000.000000000000000 ) ;
#561 = DIRECTION ( 'NONE',  ( 1.000000000000000000, -0.000000000000000000, -0.000000000000000000 ) ) ;
#562 = ORIENTED_EDGE ( 'NONE', *, *, #1897, .T. ) ;
#563 = ORIENTED_EDGE ( 'NONE', *, *, #1208, .F. ) ;
#564 = VECTOR ( 'NONE', #841, 1000.000000000000000 ) ;
#565 = EDGE_CURVE ( 'NONE', #1830, #1392, #417, .T. ) ;
#566 = VECTOR ( 'NONE', #1679, 1000.000000000000000 ) ;
#567 = CARTESIAN_POINT ( 'NONE',  ( -34.94529042290990617, 0.000000000000000000, -30.31076601422216754 ) ) ;
#568 = AXIS2_PLACEMENT_3D ( 'NONE', #1692, #1046, #558 ) ;
#569 = EDGE_CURVE ( 'NONE', #1709, #1565, #1065, .T. ) ;
#570 = DIRECTION ( 'NONE',  ( 1.000000000000000000, 0.000000000000000000, -1.298367925999405132E-15 ) ) ;
#571 =( NAMED_UNIT ( * ) SI_UNIT ( $, .STERADIAN. ) SOLID_ANGLE_UNIT ( ) );
#572 = CARTESIAN_POINT ( 'NONE',  ( -52.84529042290991896, 0.000000000000000000, 0.000000000000000000 ) ) ;
#573 = EDGE_LOOP ( 'NONE', ( #482, #1812, #1914, #36 ) ) ;
#574 = LINE ( 'NONE', #430, #667 ) ;
#575 = ORIENTED_EDGE ( 'NONE', *, *, #1669, .T. ) ;
#576 = CARTESIAN_POINT ( 'NONE',  ( -58.87307481965229528, 4.000000000000000000, -42.71051909440004835 ) ) ;
#577 = DIRECTION ( 'NONE',  ( 1.000000000000000000, 0.000000000000000000, -0.000000000000000000 ) ) ;
#578 = EDGE_CURVE ( 'NONE', #1307, #739, #1352, .T. ) ;
#579 = APPROVAL_ROLE ( '' ) ;
#580 = VERTEX_POINT ( 'NONE', #1585 ) ;
#581 = PLANE ( 'NONE',  #1283 ) ;
#582 = LINE ( 'NONE', #604, #705 ) ;
#583 = ADVANCED_FACE ( 'NONE', ( #1904 ), #775, .F. ) ;
#584 = DIRECTION ( 'NONE',  ( 1.000000000000000000, 0.000000000000000000, 0.000000000000000000 ) ) ;
#585 = DIRECTION ( 'NONE',  ( 0.000000000000000000, 0.000000000000000000, 1.000000000000000000 ) ) ;
#586 = ORIENTED_EDGE ( 'NONE', *, *, #1785, .T. ) ;
#587 = LINE ( 'NONE', #1905, #796 ) ;
#588 = DATE_AND_TIME ( #1579, #780 ) ;
#589 = LINE ( 'NONE', #1496, #1288 ) ;
#590 = ADVANCED_FACE ( 'NONE', ( #463 ), #1108, .T. ) ;
#591 = DIRECTION ( 'NONE',  ( 0.000000000000000000, 1.000000000000000000, 0.000000000000000000 ) ) ;
#592 = DIRECTION ( 'NONE',  ( -1.000000000000000000, 0.000000000000000000, 0.000000000000000000 ) ) ;
#593 = CARTESIAN_POINT ( 'NONE',  ( -37.94529042290989906, -2.000000000000000000, -24.19999999999997797 ) ) ;
#594 = ORIENTED_EDGE ( 'NONE', *, *, #2075, .T. ) ;
#595 = DIRECTION ( 'NONE',  ( 0.000000000000000000, 1.000000000000000000, 0.000000000000000000 ) ) ;
#596 = VECTOR ( 'NONE', #1468, 1000.000000000000000 ) ;
#597 = CARTESIAN_POINT ( 'NONE',  ( -52.37307481965228106, -2.000000000000000000, -21.19999999999996376 ) ) ;
#598 = LINE ( 'NONE', #299, #1603 ) ;
#599 = VECTOR ( 'NONE', #1315, 1000.000000000000000 ) ;
#600 = DIRECTION ( 'NONE',  ( -1.000000000000000000, 0.000000000000000000, 0.000000000000000000 ) ) ;
#601 = AXIS2_PLACEMENT_3D ( 'NONE', #819, #1452, #960 ) ;
#602 = AXIS2_PLACEMENT_3D ( 'NONE', #1517, #1836, #528 ) ;
#603 = FACE_OUTER_BOUND ( 'NONE', #1787, .T. ) ;
#604 = CARTESIAN_POINT ( 'NONE',  ( -1.426935403565149850E-13, 2.000000000000000000, -51.41076601422226133 ) ) ;
#605 = DIRECTION ( 'NONE',  ( 0.000000000000000000, 1.000000000000000000, -0.000000000000000000 ) ) ;
#606 = CARTESIAN_POINT ( 'NONE',  ( 4.770619643041936087, 0.000000000000000000, -54.00000000000000000 ) ) ;
#607 = VERTEX_POINT ( 'NONE', #1902 ) ;
#608 = EDGE_CURVE ( 'NONE', #1155, #521, #615, .T. ) ;
#609 = FACE_OUTER_BOUND ( 'NONE', #1807, .T. ) ;
#610 = DIRECTION ( 'NONE',  ( 0.000000000000000000, 0.000000000000000000, -1.000000000000000000 ) ) ;
#611 = ADVANCED_FACE ( 'NONE', ( #1334 ), #746, .T. ) ;
#612 = CARTESIAN_POINT ( 'NONE',  ( -52.37307481965228106, 0.000000000000000000, -31.69999999999997797 ) ) ;
#613 = CARTESIAN_POINT ( 'NONE',  ( 3.270619643041879243, 0.000000000000000000, 5.042680325669674347E-15 ) ) ;
#614 = DIRECTION ( 'NONE',  ( 0.000000000000000000, 0.000000000000000000, 1.000000000000000000 ) ) ;
#615 = LINE ( 'NONE', #1362, #203 ) ;
#616 = EDGE_LOOP ( 'NONE', ( #343, #1328, #1783, #1400 ) ) ;
#617 = CC_DESIGN_DATE_AND_TIME_ASSIGNMENT ( #1446, #1290, ( #1092 ) ) ;
#618 = PLANE ( 'NONE',  #1353 ) ;
#619 = CARTESIAN_POINT ( 'NONE',  ( -40.74529042290991043, 4.000000000000000000, -24.19999999999997797 ) ) ;
#620 = ADVANCED_FACE ( 'NONE', ( #1481 ), #1764, .T. ) ;
#621 = CARTESIAN_POINT ( 'NONE',  ( -40.74529042290991043, 0.000000000000000000, -25.69999999999998153 ) ) ;
#622 = CARTESIAN_POINT ( 'NONE',  ( -60.00000000000001421, -2.000000000000000000, 35.00000000000000000 ) ) ;
#623 = CARTESIAN_POINT ( 'NONE',  ( -76.77307481965229385, 4.000000000000000000, 41.18948090559996444 ) ) ;
#624 = ORIENTED_EDGE ( 'NONE', *, *, #1455, .F. ) ;
#625 = CARTESIAN_POINT ( 'NONE',  ( 0.000000000000000000, 2.000000000000000000, -53.91076601422216186 ) ) ;
#626 = ORIENTED_EDGE ( 'NONE', *, *, #1254, .F. ) ;
#627 = ORIENTED_EDGE ( 'NONE', *, *, #2085, .T. ) ;
#628 = VECTOR ( 'NONE', #896, 1000.000000000000000 ) ;
#629 = VECTOR ( 'NONE', #1558, 1000.000000000000000 ) ;
#630 = FACE_OUTER_BOUND ( 'NONE', #427, .T. ) ;
#631 = AXIS2_PLACEMENT_3D ( 'NONE', #462, #282, #610 ) ;
#632 = ADVANCED_FACE ( 'NONE', ( #860 ), #539, .T. ) ;
#633 = CARTESIAN_POINT ( 'NONE',  ( -60.00000000000001421, -2.000000000000000000, 35.00000000000000000 ) ) ;
#634 = VECTOR ( 'NONE', #690, 1000.000000000000000 ) ;
#635 = LINE ( 'NONE', #1794, #273 ) ;
#636 = ORIENTED_EDGE ( 'NONE', *, *, #155, .T. ) ;
#637 = DIRECTION ( 'NONE',  ( 1.000000000000000000, 0.000000000000000000, -3.242473786872536307E-16 ) ) ;
#638 = VERTEX_POINT ( 'NONE', #1068 ) ;
#639 = ORIENTED_EDGE ( 'NONE', *, *, #389, .T. ) ;
#640 = APPROVAL ( #1123, 'UNSPECIFIED' ) ;
#641 = ORIENTED_EDGE ( 'NONE', *, *, #1527, .F. ) ;
#642 = CARTESIAN_POINT ( 'NONE',  ( -37.14529042290990191, 2.000000000000000000, -53.91076601422216186 ) ) ;
#643 = DIRECTION ( 'NONE',  ( 0.000000000000000000, 1.000000000000000000, -0.000000000000000000 ) ) ;
#644 = ADVANCED_FACE ( 'NONE', ( #2031 ), #1933, .F. ) ;
#645 = EDGE_LOOP ( 'NONE', ( #542, #1895, #783, #532, #1956, #1513, #807, #1552 ) ) ;
#646 = CARTESIAN_POINT ( 'NONE',  ( -60.00000000000002132, -2.000000000000000000, -53.99999999999999289 ) ) ;
#647 = ORIENTED_EDGE ( 'NONE', *, *, #1516, .F. ) ;
#648 = ORIENTED_EDGE ( 'NONE', *, *, #1019, .F. ) ;
#649 = CARTESIAN_POINT ( 'NONE',  ( -46.74529042290991043, 0.000000000000000000, -24.19999999999996732 ) ) ;
#650 = PLANE ( 'NONE',  #1179 ) ;
#651 = DIRECTION ( 'NONE',  ( 0.000000000000000000, 0.000000000000000000, 1.000000000000000000 ) ) ;
#652 = EDGE_CURVE ( 'NONE', #1889, #1488, #2012, .T. ) ;
#653 = FACE_OUTER_BOUND ( 'NONE', #71, .T. ) ;
#654 = DIRECTION ( 'NONE',  ( 0.000000000000000000, 1.000000000000000000, -0.000000000000000000 ) ) ;
#655 = ORIENTED_EDGE ( 'NONE', *, *, #1762, .F. ) ;
#656 = ADVANCED_FACE ( 'NONE', ( #56 ), #650, .T. ) ;
#657 = DIRECTION ( 'NONE',  ( -1.000000000000000000, 0.000000000000000000, 0.000000000000000000 ) ) ;
#658 = DIRECTION ( 'NONE',  ( 0.000000000000000000, 0.000000000000000000, 1.000000000000000000 ) ) ;
#659 = ORIENTED_EDGE ( 'NONE', *, *, #346, .F. ) ;
#660 = VERTEX_POINT ( 'NONE', #549 ) ;
#661 = PLANE ( 'NONE',  #1699 ) ;
#662 = AXIS2_PLACEMENT_3D ( 'NONE', #1431, #584, #308 ) ;
#663 = VECTOR ( 'NONE', #1148, 1000.000000000000000 ) ;
#664 = ORIENTED_EDGE ( 'NONE', *, *, #1528, .F. ) ;
#665 = CARTESIAN_POINT ( 'NONE',  ( 3.270619643041927649, 0.000000000000000000, -52.41076601422217607 ) ) ;
#666 = AXIS2_PLACEMENT_3D ( 'NONE', #481, #1154, #1821 ) ;
#667 = VECTOR ( 'NONE', #1272, 1000.000000000000000 ) ;
#668 = CARTESIAN_POINT ( 'NONE',  ( -46.74529042290991043, 4.000000000000000000, -24.19999999999997797 ) ) ;
#669 = ORIENTED_EDGE ( 'NONE', *, *, #1761, .T. ) ;
#670 = VECTOR ( 'NONE', #1008, 1000.000000000000000 ) ;
#671 = CARTESIAN_POINT ( 'NONE',  ( -53.87307481965228106, 4.000000000000000000, 4.620760821394601575E-15 ) ) ;
#672 = VERTEX_POINT ( 'NONE', #1198 ) ;
#673 = ORIENTED_EDGE ( 'NONE', *, *, #1893, .T. ) ;
#674 = EDGE_CURVE ( 'NONE', #857, #2026, #10, .T. ) ;
#675 = ADVANCED_FACE ( 'NONE', ( #1301 ), #785, .T. ) ;
#676 = DIRECTION ( 'NONE',  ( 0.000000000000000000, 0.000000000000000000, -1.000000000000000000 ) ) ;
#677 = ORIENTED_EDGE ( 'NONE', *, *, #1652, .T. ) ;
#678 = DIRECTION ( 'NONE',  ( -0.000000000000000000, -1.000000000000000000, -0.000000000000000000 ) ) ;
#679 = FACE_OUTER_BOUND ( 'NONE', #1051, .T. ) ;
#680 = EDGE_LOOP ( 'NONE', ( #472, #2092, #247, #454 ) ) ;
#681 = LINE ( 'NONE', #1648, #336 ) ;
#682 = VERTEX_POINT ( 'NONE', #1237 ) ;
#683 = ORIENTED_EDGE ( 'NONE', *, *, #1931, .F. ) ;
#684 = CC_DESIGN_PERSON_AND_ORGANIZATION_ASSIGNMENT ( #2077, #1944, ( #322 ) ) ;
#685 = EDGE_CURVE ( 'NONE', #1622, #1514, #179, .T. ) ;
#686 = DIRECTION ( 'NONE',  ( 1.000000000000000000, 0.000000000000000000, -0.000000000000000000 ) ) ;
#687 = CARTESIAN_POINT ( 'NONE',  ( -52.84529042290991896, 4.000000000000000000, -53.91076601422216186 ) ) ;
#688 = LINE ( 'NONE', #879, #932 ) ;
#689 = ORIENTED_EDGE ( 'NONE', *, *, #315, .T. ) ;
#690 = DIRECTION ( 'NONE',  ( 0.000000000000000000, 0.000000000000000000, 1.000000000000000000 ) ) ;
#691 = ORIENTED_EDGE ( 'NONE', *, *, #2061, .T. ) ;
#692 = EDGE_LOOP ( 'NONE', ( #188, #1886, #1156, #120 ) ) ;
#693 = DIRECTION ( 'NONE',  ( 1.000000000000000000, -0.000000000000000000, 0.000000000000000000 ) ) ;
#694 = FACE_OUTER_BOUND ( 'NONE', #116, .T. ) ;
#695 = LINE ( 'NONE', #1868, #560 ) ;
#696 = ADVANCED_FACE ( 'NONE', ( #630 ), #737, .T. ) ;
#697 = CARTESIAN_POINT ( 'NONE',  ( -34.02938035695807883, 0.000000000000000000, -51.15508619108273791 ) ) ;
#698 = CIRCLE ( 'NONE', #1700, 19.00000000000000355 ) ;
#699 = DIRECTION ( 'NONE',  ( 0.000000000000000000, 0.000000000000000000, 1.000000000000000000 ) ) ;
#700 = ORIENTED_EDGE ( 'NONE', *, *, #1516, .T. ) ;
#701 = VECTOR ( 'NONE', #1197, 1000.000000000000000 ) ;
#702 = CARTESIAN_POINT ( 'NONE',  ( -60.00000000000002132, -2.000000000000000000, -53.99999999999999289 ) ) ;
#703 = VERTEX_POINT ( 'NONE', #1407 ) ;
#704 = ORIENTED_EDGE ( 'NONE', *, *, #1059, .T. ) ;
#705 = VECTOR ( 'NONE', #1406, 1000.000000000000000 ) ;
#706 = PLANE ( 'NONE',  #1142 ) ;
#707 = DIRECTION ( 'NONE',  ( 0.000000000000000000, 0.000000000000000000, 1.000000000000000000 ) ) ;
#708 = EDGE_LOOP ( 'NONE', ( #1119, #1985, #445, #227 ) ) ;
#709 = EDGE_CURVE ( 'NONE', #321, #1286, #1945, .T. ) ;
#710 = CYLINDRICAL_SURFACE ( 'NONE', #409, 19.00000000000000355 ) ;
#711 = ORIENTED_EDGE ( 'NONE', *, *, #1076, .F. ) ;
#712 = ORIENTED_EDGE ( 'NONE', *, *, #1376, .F. ) ;
#713 = CARTESIAN_POINT ( 'NONE',  ( -50.34529042290991896, 2.000000000000000000, -51.41076601422215475 ) ) ;
#714 = CARTESIAN_POINT ( 'NONE',  ( -54.34529042290991896, 4.000000000000000000, -42.71051909440004835 ) ) ;
#715 = ORIENTED_EDGE ( 'NONE', *, *, #1799, .T. ) ;
#716 = DIRECTION ( 'NONE',  ( 4.192333745099720122E-17, -0.000000000000000000, -1.000000000000000000 ) ) ;
#717 = VERTEX_POINT ( 'NONE', #621 ) ;
#718 = EDGE_CURVE ( 'NONE', #1474, #1396, #1924, .T. ) ;
#719 = LINE ( 'NONE', #234, #1813 ) ;
#720 = EDGE_LOOP ( 'NONE', ( #2048, #1047, #669, #575, #1186, #2082 ) ) ;
#721 = EDGE_LOOP ( 'NONE', ( #659, #815, #715, #639 ) ) ;
#722 = ADVANCED_FACE ( 'NONE', ( #1932 ), #1610, .T. ) ;
#723 = CARTESIAN_POINT ( 'NONE',  ( -34.02938035695802199, 4.000000000000000000, 4.418265599710848625E-14 ) ) ;
#724 = MECHANICAL_CONTEXT ( 'NONE', #1413, 'mechanical' ) ;
#725 = CARTESIAN_POINT ( 'NONE',  ( 3.270619643041927649, 0.000000000000000000, -34.81076601422217465 ) ) ;
#726 = ORIENTED_EDGE ( 'NONE', *, *, #1028, .F. ) ;
#727 = VECTOR ( 'NONE', #2060, 1000.000000000000000 ) ;
#728 = CARTESIAN_POINT ( 'NONE',  ( -34.64529042290990191, 4.000000000000000000, -40.15508619108273791 ) ) ;
#729 = ORIENTED_EDGE ( 'NONE', *, *, #1344, .F. ) ;
#730 = AXIS2_PLACEMENT_3D ( 'NONE', #145, #1113, #948 ) ;
#731 = VECTOR ( 'NONE', #500, 1000.000000000000000 ) ;
#732 = DIRECTION ( 'NONE',  ( 0.000000000000000000, 1.000000000000000000, 0.000000000000000000 ) ) ;
#733 = EDGE_CURVE ( 'NONE', #1147, #993, #858, .T. ) ;
#734 = DIRECTION ( 'NONE',  ( 7.252882527098619258E-15, 0.000000000000000000, 1.000000000000000000 ) ) ;
#735 = ORIENTED_EDGE ( 'NONE', *, *, #1762, .T. ) ;
#736 = CARTESIAN_POINT ( 'NONE',  ( -5.735480675696435341E-15, 0.000000000000000000, -33.31076601422217465 ) ) ;
#737 = PLANE ( 'NONE',  #1936 ) ;
#738 = DIRECTION ( 'NONE',  ( 1.000000000000000000, 0.000000000000000000, -3.687780117775669140E-16 ) ) ;
#739 = VERTEX_POINT ( 'NONE', #44 ) ;
#740 = APPLICATION_CONTEXT ( 'configuration controlled 3d designs of mechanical parts and assemblies' ) ;
#741 = CARTESIAN_POINT ( 'NONE',  ( -53.87307481965228106, 0.000000000000000000, 4.620760821394601575E-15 ) ) ;
#742 = ADVANCED_FACE ( 'NONE', ( #1158 ), #355, .T. ) ;
#743 = DIRECTION ( 'NONE',  ( 1.298367925999405132E-15, 0.000000000000000000, 1.000000000000000000 ) ) ;
#744 = EDGE_CURVE ( 'NONE', #2050, #889, #232, .T. ) ;
#745 = DIRECTION ( 'NONE',  ( 0.000000000000000000, 0.000000000000000000, 1.000000000000000000 ) ) ;
#746 = PLANE ( 'NONE',  #1429 ) ;
#747 = DIRECTION ( 'NONE',  ( 4.192333745099720122E-17, -0.000000000000000000, -1.000000000000000000 ) ) ;
#748 = ORIENTED_EDGE ( 'NONE', *, *, #744, .F. ) ;
#749 = CARTESIAN_POINT ( 'NONE',  ( -41.74529042290988201, 2.000000000000000000, -48.69999999999998153 ) ) ;
#750 = DIRECTION ( 'NONE',  ( 1.000000000000000000, 0.000000000000000000, -1.889887487861004136E-16 ) ) ;
#751 = DIRECTION ( 'NONE',  ( -0.000000000000000000, -1.000000000000000000, -0.000000000000000000 ) ) ;
#752 = PLANE ( 'NONE',  #1256 ) ;
#753 = DIRECTION ( 'NONE',  ( 0.000000000000000000, 0.000000000000000000, -1.000000000000000000 ) ) ;
#754 = EDGE_CURVE ( 'NONE', #1875, #1659, #1753, .T. ) ;
#755 = PLANE ( 'NONE',  #662 ) ;
#756 = LINE ( 'NONE', #263, #1505 ) ;
#757 = ORIENTED_EDGE ( 'NONE', *, *, #1089, .T. ) ;
#758 = VECTOR ( 'NONE', #707, 1000.000000000000000 ) ;
#759 = VECTOR ( 'NONE', #1876, 1000.000000000000000 ) ;
#760 = CARTESIAN_POINT ( 'NONE',  ( 3.270619643041940972, 4.000000000000000000, -40.15508619108274502 ) ) ;
#761 = DIRECTION ( 'NONE',  ( 1.000000000000000000, 0.000000000000000000, -0.000000000000000000 ) ) ;
#762 = AXIS2_PLACEMENT_3D ( 'NONE', #144, #1442, #1780 ) ;
#763 = DIRECTION ( 'NONE',  ( 0.000000000000000000, 0.000000000000000000, -1.000000000000000000 ) ) ;
#764 = VECTOR ( 'NONE', #1554, 1000.000000000000000 ) ;
#765 = DATE_TIME_ROLE ( 'creation_date' ) ;
#766 = AXIS2_PLACEMENT_3D ( 'NONE', #1459, #2087, #798 ) ;
#767 = DIRECTION ( 'NONE',  ( 0.000000000000000000, 0.000000000000000000, -1.000000000000000000 ) ) ;
#768 = DIRECTION ( 'NONE',  ( 1.541811912124293705E-15, 0.000000000000000000, -1.000000000000000000 ) ) ;
#769 = DIRECTION ( 'NONE',  ( 0.000000000000000000, 0.000000000000000000, 1.000000000000000000 ) ) ;
#770 = ORIENTED_EDGE ( 'NONE', *, *, #24, .T. ) ;
#771 = ADVANCED_FACE ( 'NONE', ( #844 ), #1727, .T. ) ;
#772 = DIRECTION ( 'NONE',  ( -0.000000000000000000, -0.000000000000000000, -1.000000000000000000 ) ) ;
#773 = ORIENTED_EDGE ( 'NONE', *, *, #1089, .F. ) ;
#774 = LINE ( 'NONE', #1784, #663 ) ;
#775 = PLANE ( 'NONE',  #829 ) ;
#776 = CARTESIAN_POINT ( 'NONE',  ( -79.00000000000001421, 0.000000000000000000, -34.99999999999998579 ) ) ;
#777 = LINE ( 'NONE', #316, #469 ) ;
#778 = EDGE_CURVE ( 'NONE', #1152, #964, #1739, .T. ) ;
#779 = ORIENTED_EDGE ( 'NONE', *, *, #1439, .F. ) ;
#780 = LOCAL_TIME ( 21, 24, 24.00000000000000000, #2059 ) ;
#781 = CARTESIAN_POINT ( 'NONE',  ( -75.27307481965227964, 4.000000000000000000, 39.68948090559996444 ) ) ;
#782 = ORIENTED_EDGE ( 'NONE', *, *, #1899, .F. ) ;
#783 = ORIENTED_EDGE ( 'NONE', *, *, #957, .T. ) ;
#784 = EDGE_CURVE ( 'NONE', #1218, #1951, #906, .T. ) ;
#785 = PLANE ( 'NONE',  #435 ) ;
#786 = VERTEX_POINT ( 'NONE', #1415 ) ;
#787 = LINE ( 'NONE', #313, #1641 ) ;
#788 = DIRECTION ( 'NONE',  ( 0.000000000000000000, 0.000000000000000000, -1.000000000000000000 ) ) ;
#789 = ORIENTED_EDGE ( 'NONE', *, *, #967, .T. ) ;
#790 = CARTESIAN_POINT ( 'NONE',  ( 0.000000000000000000, 4.000000000000000000, -40.15508619108274502 ) ) ;
#791 = VECTOR ( 'NONE', #657, 1000.000000000000000 ) ;
#792 = PLANE ( 'NONE',  #2069 ) ;
#793 = ORIENTED_EDGE ( 'NONE', *, *, #519, .T. ) ;
#794 = ORIENTED_EDGE ( 'NONE', *, *, #1612, .T. ) ;
#795 = AXIS2_PLACEMENT_3D ( 'NONE', #436, #283, #1402 ) ;
#796 = VECTOR ( 'NONE', #1267, 1000.000000000000000 ) ;
#797 = EDGE_CURVE ( 'NONE', #546, #1695, #589, .T. ) ;
#798 = DIRECTION ( 'NONE',  ( 0.000000000000000000, 0.000000000000000000, 1.000000000000000000 ) ) ;
#799 = VECTOR ( 'NONE', #2080, 1000.000000000000000 ) ;
#800 = CARTESIAN_POINT ( 'NONE',  ( -53.87307481965228106, 4.000000000000000000, 41.18948090559995734 ) ) ;
#801 = ORIENTED_EDGE ( 'NONE', *, *, #2061, .F. ) ;
#802 = DIRECTION ( 'NONE',  ( -2.206386033293608535E-15, 0.000000000000000000, -1.000000000000000000 ) ) ;
#803 = ORIENTED_EDGE ( 'NONE', *, *, #255, .F. ) ;
#804 = ORIENTED_EDGE ( 'NONE', *, *, #478, .T. ) ;
#805 = PERSON_AND_ORGANIZATION_ROLE ( 'classification_officer' ) ;
#806 = CARTESIAN_POINT ( 'NONE',  ( -58.87307481965228106, 0.000000000000000000, 0.000000000000000000 ) ) ;
#807 = ORIENTED_EDGE ( 'NONE', *, *, #1048, .F. ) ;
#808 = DIRECTION ( 'NONE',  ( -2.206386033293608535E-15, 0.000000000000000000, -1.000000000000000000 ) ) ;
#809 = ADVANCED_FACE ( 'NONE', ( #1262 ), #302, .T. ) ;
#810 = DIRECTION ( 'NONE',  ( 0.000000000000000000, 0.000000000000000000, -1.000000000000000000 ) ) ;
#811 = DIRECTION ( 'NONE',  ( 0.000000000000000000, 1.000000000000000000, 0.000000000000000000 ) ) ;
#812 = ORIENTED_EDGE ( 'NONE', *, *, #1854, .F. ) ;
#813 = DIRECTION ( 'NONE',  ( 1.000000000000000000, 0.000000000000000000, 2.775557561562888984E-15 ) ) ;
#814 = ORIENTED_EDGE ( 'NONE', *, *, #1923, .T. ) ;
#815 = ORIENTED_EDGE ( 'NONE', *, *, #422, .F. ) ;
#816 = DIRECTION ( 'NONE',  ( 0.000000000000000000, 1.000000000000000000, 0.000000000000000000 ) ) ;
#817 = ADVANCED_FACE ( 'NONE', ( #694 ), #2084, .F. ) ;
#818 = EDGE_CURVE ( 'NONE', #240, #216, #2091, .T. ) ;
#819 = CARTESIAN_POINT ( 'NONE',  ( 0.000000000000000000, 4.000000000000000000, -53.91076601422216896 ) ) ;
#820 = VERTEX_POINT ( 'NONE', #749 ) ;
#821 = EDGE_CURVE ( 'NONE', #1210, #1410, #447, .T. ) ;
#822 = DIRECTION ( 'NONE',  ( -1.000000000000000000, 0.000000000000000000, 0.000000000000000000 ) ) ;
#823 = ORIENTED_EDGE ( 'NONE', *, *, #1439, .T. ) ;
#824 = ORIENTED_EDGE ( 'NONE', *, *, #1775, .F. ) ;
#825 = VECTOR ( 'NONE', #1195, 1000.000000000000000 ) ;
#826 = VECTOR ( 'NONE', #1529, 1000.000000000000000 ) ;
#827 = VECTOR ( 'NONE', #732, 1000.000000000000000 ) ;
#828 = CARTESIAN_POINT ( 'NONE',  ( -45.74529042290988201, 0.000000000000000000, -30.69999999999998153 ) ) ;
#829 = AXIS2_PLACEMENT_3D ( 'NONE', #127, #753, #951 ) ;
#830 = AXIS2_PLACEMENT_3D ( 'NONE', #1731, #1085, #2055 ) ;
#831 = CARTESIAN_POINT ( 'NONE',  ( -45.74529042290988201, 0.000000000000000000, -48.69999999999999574 ) ) ;
#832 = PLANE ( 'NONE',  #1979 ) ;
#833 = PRODUCT_RELATED_PRODUCT_CATEGORY ( 'detail', '', ( #110 ) ) ;
#834 = VERTEX_POINT ( 'NONE', #781 ) ;
#835 = EDGE_CURVE ( 'NONE', #1479, #216, #698, .T. ) ;
#836 = CYLINDRICAL_SURFACE ( 'NONE', #666, 2.999999999999999112 ) ;
#837 = ORIENTED_EDGE ( 'NONE', *, *, #904, .F. ) ;
#838 = ORIENTED_EDGE ( 'NONE', *, *, #1223, .T. ) ;
#839 = EDGE_CURVE ( 'NONE', #195, #311, #1421, .T. ) ;
#840 = LINE ( 'NONE', #18, #596 ) ;
#841 = DIRECTION ( 'NONE',  ( 1.000000000000000000, -0.000000000000000000, 0.000000000000000000 ) ) ;
#842 = CARTESIAN_POINT ( 'NONE',  ( -37.94529042290989906, 0.000000000000000000, -24.19999999999997797 ) ) ;
#843 = CARTESIAN_POINT ( 'NONE',  ( -34.02938035695807173, 4.000000000000000000, -52.41076601422216896 ) ) ;
#844 = FACE_OUTER_BOUND ( 'NONE', #2074, .T. ) ;
#845 = ORIENTED_EDGE ( 'NONE', *, *, #1403, .T. ) ;
#846 = CARTESIAN_POINT ( 'NONE',  ( -34.64529042290990901, 4.000000000000000000, -53.91076601422216896 ) ) ;
#847 = ORIENTED_EDGE ( 'NONE', *, *, #1882, .T. ) ;
#848 = ORIENTED_EDGE ( 'NONE', *, *, #1690, .F. ) ;
#849 = EDGE_CURVE ( 'NONE', #889, #1622, #434, .T. ) ;
#850 = LINE ( 'NONE', #1021, #1773 ) ;
#851 = CARTESIAN_POINT ( 'NONE',  ( 4.770619643041930757, 4.000000000000000000, -40.15508619108274502 ) ) ;
#852 = LINE ( 'NONE', #548, #758 ) ;
#853 = EDGE_LOOP ( 'NONE', ( #1163, #1942, #416, #186 ) ) ;
#854 = CARTESIAN_POINT ( 'NONE',  ( -6.475823380333168071E-15, 0.000000000000000000, -34.81076601422218175 ) ) ;
#855 = CARTESIAN_POINT ( 'NONE',  ( 0.000000000000000000, 4.000000000000000000, -42.71051909440004835 ) ) ;
#856 = ORIENTED_EDGE ( 'NONE', *, *, #1426, .F. ) ;
#857 = VERTEX_POINT ( 'NONE', #2065 ) ;
#858 = LINE ( 'NONE', #1490, #466 ) ;
#859 = DIRECTION ( 'NONE',  ( -3.242473786872536307E-16, 0.000000000000000000, -1.000000000000000000 ) ) ;
#860 = FACE_OUTER_BOUND ( 'NONE', #1176, .T. ) ;
#861 = VECTOR ( 'NONE', #1957, 1000.000000000000000 ) ;
#862 = VECTOR ( 'NONE', #1165, 1000.000000000000000 ) ;
#863 = ADVANCED_FACE ( 'NONE', ( #1768 ), #2076, .T. ) ;
#864 = CARTESIAN_POINT ( 'NONE',  ( 4.770619643041936087, -2.000000000000000000, -54.00000000000000000 ) ) ;
#865 = DIRECTION ( 'NONE',  ( -0.000000000000000000, -1.000000000000000000, -0.000000000000000000 ) ) ;
#866 = VECTOR ( 'NONE', #164, 1000.000000000000000 ) ;
#867 = DIRECTION ( 'NONE',  ( 0.000000000000000000, -1.000000000000000000, 0.000000000000000000 ) ) ;
#868 = DIRECTION ( 'NONE',  ( -1.000000000000000000, 0.000000000000000000, -0.000000000000000000 ) ) ;
#869 = ORIENTED_EDGE ( 'NONE', *, *, #398, .T. ) ;
#870 = CIRCLE ( 'NONE', #1358, 2.999999999999999112 ) ;
#871 = DIRECTION ( 'NONE',  ( 0.000000000000000000, 0.000000000000000000, 1.000000000000000000 ) ) ;
#872 = DIRECTION ( 'NONE',  ( 0.000000000000000000, 0.000000000000000000, -1.000000000000000000 ) ) ;
#873 = ORIENTED_EDGE ( 'NONE', *, *, #784, .F. ) ;
#874 = VERTEX_POINT ( 'NONE', #619 ) ;
#875 = VECTOR ( 'NONE', #1935, 1000.000000000000000 ) ;
#876 = EDGE_CURVE ( 'NONE', #1695, #2050, #598, .T. ) ;
#877 = CARTESIAN_POINT ( 'NONE',  ( 3.270619643041879243, 4.000000000000000000, 5.042680325669674347E-15 ) ) ;
#878 = DIRECTION ( 'NONE',  ( -0.000000000000000000, -1.000000000000000000, -0.000000000000000000 ) ) ;
#879 = CARTESIAN_POINT ( 'NONE',  ( -52.37307481965228106, 0.000000000000000000, 35.00000000000000000 ) ) ;
#880 = EDGE_CURVE ( 'NONE', #1365, #943, #1242, .T. ) ;
#881 = VERTEX_POINT ( 'NONE', #1922 ) ;
#882 = PLANE ( 'NONE',  #903 ) ;
#883 = ORIENTED_EDGE ( 'NONE', *, *, #1718, .F. ) ;
#884 = ORIENTED_EDGE ( 'NONE', *, *, #248, .F. ) ;
#885 = CARTESIAN_POINT ( 'NONE',  ( -55.37307481965227396, -2.000000000000000000, 54.00000000000000711 ) ) ;
#886 = APPLICATION_PROTOCOL_DEFINITION ( 'international standard', 'config_control_design', 1994, #740 ) ;
#887 = APPROVAL_PERSON_ORGANIZATION ( #271, #367, #579 ) ;
#888 = DIRECTION ( 'NONE',  ( 0.000000000000000000, 1.000000000000000000, -0.000000000000000000 ) ) ;
#889 = VERTEX_POINT ( 'NONE', #1608 ) ;
#890 = ADVANCED_FACE ( 'NONE', ( #914 ), #1586, .F. ) ;
#891 = EDGE_CURVE ( 'NONE', #371, #1497, #1576, .T. ) ;
#892 = DIRECTION ( 'NONE',  ( -1.071302689730041279E-16, 0.000000000000000000, -1.000000000000000000 ) ) ;
#893 = ORIENTED_EDGE ( 'NONE', *, *, #384, .F. ) ;
#894 = EDGE_CURVE ( 'NONE', #1348, #1622, #1916, .T. ) ;
#895 = DIRECTION ( 'NONE',  ( 0.000000000000000000, -0.000000000000000000, 1.000000000000000000 ) ) ;
#896 = DIRECTION ( 'NONE',  ( -0.000000000000000000, -1.000000000000000000, -0.000000000000000000 ) ) ;
#897 = CARTESIAN_POINT ( 'NONE',  ( -55.37307481965227396, -2.000000000000000000, 51.00000000000000711 ) ) ;
#898 = AXIS2_PLACEMENT_3D ( 'NONE', #244, #1345, #734 ) ;
#899 = CARTESIAN_POINT ( 'NONE',  ( 0.000000000000000000, 2.000000000000000000, -30.69999999999998153 ) ) ;
#900 = ORIENTED_EDGE ( 'NONE', *, *, #457, .T. ) ;
#901 = AXIS2_PLACEMENT_3D ( 'NONE', #934, #1107, #1255 ) ;
#902 = CARTESIAN_POINT ( 'NONE',  ( 0.000000000000000000, 4.000000000000000000, -51.15508619108273791 ) ) ;
#903 = AXIS2_PLACEMENT_3D ( 'NONE', #855, #1533, #1545 ) ;
#904 = EDGE_CURVE ( 'NONE', #2026, #1514, #312, .T. ) ;
#905 = FACE_OUTER_BOUND ( 'NONE', #514, .T. ) ;
#906 = LINE ( 'NONE', #117, #73 ) ;
#907 = VERTEX_POINT ( 'NONE', #1595 ) ;
#908 = DIRECTION ( 'NONE',  ( -0.000000000000000000, -1.000000000000000000, -0.000000000000000000 ) ) ;
#909 = CARTESIAN_POINT ( 'NONE',  ( 0.000000000000000000, 2.000000000000000000, 0.000000000000000000 ) ) ;
#910 = LINE ( 'NONE', #1582, #1499 ) ;
#911 = CARTESIAN_POINT ( 'NONE',  ( -60.00000000000001421, 0.000000000000000000, 54.00000000000000711 ) ) ;
#912 = ORIENTED_EDGE ( 'NONE', *, *, #1761, .F. ) ;
#913 = DIRECTION ( 'NONE',  ( 1.000000000000000000, -0.000000000000000000, 0.000000000000000000 ) ) ;
#914 = FACE_OUTER_BOUND ( 'NONE', #1938, .T. ) ;
#915 = EDGE_CURVE ( 'NONE', #874, #1525, #587, .T. ) ;
#916 = ADVANCED_FACE ( 'NONE', ( #132 ), #1096, .F. ) ;
#917 = PLANE ( 'NONE',  #168 ) ;
#918 = CARTESIAN_POINT ( 'NONE',  ( -34.02938035695807883, 4.000000000000000000, -51.15508619108273791 ) ) ;
#919 = CARTESIAN_POINT ( 'NONE',  ( 0.000000000000000000, 0.000000000000000000, -42.71051909440004835 ) ) ;
#920 = LINE ( 'NONE', #1900, #32 ) ;
#921 = CARTESIAN_POINT ( 'NONE',  ( -50.34529042290991896, 2.000000000000000000, 0.000000000000000000 ) ) ;
#922 = ORIENTED_EDGE ( 'NONE', *, *, #880, .T. ) ;
#923 = DIRECTION ( 'NONE',  ( -1.000000000000000000, 0.000000000000000000, 0.000000000000000000 ) ) ;
#924 = CARTESIAN_POINT ( 'NONE',  ( -75.27307481965227964, 4.000000000000000000, 0.000000000000000000 ) ) ;
#925 = APPLICATION_PROTOCOL_DEFINITION ( 'international standard', 'config_control_design', 1994, #1413 ) ;
#926 = CARTESIAN_POINT ( 'NONE',  ( -60.00000000000001421, -2.000000000000000000, 54.00000000000000711 ) ) ;
#927 = EDGE_CURVE ( 'NONE', #143, #1247, #946, .T. ) ;
#928 = CARTESIAN_POINT ( 'NONE',  ( 3.270619643041879243, 4.000000000000000000, 5.042680325669674347E-15 ) ) ;
#929 = CARTESIAN_POINT ( 'NONE',  ( -31.94529042290990972, 0.000000000000000000, -30.31076601422216754 ) ) ;
#930 = VECTOR ( 'NONE', #288, 1000.000000000000000 ) ;
#931 = ORIENTED_EDGE ( 'NONE', *, *, #1183, .T. ) ;
#932 = VECTOR ( 'NONE', #1551, 1000.000000000000000 ) ;
#933 = VECTOR ( 'NONE', #693, 1000.000000000000000 ) ;
#934 = CARTESIAN_POINT ( 'NONE',  ( 1.171350155577748202E-14, 4.000000000000000000, 41.18948090559994313 ) ) ;
#935 = AXIS2_PLACEMENT_3D ( 'NONE', #1456, #1617, #761 ) ;
#936 = VECTOR ( 'NONE', #1174, 1000.000000000000000 ) ;
#937 = DIRECTION ( 'NONE',  ( 2.206386033293608535E-15, 0.000000000000000000, 1.000000000000000000 ) ) ;
#938 = VECTOR ( 'NONE', #509, 1000.000000000000000 ) ;
#939 = EDGE_CURVE ( 'NONE', #546, #1830, #1077, .T. ) ;
#940 = LINE ( 'NONE', #1611, #861 ) ;
#941 = EDGE_CURVE ( 'NONE', #1247, #88, #176, .T. ) ;
#942 = DIRECTION ( 'NONE',  ( -0.000000000000000000, -1.000000000000000000, -0.000000000000000000 ) ) ;
#943 = VERTEX_POINT ( 'NONE', #52 ) ;
#944 = DIRECTION ( 'NONE',  ( 1.000000000000000000, -0.000000000000000000, 5.526005734932251062E-15 ) ) ;
#945 = CARTESIAN_POINT ( 'NONE',  ( 4.770619643041936087, -2.000000000000000000, -54.00000000000000000 ) ) ;
#946 = LINE ( 'NONE', #625, #1972 ) ;
#947 = CALENDAR_DATE ( 2026, 9, 3 ) ;
#948 = DIRECTION ( 'NONE',  ( 0.000000000000000000, 0.000000000000000000, 1.000000000000000000 ) ) ;
#949 = CARTESIAN_POINT ( 'NONE',  ( -75.27307481965227964, 0.000000000000000000, 0.000000000000000000 ) ) ;
#950 = DIRECTION ( 'NONE',  ( 1.000000000000000000, 0.000000000000000000, -2.843808977011158816E-16 ) ) ;
#951 = DIRECTION ( 'NONE',  ( -1.000000000000000000, 0.000000000000000000, -0.000000000000000000 ) ) ;
#952 = CARTESIAN_POINT ( 'NONE',  ( -58.87307481965229528, 0.000000000000000000, -42.71051909440004835 ) ) ;
#953 = ORIENTED_EDGE ( 'NONE', *, *, #1746, .T. ) ;
#954 = DIRECTION ( 'NONE',  ( 0.000000000000000000, -1.000000000000000000, 0.000000000000000000 ) ) ;
#955 = ORIENTED_EDGE ( 'NONE', *, *, #978, .F. ) ;
#956 = ORIENTED_EDGE ( 'NONE', *, *, #904, .T. ) ;
#957 = EDGE_CURVE ( 'NONE', #1830, #682, #1336, .T. ) ;
#958 = ORIENTED_EDGE ( 'NONE', *, *, #1578, .T. ) ;
#959 = DIRECTION ( 'NONE',  ( 0.000000000000000000, 0.000000000000000000, 1.000000000000000000 ) ) ;
#960 = DIRECTION ( 'NONE',  ( 1.000000000000000000, 0.000000000000000000, -0.000000000000000000 ) ) ;
#961 = ORIENTED_EDGE ( 'NONE', *, *, #2018, .F. ) ;
#962 = APPROVAL ( #1245, 'UNSPECIFIED' ) ;
#963 = CARTESIAN_POINT ( 'NONE',  ( -50.34529042290991896, 2.000000000000000000, 0.000000000000000000 ) ) ;
#964 = VERTEX_POINT ( 'NONE', #1464 ) ;
#965 = VERTEX_POINT ( 'NONE', #1670 ) ;
#966 = VECTOR ( 'NONE', #473, 1000.000000000000000 ) ;
#967 = EDGE_CURVE ( 'NONE', #1471, #1388, #342, .T. ) ;
#968 = AXIS2_PLACEMENT_3D ( 'NONE', #702, #892, #1364 ) ;
#969 = CARTESIAN_POINT ( 'NONE',  ( -60.00000000000002132, -2.000000000000000000, -53.99999999999999289 ) ) ;
#970 = AXIS2_PLACEMENT_3D ( 'NONE', #909, #1754, #1925 ) ;
#971 = DIRECTION ( 'NONE',  ( 1.000000000000000000, 0.000000000000000000, 0.000000000000000000 ) ) ;
#972 = DIRECTION ( 'NONE',  ( 0.000000000000000000, -1.000000000000000000, 0.000000000000000000 ) ) ;
#973 = ORIENTED_EDGE ( 'NONE', *, *, #1458, .F. ) ;
#974 = CARTESIAN_POINT ( 'NONE',  ( -45.74529042290988201, 2.000000000000000000, -48.69999999999999574 ) ) ;
#975 = ORIENTED_EDGE ( 'NONE', *, *, #1275, .F. ) ;
#976 = ORIENTED_EDGE ( 'NONE', *, *, #114, .T. ) ;
#977 = PLANE ( 'NONE',  #1106 ) ;
#978 = EDGE_CURVE ( 'NONE', #1594, #993, #1162, .T. ) ;
#979 = DIRECTION ( 'NONE',  ( 1.000000000000000000, -0.000000000000000000, 0.000000000000000000 ) ) ;
#980 = EDGE_CURVE ( 'NONE', #1247, #275, #489, .T. ) ;
#981 = PLANE ( 'NONE',  #601 ) ;
#982 = ORIENTED_EDGE ( 'NONE', *, *, #915, .T. ) ;
#983 = DIRECTION ( 'NONE',  ( -0.000000000000000000, -1.000000000000000000, -0.000000000000000000 ) ) ;
#984 = ORIENTED_EDGE ( 'NONE', *, *, #1389, .F. ) ;
#985 = ORIENTED_EDGE ( 'NONE', *, *, #265, .T. ) ;
#986 = CARTESIAN_POINT ( 'NONE',  ( -52.37307481965228106, -2.000000000000000000, -21.19999999999996376 ) ) ;
#987 = PLANE ( 'NONE',  #1220 ) ;
#988 = CARTESIAN_POINT ( 'NONE',  ( -45.74529042290988201, 2.000000000000000000, -30.69999999999998153 ) ) ;
#989 = DIRECTION ( 'NONE',  ( 0.000000000000000000, 0.000000000000000000, 1.000000000000000000 ) ) ;
#990 = EDGE_CURVE ( 'NONE', #660, #552, #512, .T. ) ;
#991 = ORIENTED_EDGE ( 'NONE', *, *, #1319, .T. ) ;
#992 = CARTESIAN_POINT ( 'NONE',  ( 0.000000000000000000, 4.000000000000000000, -31.69999999999997087 ) ) ;
#993 = VERTEX_POINT ( 'NONE', #1486 ) ;
#994 = ORIENTED_EDGE ( 'NONE', *, *, #1714, .T. ) ;
#995 =( GEOMETRIC_REPRESENTATION_CONTEXT ( 3 ) GLOBAL_UNCERTAINTY_ASSIGNED_CONTEXT ( ( #1445 ) ) GLOBAL_UNIT_ASSIGNED_CONTEXT ( ( #1043, #1258, #571 ) ) REPRESENTATION_CONTEXT ( 'NONE', 'WORKASPACE' ) );
#996 = VECTOR ( 'NONE', #908, 1000.000000000000000 ) ;
#997 = DIRECTION ( 'NONE',  ( -1.000000000000000000, 0.000000000000000000, -2.775557561562889379E-15 ) ) ;
#998 = DIRECTION ( 'NONE',  ( -0.000000000000000000, -1.000000000000000000, -0.000000000000000000 ) ) ;
#999 = VECTOR ( 'NONE', #1470, 1000.000000000000000 ) ;
#1000 = CIRCLE ( 'NONE', #1078, 2.999999999999995559 ) ;
#1001 = CARTESIAN_POINT ( 'NONE',  ( -34.02938035695836305, 0.000000000000000000, -1.880465510087428131E-13 ) ) ;
#1002 = ORIENTED_EDGE ( 'NONE', *, *, #99, .T. ) ;
#1003 = EDGE_CURVE ( 'NONE', #1152, #1565, #1475, .T. ) ;
#1004 = DIRECTION ( 'NONE',  ( -1.000000000000000000, 0.000000000000000000, 0.000000000000000000 ) ) ;
#1005 = EDGE_LOOP ( 'NONE', ( #272, #1756, #1387, #16 ) ) ;
#1006 = ORIENTED_EDGE ( 'NONE', *, *, #1426, .T. ) ;
#1007 = DIRECTION ( 'NONE',  ( 0.000000000000000000, 0.000000000000000000, 1.000000000000000000 ) ) ;
#1008 = DIRECTION ( 'NONE',  ( -0.000000000000000000, -1.000000000000000000, -0.000000000000000000 ) ) ;
#1009 = DIRECTION ( 'NONE',  ( -0.000000000000000000, 0.000000000000000000, 1.000000000000000000 ) ) ;
#1010 = CARTESIAN_POINT ( 'NONE',  ( -52.37307481965228106, -2.000000000000000000, -21.19999999999996376 ) ) ;
#1011 = LINE ( 'NONE', #864, #2010 ) ;
#1012 = CARTESIAN_POINT ( 'NONE',  ( -37.94529042290989906, -2.000000000000000000, -24.19999999999997797 ) ) ;
#1013 = ORIENTED_EDGE ( 'NONE', *, *, #89, .T. ) ;
#1014 = ADVANCED_BREP_SHAPE_REPRESENTATION ( 'Power System Mount V2', ( #1276, #2 ), #995 ) ;
#1015 = DIRECTION ( 'NONE',  ( -1.000000000000000000, 0.000000000000000000, 0.000000000000000000 ) ) ;
#1016 = CARTESIAN_POINT ( 'NONE',  ( -58.87307481965228106, 4.000000000000000000, 0.000000000000000000 ) ) ;
#1017 = ORIENTED_EDGE ( 'NONE', *, *, #2018, .T. ) ;
#1018 = ORIENTED_EDGE ( 'NONE', *, *, #1528, .T. ) ;
#1019 = EDGE_CURVE ( 'NONE', #143, #9, #15, .T. ) ;
#1020 = ORIENTED_EDGE ( 'NONE', *, *, #516, .F. ) ;
#1021 = CARTESIAN_POINT ( 'NONE',  ( 1.171350155577748202E-14, 0.000000000000000000, 41.18948090559994313 ) ) ;
#1022 = DIRECTION ( 'NONE',  ( 0.000000000000000000, -1.000000000000000000, 0.000000000000000000 ) ) ;
#1023 = VERTEX_POINT ( 'NONE', #1298 ) ;
#1024 = LINE ( 'NONE', #1201, #238 ) ;
#1025 = VERTEX_POINT ( 'NONE', #974 ) ;
#1026 = CARTESIAN_POINT ( 'NONE',  ( 0.000000000000000000, 4.000000000000000000, -51.15508619108273791 ) ) ;
#1027 = VERTEX_POINT ( 'NONE', #1636 ) ;
#1028 = EDGE_CURVE ( 'NONE', #1307, #1987, #1832, .T. ) ;
#1029 = AXIS2_PLACEMENT_3D ( 'NONE', #337, #971, #810 ) ;
#1030 = DIRECTION ( 'NONE',  ( -1.000000000000000000, 0.000000000000000000, -1.541811912124293705E-15 ) ) ;
#1031 = VECTOR ( 'NONE', #1917, 1000.000000000000000 ) ;
#1032 = AXIS2_PLACEMENT_3D ( 'NONE', #1042, #944, #1940 ) ;
#1033 = CARTESIAN_POINT ( 'NONE',  ( -79.00000000000001421, -2.000000000000000000, 35.00000000000000000 ) ) ;
#1034 = CARTESIAN_POINT ( 'NONE',  ( -34.64529042290990191, 4.000000000000000000, -33.31076601422216754 ) ) ;
#1035 = VECTOR ( 'NONE', #983, 1000.000000000000000 ) ;
#1036 = ORIENTED_EDGE ( 'NONE', *, *, #1733, .F. ) ;
#1037 = CIRCLE ( 'NONE', #1939, 2.999999999999999112 ) ;
#1038 = DIRECTION ( 'NONE',  ( 1.000000000000000000, 0.000000000000000000, -1.860293271824993963E-16 ) ) ;
#1039 = ORIENTED_EDGE ( 'NONE', *, *, #835, .F. ) ;
#1040 = EDGE_LOOP ( 'NONE', ( #1896, #801, #83, #1681 ) ) ;
#1041 = VECTOR ( 'NONE', #808, 1000.000000000000000 ) ;
#1042 = CARTESIAN_POINT ( 'NONE',  ( -34.02938035695836305, 4.000000000000000000, -1.880465510087428131E-13 ) ) ;
#1043 =( LENGTH_UNIT ( ) NAMED_UNIT ( * ) SI_UNIT ( .MILLI., .METRE. ) );
#1044 = ADVANCED_FACE ( 'NONE', ( #25 ), #1973, .F. ) ;
#1045 = CARTESIAN_POINT ( 'NONE',  ( -46.74529042290991043, 0.000000000000000000, -25.69999999999998153 ) ) ;
#1046 = DIRECTION ( 'NONE',  ( 0.000000000000000000, -0.000000000000000000, 1.000000000000000000 ) ) ;
#1047 = ORIENTED_EDGE ( 'NONE', *, *, #990, .F. ) ;
#1048 = EDGE_CURVE ( 'NONE', #834, #1348, #681, .T. ) ;
#1049 = CARTESIAN_POINT ( 'NONE',  ( 4.770619643041928981, 4.000000000000000000, -51.15508619108274502 ) ) ;
#1050 = ORIENTED_EDGE ( 'NONE', *, *, #1553, .F. ) ;
#1051 = EDGE_LOOP ( 'NONE', ( #1453, #1686, #1192, #956 ) ) ;
#1052 = PLANE ( 'NONE',  #1425 ) ;
#1053 = FACE_OUTER_BOUND ( 'NONE', #257, .T. ) ;
#1054 = DIRECTION ( 'NONE',  ( -0.000000000000000000, -1.000000000000000000, -0.000000000000000000 ) ) ;
#1055 = LINE ( 'NONE', #1850, #1632 ) ;
#1056 = CALENDAR_DATE ( 2026, 9, 3 ) ;
#1057 = VERTEX_POINT ( 'NONE', #1952 ) ;
#1058 = LOCAL_TIME ( 21, 24, 24.00000000000000000, #1209 ) ;
#1059 = EDGE_CURVE ( 'NONE', #1388, #5, #184, .T. ) ;
#1060 = CARTESIAN_POINT ( 'NONE',  ( -34.02938035695807173, 4.000000000000000000, -34.81076601422217465 ) ) ;
#1061 = ORIENTED_EDGE ( 'NONE', *, *, #554, .F. ) ;
#1062 = ADVANCED_FACE ( 'NONE', ( #205 ), #836, .T. ) ;
#1063 = PLANE ( 'NONE',  #1848 ) ;
#1064 = ORIENTED_EDGE ( 'NONE', *, *, #1170, .F. ) ;
#1065 = LINE ( 'NONE', #1526, #933 ) ;
#1066 = DIRECTION ( 'NONE',  ( -0.000000000000000000, -1.000000000000000000, -0.000000000000000000 ) ) ;
#1067 = CALENDAR_DATE ( 2026, 9, 3 ) ;
#1068 = CARTESIAN_POINT ( 'NONE',  ( -34.64529042290990191, 0.000000000000000000, -51.41076601422215475 ) ) ;
#1069 = LINE ( 'NONE', #613, #135 ) ;
#1070 = AXIS2_PLACEMENT_3D ( 'NONE', #1735, #1422, #750 ) ;
#1071 = VECTOR ( 'NONE', #274, 1000.000000000000000 ) ;
#1072 = FACE_OUTER_BOUND ( 'NONE', #1139, .T. ) ;
#1073 = CARTESIAN_POINT ( 'NONE',  ( -76.77307481965229385, 4.000000000000000000, 0.000000000000000000 ) ) ;
#1074 = ORIENTED_EDGE ( 'NONE', *, *, #516, .T. ) ;
#1075 = VECTOR ( 'NONE', #1759, 1000.000000000000000 ) ;
#1076 = EDGE_CURVE ( 'NONE', #88, #552, #1512, .T. ) ;
#1077 = LINE ( 'NONE', #1749, #2011 ) ;
#1078 = AXIS2_PLACEMENT_3D ( 'NONE', #1312, #182, #788 ) ;
#1079 = DIRECTION ( 'NONE',  ( 0.000000000000000000, 1.000000000000000000, 0.000000000000000000 ) ) ;
#1080 = PERSON_AND_ORGANIZATION_ROLE ( 'design_owner' ) ;
#1081 = PRODUCT_DEFINITION_SHAPE ( 'NONE', 'NONE',  #1114 ) ;
#1082 = ORIENTED_EDGE ( 'NONE', *, *, #180, .T. ) ;
#1083 = FACE_OUTER_BOUND ( 'NONE', #387, .T. ) ;
#1084 = FACE_OUTER_BOUND ( 'NONE', #1462, .T. ) ;
#1085 = DIRECTION ( 'NONE',  ( 0.000000000000000000, 1.000000000000000000, 0.000000000000000000 ) ) ;
#1086 = EDGE_LOOP ( 'NONE', ( #975, #62, #76, #236, #1370, #406, #2090, #1974 ) ) ;
#1087 = CARTESIAN_POINT ( 'NONE',  ( -60.00000000000001421, 0.000000000000000000, -34.99999999999999289 ) ) ;
#1088 = DIRECTION ( 'NONE',  ( 0.000000000000000000, 0.000000000000000000, -1.000000000000000000 ) ) ;
#1089 = EDGE_CURVE ( 'NONE', #1316, #130, #350, .T. ) ;
#1090 = CARTESIAN_POINT ( 'NONE',  ( 0.000000000000000000, 2.000000000000000000, -53.91076601422216186 ) ) ;
#1091 = DIRECTION ( 'NONE',  ( -1.000000000000000000, 0.000000000000000000, 0.000000000000000000 ) ) ;
#1092 = SECURITY_CLASSIFICATION ( '', '', #2086 ) ;
#1093 = DIRECTION ( 'NONE',  ( -1.000000000000000000, 0.000000000000000000, 0.000000000000000000 ) ) ;
#1094 = LINE ( 'NONE', #1264, #1397 ) ;
#1095 = ORIENTED_EDGE ( 'NONE', *, *, #1371, .T. ) ;
#1096 = PLANE ( 'NONE',  #762 ) ;
#1097 = ADVANCED_FACE ( 'NONE', ( #7 ), #792, .T. ) ;
#1098 = EDGE_CURVE ( 'NONE', #311, #2005, #327, .T. ) ;
#1099 = CARTESIAN_POINT ( 'NONE',  ( -46.74529042290991043, 4.000000000000000000, 0.000000000000000000 ) ) ;
#1100 = EDGE_CURVE ( 'NONE', #275, #2035, #2007, .T. ) ;
#1101 = DIRECTION ( 'NONE',  ( -0.000000000000000000, -1.000000000000000000, -0.000000000000000000 ) ) ;
#1102 = DIRECTION ( 'NONE',  ( 1.000000000000000000, -0.000000000000000000, -1.214390062501570411E-15 ) ) ;
#1103 = VECTOR ( 'NONE', #1079, 1000.000000000000000 ) ;
#1104 = ORIENTED_EDGE ( 'NONE', *, *, #1128, .T. ) ;
#1105 = VECTOR ( 'NONE', #678, 1000.000000000000000 ) ;
#1106 = AXIS2_PLACEMENT_3D ( 'NONE', #353, #187, #1661 ) ;
#1107 = DIRECTION ( 'NONE',  ( -2.843808977011158816E-16, 0.000000000000000000, -1.000000000000000000 ) ) ;
#1108 = PLANE ( 'NONE',  #2042 ) ;
#1109 = VERTEX_POINT ( 'NONE', #534 ) ;
#1110 = VECTOR ( 'NONE', #1955, 1000.000000000000000 ) ;
#1111 = VECTOR ( 'NONE', #1564, 1000.000000000000000 ) ;
#1112 = SHAPE_DEFINITION_REPRESENTATION ( #1081, #1014 ) ;
#1113 = DIRECTION ( 'NONE',  ( 0.000000000000000000, 1.000000000000000000, -0.000000000000000000 ) ) ;
#1114 = PRODUCT_DEFINITION ( 'UNKNOWN', '', #322, #1619 ) ;
#1115 = DIRECTION ( 'NONE',  ( -1.000000000000000000, 0.000000000000000000, 0.000000000000000000 ) ) ;
#1116 = CARTESIAN_POINT ( 'NONE',  ( -37.14529042290990191, 2.000000000000000000, -51.41076601422215475 ) ) ;
#1117 = CARTESIAN_POINT ( 'NONE',  ( -37.14529042290990191, 2.000000000000000000, -53.91076601422216186 ) ) ;
#1118 = ADVANCED_FACE ( 'NONE', ( #61 ), #882, .T. ) ;
#1119 = ORIENTED_EDGE ( 'NONE', *, *, #1627, .F. ) ;
#1120 = DIRECTION ( 'NONE',  ( 0.000000000000000000, 0.000000000000000000, -1.000000000000000000 ) ) ;
#1121 = ORIENTED_EDGE ( 'NONE', *, *, #1223, .F. ) ;
#1122 = ORIENTED_EDGE ( 'NONE', *, *, #55, .T. ) ;
#1123 = APPROVAL_STATUS ( 'not_yet_approved' ) ;
#1124 = LINE ( 'NONE', #468, #875 ) ;
#1125 = ADVANCED_FACE ( 'NONE', ( #90 ), #1710, .T. ) ;
#1126 = DIRECTION ( 'NONE',  ( 0.000000000000000000, 0.000000000000000000, -1.000000000000000000 ) ) ;
#1127 = ORIENTED_EDGE ( 'NONE', *, *, #1157, .T. ) ;
#1128 = EDGE_CURVE ( 'NONE', #521, #907, #414, .T. ) ;
#1129 = DIRECTION ( 'NONE',  ( -1.000000000000000000, 0.000000000000000000, 8.577124726708563381E-17 ) ) ;
#1130 = ORIENTED_EDGE ( 'NONE', *, *, #527, .T. ) ;
#1131 = ORIENTED_EDGE ( 'NONE', *, *, #167, .T. ) ;
#1132 = CALENDAR_DATE ( 2026, 9, 3 ) ;
#1133 = CARTESIAN_POINT ( 'NONE',  ( -34.64529042290979532, 4.000000000000000000, 7.644088490850898393E-14 ) ) ;
#1134 = ORIENTED_EDGE ( 'NONE', *, *, #578, .F. ) ;
#1135 = CARTESIAN_POINT ( 'NONE',  ( -37.14529042290990191, 0.000000000000000000, -53.91076601422216186 ) ) ;
#1136 = CARTESIAN_POINT ( 'NONE',  ( -52.37307481965228106, 0.000000000000000000, 51.00000000000000711 ) ) ;
#1137 = ORIENTED_EDGE ( 'NONE', *, *, #1292, .F. ) ;
#1138 = DIRECTION ( 'NONE',  ( 0.000000000000000000, 1.000000000000000000, 0.000000000000000000 ) ) ;
#1139 = EDGE_LOOP ( 'NONE', ( #158, #202, #793, #1535 ) ) ;
#1140 = ORIENTED_EDGE ( 'NONE', *, *, #1455, .T. ) ;
#1141 = ADVANCED_FACE ( 'NONE', ( #82 ), #710, .T. ) ;
#1142 = AXIS2_PLACEMENT_3D ( 'NONE', #877, #1030, #220 ) ;
#1143 = VECTOR ( 'NONE', #1144, 1000.000000000000000 ) ;
#1144 = DIRECTION ( 'NONE',  ( 0.000000000000000000, 0.000000000000000000, 1.000000000000000000 ) ) ;
#1145 = VECTOR ( 'NONE', #1966, 1000.000000000000000 ) ;
#1146 = VECTOR ( 'NONE', #1022, 1000.000000000000000 ) ;
#1147 = VERTEX_POINT ( 'NONE', #846 ) ;
#1148 = DIRECTION ( 'NONE',  ( -0.000000000000000000, -0.000000000000000000, 1.000000000000000000 ) ) ;
#1149 = CIRCLE ( 'NONE', #766, 2.999999999999999112 ) ;
#1150 = PLANE ( 'NONE',  #133 ) ;
#1151 = CARTESIAN_POINT ( 'NONE',  ( 3.270619643042310898, 4.000000000000000000, -2.372142006180710244E-14 ) ) ;
#1152 = VERTEX_POINT ( 'NONE', #1049 ) ;
#1153 = LINE ( 'NONE', #1831, #332 ) ;
#1154 = DIRECTION ( 'NONE',  ( 0.000000000000000000, 1.000000000000000000, 0.000000000000000000 ) ) ;
#1155 = VERTEX_POINT ( 'NONE', #1373 ) ;
#1156 = ORIENTED_EDGE ( 'NONE', *, *, #114, .F. ) ;
#1157 = EDGE_CURVE ( 'NONE', #1995, #1858, #719, .T. ) ;
#1158 = FACE_OUTER_BOUND ( 'NONE', #1732, .T. ) ;
#1159 = FACE_OUTER_BOUND ( 'NONE', #17, .T. ) ;
#1160 = CARTESIAN_POINT ( 'NONE',  ( -37.94529042290989906, -2.000000000000000000, -24.19999999999997797 ) ) ;
#1161 = EDGE_LOOP ( 'NONE', ( #1546, #683, #789, #1975 ) ) ;
#1162 = LINE ( 'NONE', #1962, #1538 ) ;
#1163 = ORIENTED_EDGE ( 'NONE', *, *, #1319, .F. ) ;
#1164 = ORIENTED_EDGE ( 'NONE', *, *, #1330, .F. ) ;
#1165 = DIRECTION ( 'NONE',  ( 1.000000000000000000, 0.000000000000000000, 3.469446951953616950E-15 ) ) ;
#1166 = EDGE_CURVE ( 'NONE', #483, #1820, #1024, .T. ) ;
#1167 = ADVANCED_FACE ( 'NONE', ( #2036 ), #249, .T. ) ;
#1168 = DIRECTION ( 'NONE',  ( 0.000000000000000000, -1.000000000000000000, 0.000000000000000000 ) ) ;
#1169 = CARTESIAN_POINT ( 'NONE',  ( -53.87307481965228106, 4.000000000000000000, -31.69999999999997087 ) ) ;
#1170 = EDGE_CURVE ( 'NONE', #1109, #26, #1855, .T. ) ;
#1171 = CARTESIAN_POINT ( 'NONE',  ( -53.87307481965228106, 0.000000000000000000, 41.18948090559995734 ) ) ;
#1172 = DIRECTION ( 'NONE',  ( 1.000000000000000000, 0.000000000000000000, 0.000000000000000000 ) ) ;
#1173 = ORIENTED_EDGE ( 'NONE', *, *, #1825, .F. ) ;
#1174 = DIRECTION ( 'NONE',  ( 0.000000000000000000, 0.000000000000000000, 1.000000000000000000 ) ) ;
#1175 = ORIENTED_EDGE ( 'NONE', *, *, #255, .T. ) ;
#1176 = EDGE_LOOP ( 'NONE', ( #320, #68, #523, #326 ) ) ;
#1177 = VECTOR ( 'NONE', #381, 1000.000000000000000 ) ;
#1178 = LINE ( 'NONE', #1169, #1436 ) ;
#1179 = AXIS2_PLACEMENT_3D ( 'NONE', #1981, #1537, #868 ) ;
#1180 = VECTOR ( 'NONE', #190, 1000.000000000000000 ) ;
#1181 = DIRECTION ( 'NONE',  ( -1.000000000000000000, 0.000000000000000000, 2.843808977011158816E-16 ) ) ;
#1182 = VERTEX_POINT ( 'NONE', #1522 ) ;
#1183 = EDGE_CURVE ( 'NONE', #1317, #321, #870, .T. ) ;
#1184 = CARTESIAN_POINT ( 'NONE',  ( 0.000000000000000000, 0.000000000000000000, -53.91076601422216896 ) ) ;
#1185 = ORIENTED_EDGE ( 'NONE', *, *, #1654, .F. ) ;
#1186 = ORIENTED_EDGE ( 'NONE', *, *, #527, .F. ) ;
#1187 = LINE ( 'NONE', #1343, #1542 ) ;
#1188 = CARTESIAN_POINT ( 'NONE',  ( -46.74529042290991043, 4.000000000000000000, -24.19999999999997797 ) ) ;
#1189 = ORIENTED_EDGE ( 'NONE', *, *, #718, .F. ) ;
#1190 = CARTESIAN_POINT ( 'NONE',  ( -37.94529042290989906, -2.000000000000000000, -27.19999999999997797 ) ) ;
#1191 = VERTEX_POINT ( 'NONE', #1887 ) ;
#1192 = ORIENTED_EDGE ( 'NONE', *, *, #1193, .T. ) ;
#1193 = EDGE_CURVE ( 'NONE', #1348, #2026, #386, .T. ) ;
#1194 = LINE ( 'NONE', #1849, #1609 ) ;
#1195 = DIRECTION ( 'NONE',  ( 0.000000000000000000, 1.000000000000000000, 0.000000000000000000 ) ) ;
#1196 = LINE ( 'NONE', #86, #1846 ) ;
#1197 = DIRECTION ( 'NONE',  ( -0.000000000000000000, -1.000000000000000000, -0.000000000000000000 ) ) ;
#1198 = CARTESIAN_POINT ( 'NONE',  ( -37.14529042290990191, 2.000000000000000000, -51.41076601422215475 ) ) ;
#1199 = ORIENTED_EDGE ( 'NONE', *, *, #733, .T. ) ;
#1200 = DIRECTION ( 'NONE',  ( 1.298367925999405132E-15, 0.000000000000000000, 1.000000000000000000 ) ) ;
#1201 = CARTESIAN_POINT ( 'NONE',  ( 3.270619643041930757, 4.000000000000000000, -52.41076601422216896 ) ) ;
#1202 = ORIENTED_EDGE ( 'NONE', *, *, #1704, .T. ) ;
#1203 = DIRECTION ( 'NONE',  ( 0.000000000000000000, -0.000000000000000000, 1.000000000000000000 ) ) ;
#1204 = ORIENTED_EDGE ( 'NONE', *, *, #835, .T. ) ;
#1205 = EDGE_CURVE ( 'NONE', #1951, #881, #405, .T. ) ;
#1206 = LINE ( 'NONE', #419, #1770 ) ;
#1207 = AXIS2_PLACEMENT_3D ( 'NONE', #1744, #452, #278 ) ;
#1208 = EDGE_CURVE ( 'NONE', #1027, #1875, #1996, .T. ) ;
#1209 = COORDINATED_UNIVERSAL_TIME_OFFSET ( 5, 0, .BEHIND. ) ;
#1210 = VERTEX_POINT ( 'NONE', #728 ) ;
#1211 = VECTOR ( 'NONE', #1101, 1000.000000000000000 ) ;
#1212 = LINE ( 'NONE', #1707, #268 ) ;
#1213 = LINE ( 'NONE', #87, #1322 ) ;
#1214 = AXIS2_PLACEMENT_3D ( 'NONE', #986, #1662, #676 ) ;
#1215 = ORIENTED_EDGE ( 'NONE', *, *, #927, .T. ) ;
#1216 = CIRCLE ( 'NONE', #1434, 19.00000000000000355 ) ;
#1217 = DIRECTION ( 'NONE',  ( 0.000000000000000000, 1.000000000000000000, -0.000000000000000000 ) ) ;
#1218 = VERTEX_POINT ( 'NONE', #1864 ) ;
#1219 = ORIENTED_EDGE ( 'NONE', *, *, #1100, .T. ) ;
#1220 = AXIS2_PLACEMENT_3D ( 'NONE', #1684, #859, #366 ) ;
#1221 = CARTESIAN_POINT ( 'NONE',  ( 4.770619643041941416, 4.000000000000000000, -1.209134826526620492E-15 ) ) ;
#1222 = FACE_OUTER_BOUND ( 'NONE', #1324, .T. ) ;
#1223 = EDGE_CURVE ( 'NONE', #717, #1525, #1694, .T. ) ;
#1224 = FACE_OUTER_BOUND ( 'NONE', #545, .T. ) ;
#1225 = CARTESIAN_POINT ( 'NONE',  ( -34.64529042290990901, 4.000000000000000000, -51.15508619108273791 ) ) ;
#1226 = CARTESIAN_POINT ( 'NONE',  ( -34.02938035695836305, 4.000000000000000000, -1.880465510087428131E-13 ) ) ;
#1227 = EDGE_CURVE ( 'NONE', #321, #1584, #1842, .T. ) ;
#1228 = FACE_OUTER_BOUND ( 'NONE', #1005, .T. ) ;
#1229 = EDGE_LOOP ( 'NONE', ( #363, #513, #1002, #1299 ) ) ;
#1230 = CARTESIAN_POINT ( 'NONE',  ( -37.94529042290989906, 0.000000000000000000, -24.19999999999997797 ) ) ;
#1231 = ORIENTED_EDGE ( 'NONE', *, *, #1444, .F. ) ;
#1232 = DIRECTION ( 'NONE',  ( 0.000000000000000000, 0.000000000000000000, 1.000000000000000000 ) ) ;
#1233 = LINE ( 'NONE', #1737, #369 ) ;
#1234 = CC_DESIGN_SECURITY_CLASSIFICATION ( #1092, ( #322 ) ) ;
#1235 = CARTESIAN_POINT ( 'NONE',  ( 0.000000000000000000, 2.000000000000000000, 0.000000000000000000 ) ) ;
#1236 = ADVANCED_FACE ( 'NONE', ( #215 ), #1745, .F. ) ;
#1237 = CARTESIAN_POINT ( 'NONE',  ( -76.77307481965229385, 4.000000000000000000, -42.71051909440004835 ) ) ;
#1238 = DIRECTION ( 'NONE',  ( 1.000000000000000000, -0.000000000000000000, 0.000000000000000000 ) ) ;
#1239 = LINE ( 'NONE', #1073, #1289 ) ;
#1240 = VERTEX_POINT ( 'NONE', #1913 ) ;
#1241 = CARTESIAN_POINT ( 'NONE',  ( -6.475823380333168071E-15, 4.000000000000000000, -34.81076601422218175 ) ) ;
#1242 = LINE ( 'NONE', #267, #1847 ) ;
#1243 = CARTESIAN_POINT ( 'NONE',  ( 3.270619643041930757, 4.000000000000000000, -52.41076601422216896 ) ) ;
#1244 = LINE ( 'NONE', #1597, #1103 ) ;
#1245 = APPROVAL_STATUS ( 'not_yet_approved' ) ;
#1246 = VECTOR ( 'NONE', #446, 1000.000000000000000 ) ;
#1247 = VERTEX_POINT ( 'NONE', #296 ) ;
#1248 = CARTESIAN_POINT ( 'NONE',  ( -52.37307481965228106, 4.000000000000000000, 4.331480448092519981E-15 ) ) ;
#1249 = VECTOR ( 'NONE', #600, 1000.000000000000000 ) ;
#1250 = LINE ( 'NONE', #1116, #2039 ) ;
#1251 = DIRECTION ( 'NONE',  ( 3.687780117775669140E-16, -0.000000000000000000, 1.000000000000000000 ) ) ;
#1252 = VERTEX_POINT ( 'NONE', #279 ) ;
#1253 = VECTOR ( 'NONE', #2004, 1000.000000000000000 ) ;
#1254 = EDGE_CURVE ( 'NONE', #786, #1858, #1976, .T. ) ;
#1255 = DIRECTION ( 'NONE',  ( -1.000000000000000000, 0.000000000000000000, 2.843808977011158816E-16 ) ) ;
#1256 = AXIS2_PLACEMENT_3D ( 'NONE', #1909, #1741, #96 ) ;
#1257 = CARTESIAN_POINT ( 'NONE',  ( -58.87307481965229528, 0.000000000000000000, -41.21051909440004124 ) ) ;
#1258 =( NAMED_UNIT ( * ) PLANE_ANGLE_UNIT ( ) SI_UNIT ( $, .RADIAN. ) );
#1259 = PERSON ( 'UNSPECIFIED', 'UNSPECIFIED', 'UNSPECIFIED', ('UNSPECIFIED'), ('UNSPECIFIED'), ('UNSPECIFIED') ) ;
#1260 = DIRECTION ( 'NONE',  ( -1.000000000000000000, 0.000000000000000000, 0.000000000000000000 ) ) ;
#1261 = LINE ( 'NONE', #2078, #1602 ) ;
#1262 = FACE_OUTER_BOUND ( 'NONE', #721, .T. ) ;
#1263 = ADVANCED_FACE ( 'NONE', ( #1574 ), #424, .T. ) ;
#1264 = CARTESIAN_POINT ( 'NONE',  ( 3.270619643042310898, 0.000000000000000000, -2.372142006180710244E-14 ) ) ;
#1265 = ORIENTED_EDGE ( 'NONE', *, *, #1325, .T. ) ;
#1266 = DIRECTION ( 'NONE',  ( -1.000000000000000000, 0.000000000000000000, 0.000000000000000000 ) ) ;
#1267 = DIRECTION ( 'NONE',  ( -0.000000000000000000, -1.000000000000000000, -0.000000000000000000 ) ) ;
#1268 = EDGE_CURVE ( 'NONE', #682, #857, #1239, .T. ) ;
#1269 = LINE ( 'NONE', #1628, #1536 ) ;
#1270 = CARTESIAN_POINT ( 'NONE',  ( 1.689620665601405819E-13, 0.000000000000000000, -48.69999999999983231 ) ) ;
#1271 = CARTESIAN_POINT ( 'NONE',  ( -49.37307481965228817, -2.000000000000000000, -24.19999999999996376 ) ) ;
#1272 = DIRECTION ( 'NONE',  ( 0.000000000000000000, 1.000000000000000000, 0.000000000000000000 ) ) ;
#1273 = ORIENTED_EDGE ( 'NONE', *, *, #1098, .F. ) ;
#1274 = DIRECTION ( 'NONE',  ( 1.000000000000000000, 0.000000000000000000, -3.242473786872536307E-16 ) ) ;
#1275 = EDGE_CURVE ( 'NONE', #505, #1392, #443, .T. ) ;
#1276 = MANIFOLD_SOLID_BREP ( 'Boss-Extrude3', #1461 ) ;
#1277 = EDGE_CURVE ( 'NONE', #130, #213, #1037, .T. ) ;
#1278 = DIRECTION ( 'NONE',  ( -0.000000000000000000, -1.000000000000000000, -0.000000000000000000 ) ) ;
#1279 = CARTESIAN_POINT ( 'NONE',  ( 4.770619643041935198, -2.000000000000000000, -33.31076601422216754 ) ) ;
#1280 = DIRECTION ( 'NONE',  ( 0.000000000000000000, 0.000000000000000000, 1.000000000000000000 ) ) ;
#1281 = ORIENTED_EDGE ( 'NONE', *, *, #674, .F. ) ;
#1282 = ORGANIZATION ( 'UNSPECIFIED', 'UNSPECIFIED', '' ) ;
#1283 = AXIS2_PLACEMENT_3D ( 'NONE', #1591, #1758, #1765 ) ;
#1284 = DIRECTION ( 'NONE',  ( 0.000000000000000000, 0.000000000000000000, 1.000000000000000000 ) ) ;
#1285 = DIRECTION ( 'NONE',  ( 1.000000000000000000, -0.000000000000000000, 0.000000000000000000 ) ) ;
#1286 = VERTEX_POINT ( 'NONE', #453 ) ;
#1287 = ORIENTED_EDGE ( 'NONE', *, *, #876, .F. ) ;
#1288 = VECTOR ( 'NONE', #1852, 1000.000000000000000 ) ;
#1289 = VECTOR ( 'NONE', #142, 1000.000000000000000 ) ;
#1290 = DATE_TIME_ROLE ( 'classification_date' ) ;
#1291 = CARTESIAN_POINT ( 'NONE',  ( 0.000000000000000000, 4.000000000000000000, 0.000000000000000000 ) ) ;
#1292 = EDGE_CURVE ( 'NONE', #1488, #1565, #2073, .T. ) ;
#1293 = DIRECTION ( 'NONE',  ( 0.000000000000000000, 1.000000000000000000, 0.000000000000000000 ) ) ;
#1294 = ADVANCED_FACE ( 'NONE', ( #289 ), #2049, .F. ) ;
#1295 = CARTESIAN_POINT ( 'NONE',  ( 0.000000000000000000, 4.000000000000000000, 0.000000000000000000 ) ) ;
#1296 = VERTEX_POINT ( 'NONE', #911 ) ;
#1297 = LINE ( 'NONE', #1748, #1314 ) ;
#1298 = CARTESIAN_POINT ( 'NONE',  ( -52.37307481965228106, 4.000000000000000000, 41.18948090559995734 ) ) ;
#1299 = ORIENTED_EDGE ( 'NONE', *, *, #1899, .T. ) ;
#1300 = ORIENTED_EDGE ( 'NONE', *, *, #248, .T. ) ;
#1301 = FACE_OUTER_BOUND ( 'NONE', #8, .T. ) ;
#1302 = CARTESIAN_POINT ( 'NONE',  ( -31.94529042290990972, 0.000000000000000000, -33.31076601422216044 ) ) ;
#1303 = EDGE_CURVE ( 'NONE', #1709, #1820, #1094, .T. ) ;
#1304 = LINE ( 'NONE', #1160, #537 ) ;
#1305 = ORIENTED_EDGE ( 'NONE', *, *, #1566, .T. ) ;
#1306 = DIRECTION ( 'NONE',  ( -1.000000000000000000, -0.000000000000000000, 1.071302689730041279E-16 ) ) ;
#1307 = VERTEX_POINT ( 'NONE', #1766 ) ;
#1308 = ORIENTED_EDGE ( 'NONE', *, *, #465, .F. ) ;
#1309 = CARTESIAN_POINT ( 'NONE',  ( 1.689620665601405819E-13, 2.000000000000000000, -48.69999999999983231 ) ) ;
#1310 = ORIENTED_EDGE ( 'NONE', *, *, #2052, .F. ) ;
#1311 = FACE_OUTER_BOUND ( 'NONE', #1865, .T. ) ;
#1312 = CARTESIAN_POINT ( 'NONE',  ( -55.37307481965227396, -2.000000000000000000, 51.00000000000000711 ) ) ;
#1313 = ORIENTED_EDGE ( 'NONE', *, *, #1644, .F. ) ;
#1314 = VECTOR ( 'NONE', #913, 1000.000000000000000 ) ;
#1315 = DIRECTION ( 'NONE',  ( 1.000000000000000000, -0.000000000000000000, 0.000000000000000000 ) ) ;
#1316 = VERTEX_POINT ( 'NONE', #129 ) ;
#1317 = VERTEX_POINT ( 'NONE', #593 ) ;
#1318 = VECTOR ( 'NONE', #2033, 1000.000000000000000 ) ;
#1319 = EDGE_CURVE ( 'NONE', #1626, #2005, #1614, .T. ) ;
#1320 = EDGE_LOOP ( 'NONE', ( #1231, #2024, #673, #1202 ) ) ;
#1321 = CARTESIAN_POINT ( 'NONE',  ( -76.77307481965229385, 0.000000000000000000, -42.71051909440004835 ) ) ;
#1322 = VECTOR ( 'NONE', #716, 1000.000000000000000 ) ;
#1323 = CARTESIAN_POINT ( 'NONE',  ( -46.74529042290991043, 4.000000000000000000, -25.69999999999998153 ) ) ;
#1324 = EDGE_LOOP ( 'NONE', ( #1672, #824, #1606, #280 ) ) ;
#1325 = EDGE_CURVE ( 'NONE', #340, #2037, #756, .T. ) ;
#1326 = ADVANCED_FACE ( 'NONE', ( #1419 ), #2063, .T. ) ;
#1327 = CARTESIAN_POINT ( 'NONE',  ( -50.34529042290991896, 2.000000000000000000, -53.91076601422216186 ) ) ;
#1328 = ORIENTED_EDGE ( 'NONE', *, *, #1882, .F. ) ;
#1329 = ORIENTED_EDGE ( 'NONE', *, *, #1268, .F. ) ;
#1330 = EDGE_CURVE ( 'NONE', #26, #965, #574, .T. ) ;
#1331 = FACE_OUTER_BOUND ( 'NONE', #1874, .T. ) ;
#1332 = LINE ( 'NONE', #210, #410 ) ;
#1333 = CARTESIAN_POINT ( 'NONE',  ( -34.64529042290990191, 2.000000000000000000, -51.41076601422215475 ) ) ;
#1334 = FACE_OUTER_BOUND ( 'NONE', #1477, .T. ) ;
#1335 = ORIENTED_EDGE ( 'NONE', *, *, #1430, .F. ) ;
#1336 = LINE ( 'NONE', #193, #1634 ) ;
#1337 = EDGE_LOOP ( 'NONE', ( #63, #1826, #535, #1857 ) ) ;
#1338 = CC_DESIGN_APPROVAL ( #640, ( #1092 ) ) ;
#1339 = ORIENTED_EDGE ( 'NONE', *, *, #939, .F. ) ;
#1340 = EDGE_CURVE ( 'NONE', #328, #524, #1926, .T. ) ;
#1341 = CARTESIAN_POINT ( 'NONE',  ( -46.74529042290991043, 4.000000000000000000, -25.69999999999998153 ) ) ;
#1342 = PLANE ( 'NONE',  #2093 ) ;
#1343 = CARTESIAN_POINT ( 'NONE',  ( 1.426935403565143035E-13, 2.000000000000000000, -51.41076601422201264 ) ) ;
#1344 = EDGE_CURVE ( 'NONE', #2005, #638, #1777, .T. ) ;
#1345 = DIRECTION ( 'NONE',  ( -1.000000000000000000, 0.000000000000000000, 7.252882527098619258E-15 ) ) ;
#1346 = DIRECTION ( 'NONE',  ( -1.000000000000000000, 0.000000000000000000, 0.000000000000000000 ) ) ;
#1347 = DIRECTION ( 'NONE',  ( 0.000000000000000000, 0.000000000000000000, -1.000000000000000000 ) ) ;
#1348 = VERTEX_POINT ( 'NONE', #1399 ) ;
#1349 = CARTESIAN_POINT ( 'NONE',  ( -34.64529042290990901, 4.000000000000000000, -51.15508619108273791 ) ) ;
#1350 = EDGE_LOOP ( 'NONE', ( #748, #1287, #900, #847 ) ) ;
#1351 = ORIENTED_EDGE ( 'NONE', *, *, #1750, .T. ) ;
#1352 = LINE ( 'NONE', #390, #1776 ) ;
#1353 = AXIS2_PLACEMENT_3D ( 'NONE', #945, #121, #153 ) ;
#1354 = VECTOR ( 'NONE', #1274, 1000.000000000000000 ) ;
#1355 = ORIENTED_EDGE ( 'NONE', *, *, #507, .F. ) ;
#1356 = DIRECTION ( 'NONE',  ( 1.000000000000000000, 0.000000000000000000, -2.843808977011158816E-16 ) ) ;
#1357 = VECTOR ( 'NONE', #1038, 1000.000000000000000 ) ;
#1358 = AXIS2_PLACEMENT_3D ( 'NONE', #1190, #1217, #872 ) ;
#1359 = CARTESIAN_POINT ( 'NONE',  ( -49.37307481965228817, 0.000000000000000000, -24.19999999999996376 ) ) ;
#1360 = LINE ( 'NONE', #230, #1803 ) ;
#1361 = ADVANCED_FACE ( 'NONE', ( #1894 ), #1063, .F. ) ;
#1362 = CARTESIAN_POINT ( 'NONE',  ( -41.74529042290988201, 2.000000000000000000, -30.69999999999998153 ) ) ;
#1363 = ORIENTED_EDGE ( 'NONE', *, *, #163, .F. ) ;
#1364 = DIRECTION ( 'NONE',  ( -1.000000000000000000, 0.000000000000000000, 1.071302689730041279E-16 ) ) ;
#1365 = VERTEX_POINT ( 'NONE', #1136 ) ;
#1366 = ORIENTED_EDGE ( 'NONE', *, *, #1878, .F. ) ;
#1367 = ORIENTED_EDGE ( 'NONE', *, *, #1612, .F. ) ;
#1368 = CARTESIAN_POINT ( 'NONE',  ( -54.34529042290991896, 4.000000000000000000, -53.91076601422216186 ) ) ;
#1369 = CARTESIAN_POINT ( 'NONE',  ( -54.34529042290991896, 4.000000000000000000, 0.000000000000000000 ) ) ;
#1370 = ORIENTED_EDGE ( 'NONE', *, *, #685, .T. ) ;
#1371 = EDGE_CURVE ( 'NONE', #1964, #2035, #777, .T. ) ;
#1372 = CARTESIAN_POINT ( 'NONE',  ( -34.02938035695802199, 0.000000000000000000, 4.418265599710848625E-14 ) ) ;
#1373 = CARTESIAN_POINT ( 'NONE',  ( -41.74529042290988201, 2.000000000000000000, -30.69999999999998153 ) ) ;
#1374 = ORIENTED_EDGE ( 'NONE', *, *, #1128, .F. ) ;
#1375 = ORIENTED_EDGE ( 'NONE', *, *, #1325, .F. ) ;
#1376 = EDGE_CURVE ( 'NONE', #1987, #240, #1216, .T. ) ;
#1377 = LOCAL_TIME ( 21, 24, 24.00000000000000000, #157 ) ;
#1378 = CARTESIAN_POINT ( 'NONE',  ( -58.87307481965228106, 4.000000000000000000, 41.18948090559995734 ) ) ;
#1379 = ORIENTED_EDGE ( 'NONE', *, *, #1799, .F. ) ;
#1380 = DIRECTION ( 'NONE',  ( 1.000000000000000000, 0.000000000000000000, -0.000000000000000000 ) ) ;
#1381 = DIRECTION ( 'NONE',  ( -1.000000000000000000, 0.000000000000000000, -0.000000000000000000 ) ) ;
#1382 = CARTESIAN_POINT ( 'NONE',  ( -31.94529042290990972, -2.000000000000000000, -30.31076601422216754 ) ) ;
#1383 = DIRECTION ( 'NONE',  ( 0.000000000000000000, 1.000000000000000000, -0.000000000000000000 ) ) ;
#1384 = VERTEX_POINT ( 'NONE', #1117 ) ;
#1385 = CC_DESIGN_PERSON_AND_ORGANIZATION_ASSIGNMENT ( #285, #124, ( #322 ) ) ;
#1386 = DIRECTION ( 'NONE',  ( -0.000000000000000000, -1.000000000000000000, -0.000000000000000000 ) ) ;
#1387 = ORIENTED_EDGE ( 'NONE', *, *, #927, .F. ) ;
#1388 = VERTEX_POINT ( 'NONE', #1970 ) ;
#1389 = EDGE_CURVE ( 'NONE', #2046, #483, #510, .T. ) ;
#1390 = FACE_OUTER_BOUND ( 'NONE', #1350, .T. ) ;
#1391 = DIRECTION ( 'NONE',  ( -0.000000000000000000, -1.000000000000000000, -0.000000000000000000 ) ) ;
#1392 = VERTEX_POINT ( 'NONE', #952 ) ;
#1393 = VECTOR ( 'NONE', #1278, 1000.000000000000000 ) ;
#1394 = CARTESIAN_POINT ( 'NONE',  ( -79.00000000000001421, -2.000000000000000000, 35.00000000000000000 ) ) ;
#1395 = AXIS2_PLACEMENT_3D ( 'NONE', #380, #1493, #1009 ) ;
#1396 = VERTEX_POINT ( 'NONE', #668 ) ;
#1397 = VECTOR ( 'NONE', #1583, 1000.000000000000000 ) ;
#1398 = DIRECTION ( 'NONE',  ( -1.000000000000000000, 0.000000000000000000, -0.000000000000000000 ) ) ;
#1399 = CARTESIAN_POINT ( 'NONE',  ( -58.87307481965228106, 4.000000000000000000, 39.68948090559995734 ) ) ;
#1400 = ORIENTED_EDGE ( 'NONE', *, *, #894, .T. ) ;
#1401 = ADVANCED_FACE ( 'NONE', ( #160 ), #981, .F. ) ;
#1402 = DIRECTION ( 'NONE',  ( -0.000000000000000000, 0.000000000000000000, 1.000000000000000000 ) ) ;
#1403 = EDGE_CURVE ( 'NONE', #682, #1834, #471, .T. ) ;
#1404 = DIRECTION ( 'NONE',  ( -5.526005734932251062E-15, 0.000000000000000000, 1.000000000000000000 ) ) ;
#1405 = ORIENTED_EDGE ( 'NONE', *, *, #1828, .T. ) ;
#1406 = DIRECTION ( 'NONE',  ( -1.000000000000000000, 0.000000000000000000, 2.775557561562888984E-15 ) ) ;
#1407 = CARTESIAN_POINT ( 'NONE',  ( -52.84529042290991896, 4.000000000000000000, -42.71051909440004835 ) ) ;
#1408 = DIRECTION ( 'NONE',  ( 0.000000000000000000, 0.000000000000000000, 1.000000000000000000 ) ) ;
#1409 = CARTESIAN_POINT ( 'NONE',  ( -60.00000000000001421, -2.000000000000000000, -34.99999999999999289 ) ) ;
#1410 = VERTEX_POINT ( 'NONE', #2089 ) ;
#1411 = DIRECTION ( 'NONE',  ( 0.000000000000000000, 1.000000000000000000, 0.000000000000000000 ) ) ;
#1412 = LINE ( 'NONE', #1596, #333 ) ;
#1413 = APPLICATION_CONTEXT ( 'configuration controlled 3d designs of mechanical parts and assemblies' ) ;
#1414 = DIRECTION ( 'NONE',  ( 1.000000000000000000, 0.000000000000000000, 0.000000000000000000 ) ) ;
#1415 = CARTESIAN_POINT ( 'NONE',  ( -34.94529042290990617, 0.000000000000000000, -30.31076601422216754 ) ) ;
#1416 = LINE ( 'NONE', #572, #727 ) ;
#1417 = EDGE_CURVE ( 'NONE', #1317, #397, #1304, .T. ) ;
#1418 = CARTESIAN_POINT ( 'NONE',  ( -34.64529042290990191, 0.000000000000000000, -0.000000000000000000 ) ) ;
#1419 = FACE_OUTER_BOUND ( 'NONE', #1711, .T. ) ;
#1420 = VERTEX_POINT ( 'NONE', #1984 ) ;
#1421 = LINE ( 'NONE', #902, #1571 ) ;
#1422 = DIRECTION ( 'NONE',  ( 1.889887487861004136E-16, -0.000000000000000000, 1.000000000000000000 ) ) ;
#1423 = LINE ( 'NONE', #2068, #628 ) ;
#1424 = CARTESIAN_POINT ( 'NONE',  ( 4.770619643041912106, 4.000000000000000000, 1.501572465032011987E-15 ) ) ;
#1425 = AXIS2_PLACEMENT_3D ( 'NONE', #1241, #237, #1548 ) ;
#1426 = EDGE_CURVE ( 'NONE', #857, #1420, #360, .T. ) ;
#1427 = CARTESIAN_POINT ( 'NONE',  ( -52.84529042290991896, 4.000000000000000000, -42.71051909440004835 ) ) ;
#1428 = AXIS2_PLACEMENT_3D ( 'NONE', #520, #1172, #1347 ) ;
#1429 = AXIS2_PLACEMENT_3D ( 'NONE', #401, #1383, #2034 ) ;
#1430 = EDGE_CURVE ( 'NONE', #9, #660, #13, .T. ) ;
#1431 = CARTESIAN_POINT ( 'NONE',  ( -40.74529042290991043, 4.000000000000000000, 0.000000000000000000 ) ) ;
#1432 = DIRECTION ( 'NONE',  ( 0.000000000000000000, 1.000000000000000000, 0.000000000000000000 ) ) ;
#1433 = VERTEX_POINT ( 'NONE', #348 ) ;
#1434 = AXIS2_PLACEMENT_3D ( 'NONE', #1819, #1804, #479 ) ;
#1435 = CARTESIAN_POINT ( 'NONE',  ( -58.87307481965228106, 4.000000000000000000, 41.18948090559995734 ) ) ;
#1436 = VECTOR ( 'NONE', #998, 1000.000000000000000 ) ;
#1437 = PLANE ( 'NONE',  #1815 ) ;
#1438 = CARTESIAN_POINT ( 'NONE',  ( -1.988110510413048144E-14, 4.000000000000000000, -53.91076601422218317 ) ) ;
#1439 = EDGE_CURVE ( 'NONE', #371, #943, #635, .T. ) ;
#1440 = EDGE_LOOP ( 'NONE', ( #976, #1833, #14, #1638 ) ) ;
#1441 = ADVANCED_FACE ( 'NONE', ( #1786 ), #1829, .T. ) ;
#1442 = DIRECTION ( 'NONE',  ( 1.000000000000000000, 0.000000000000000000, 0.000000000000000000 ) ) ;
#1443 = EDGE_LOOP ( 'NONE', ( #2020, #432, #594, #627 ) ) ;
#1444 = EDGE_CURVE ( 'NONE', #1191, #1296, #499, .T. ) ;
#1445 = UNCERTAINTY_MEASURE_WITH_UNIT (LENGTH_MEASURE( 1.000000000000000082E-05 ), #1043, 'distance_accuracy_value', 'NONE');
#1446 = DATE_AND_TIME ( #947, #1377 ) ;
#1447 = DIRECTION ( 'NONE',  ( 0.000000000000000000, 0.000000000000000000, -1.000000000000000000 ) ) ;
#1448 = EDGE_LOOP ( 'NONE', ( #1677, #334, #812, #691 ) ) ;
#1449 = CARTESIAN_POINT ( 'NONE',  ( -46.74529042290991043, 0.000000000000000000, 0.000000000000000000 ) ) ;
#1450 = DIRECTION ( 'NONE',  ( 2.775557561562889379E-15, 0.000000000000000000, 1.000000000000000000 ) ) ;
#1451 = LINE ( 'NONE', #1418, #1877 ) ;
#1452 = DIRECTION ( 'NONE',  ( 0.000000000000000000, -0.000000000000000000, 1.000000000000000000 ) ) ;
#1453 = ORIENTED_EDGE ( 'NONE', *, *, #685, .F. ) ;
#1454 = PLANE ( 'NONE',  #266 ) ;
#1455 = EDGE_CURVE ( 'NONE', #964, #1147, #1646, .T. ) ;
#1456 = CARTESIAN_POINT ( 'NONE',  ( 0.000000000000000000, 4.000000000000000000, -40.15508619108273791 ) ) ;
#1457 = ORIENTED_EDGE ( 'NONE', *, *, #880, .F. ) ;
#1458 = EDGE_CURVE ( 'NONE', #26, #1316, #1000, .T. ) ;
#1459 = CARTESIAN_POINT ( 'NONE',  ( -49.37307481965228817, 0.000000000000000000, -21.19999999999996376 ) ) ;
#1460 = CARTESIAN_POINT ( 'NONE',  ( -76.77307481965229385, 4.000000000000000000, -42.71051909440004835 ) ) ;
#1461 = CLOSED_SHELL ( 'NONE', ( #531, #863, #21, #93, #456, #191, #890, #1605, #1977, #42, #722, #1141, #1915, #1326, #1125, #128, #470, #1236, #1167, #1062, #2040, #1044, #742, #1682, #632, #1835, #1097, #1601, #656, #611, #1294, #1678, #1118, #411, #218, #809, #916, #696, #330, #1934, #79, #310, #817, #198, #204, #675, #590, #420, #1563, #66, #583, #1401, #1441, #1361, #448, #284, #620, #543, #12, #1263, #1715, #644, #771, #1665 ) ) ;
#1462 = EDGE_LOOP ( 'NONE', ( #1618, #177, #1615, #873, #2038, #174, #1696, #1792 ) ) ;
#1463 = LINE ( 'NONE', #760, #1736 ) ;
#1464 = CARTESIAN_POINT ( 'NONE',  ( 4.770619643041929869, 4.000000000000000000, -53.91076601422216896 ) ) ;
#1465 = ORIENTED_EDGE ( 'NONE', *, *, #1371, .F. ) ;
#1466 = EDGE_LOOP ( 'NONE', ( #352, #254, #1534, #223 ) ) ;
#1467 = VECTOR ( 'NONE', #1986, 1000.000000000000000 ) ;
#1468 = DIRECTION ( 'NONE',  ( 1.000000000000000000, -0.000000000000000000, 0.000000000000000000 ) ) ;
#1469 = EDGE_CURVE ( 'NONE', #1531, #2037, #35, .T. ) ;
#1470 = DIRECTION ( 'NONE',  ( 0.000000000000000000, 0.000000000000000000, 1.000000000000000000 ) ) ;
#1471 = VERTEX_POINT ( 'NONE', #800 ) ;
#1472 = DIRECTION ( 'NONE',  ( 0.000000000000000000, -1.000000000000000000, 0.000000000000000000 ) ) ;
#1473 = CARTESIAN_POINT ( 'NONE',  ( -37.94529042290989906, 0.000000000000000000, -27.19999999999997797 ) ) ;
#1474 = VERTEX_POINT ( 'NONE', #1323 ) ;
#1475 = LINE ( 'NONE', #362, #1035 ) ;
#1476 = ORIENTED_EDGE ( 'NONE', *, *, #315, .F. ) ;
#1477 = EDGE_LOOP ( 'NONE', ( #1954, #586, #735, #1840 ) ) ;
#1478 = DIRECTION ( 'NONE',  ( 0.000000000000000000, 1.000000000000000000, -0.000000000000000000 ) ) ;
#1479 = VERTEX_POINT ( 'NONE', #1483 ) ;
#1480 = DIRECTION ( 'NONE',  ( 0.000000000000000000, -0.000000000000000000, 1.000000000000000000 ) ) ;
#1481 = FACE_OUTER_BOUND ( 'NONE', #504, .T. ) ;
#1482 = CARTESIAN_POINT ( 'NONE',  ( -34.02938035695807883, 4.000000000000000000, -51.15508619108273791 ) ) ;
#1483 = CARTESIAN_POINT ( 'NONE',  ( -60.00000000000002132, 0.000000000000000000, -53.99999999999999289 ) ) ;
#1484 = EDGE_CURVE ( 'NONE', #397, #1286, #175, .T. ) ;
#1485 = ORIENTED_EDGE ( 'NONE', *, *, #1277, .T. ) ;
#1486 = CARTESIAN_POINT ( 'NONE',  ( -34.64529042290990901, 2.000000000000000000, -53.91076601422216896 ) ) ;
#1487 = ORIENTED_EDGE ( 'NONE', *, *, #569, .F. ) ;
#1488 = VERTEX_POINT ( 'NONE', #1959 ) ;
#1489 = FACE_OUTER_BOUND ( 'NONE', #1440, .T. ) ;
#1490 = CARTESIAN_POINT ( 'NONE',  ( -34.64529042290990901, 4.000000000000000000, -53.91076601422216896 ) ) ;
#1491 = ORIENTED_EDGE ( 'NONE', *, *, #2028, .F. ) ;
#1492 = LINE ( 'NONE', #1645, #1041 ) ;
#1493 = DIRECTION ( 'NONE',  ( -1.000000000000000000, 0.000000000000000000, -0.000000000000000000 ) ) ;
#1494 = EDGE_CURVE ( 'NONE', #2027, #1057, #486, .T. ) ;
#1495 = CARTESIAN_POINT ( 'NONE',  ( -52.84529042290991896, 2.000000000000000000, -51.41076601422216186 ) ) ;
#1496 = CARTESIAN_POINT ( 'NONE',  ( 0.000000000000000000, 4.000000000000000000, -41.21051909440004124 ) ) ;
#1497 = VERTEX_POINT ( 'NONE', #1994 ) ;
#1498 = EDGE_CURVE ( 'NONE', #1396, #524, #2023, .T. ) ;
#1499 = VECTOR ( 'NONE', #592, 1000.000000000000000 ) ;
#1500 = DIRECTION ( 'NONE',  ( -8.577124726708563381E-17, 0.000000000000000000, -1.000000000000000000 ) ) ;
#1501 = EDGE_LOOP ( 'NONE', ( #1121, #383, #1544, #982 ) ) ;
#1502 = EDGE_LOOP ( 'NONE', ( #1374, #1355, #556, #1351 ) ) ;
#1503 = VECTOR ( 'NONE', #651, 1000.000000000000000 ) ;
#1504 = VECTOR ( 'NONE', #154, 1000.000000000000000 ) ;
#1505 = VECTOR ( 'NONE', #1432, 1000.000000000000000 ) ;
#1506 = DIRECTION ( 'NONE',  ( 1.000000000000000000, 0.000000000000000000, 2.775557561562888984E-15 ) ) ;
#1507 = VECTOR ( 'NONE', #260, 1000.000000000000000 ) ;
#1508 = CARTESIAN_POINT ( 'NONE',  ( -55.37307481965227396, -2.000000000000000000, 54.00000000000000711 ) ) ;
#1509 = CARTESIAN_POINT ( 'NONE',  ( -40.74529042290991043, 4.000000000000000000, -25.69999999999998153 ) ) ;
#1510 = CARTESIAN_POINT ( 'NONE',  ( 1.171350155577748202E-14, 4.000000000000000000, 41.18948090559994313 ) ) ;
#1511 = ORIENTED_EDGE ( 'NONE', *, *, #754, .F. ) ;
#1512 = LINE ( 'NONE', #319, #1808 ) ;
#1513 = ORIENTED_EDGE ( 'NONE', *, *, #1193, .F. ) ;
#1514 = VERTEX_POINT ( 'NONE', #1543 ) ;
#1515 = DIRECTION ( 'NONE',  ( 0.000000000000000000, 1.000000000000000000, -0.000000000000000000 ) ) ;
#1516 = EDGE_CURVE ( 'NONE', #213, #1317, #392, .T. ) ;
#1517 = CARTESIAN_POINT ( 'NONE',  ( -37.94529042290989906, -2.000000000000000000, -24.19999999999997797 ) ) ;
#1518 = FACE_OUTER_BOUND ( 'NONE', #1040, .T. ) ;
#1519 = FACE_OUTER_BOUND ( 'NONE', #1229, .T. ) ;
#1520 = LINE ( 'NONE', #1870, #1910 ) ;
#1521 = ORIENTED_EDGE ( 'NONE', *, *, #1208, .T. ) ;
#1522 = CARTESIAN_POINT ( 'NONE',  ( -34.02938035695806462, 0.000000000000000000, -34.81076601422218175 ) ) ;
#1523 = ORIENTED_EDGE ( 'NONE', *, *, #1157, .F. ) ;
#1524 = APPROVAL_PERSON_ORGANIZATION ( #104, #962, #1589 ) ;
#1525 = VERTEX_POINT ( 'NONE', #78 ) ;
#1526 = CARTESIAN_POINT ( 'NONE',  ( 0.000000000000000000, 0.000000000000000000, -51.15508619108274502 ) ) ;
#1527 = EDGE_CURVE ( 'NONE', #1218, #1210, #1520, .T. ) ;
#1528 = EDGE_CURVE ( 'NONE', #1584, #1995, #338, .T. ) ;
#1529 = DIRECTION ( 'NONE',  ( 0.000000000000000000, -1.000000000000000000, 0.000000000000000000 ) ) ;
#1530 = PLANE ( 'NONE',  #568 ) ;
#1531 = VERTEX_POINT ( 'NONE', #1034 ) ;
#1532 = DIRECTION ( 'NONE',  ( 1.000000000000000000, 0.000000000000000000, -1.860293271824993963E-16 ) ) ;
#1533 = DIRECTION ( 'NONE',  ( 0.000000000000000000, -0.000000000000000000, 1.000000000000000000 ) ) ;
#1534 = ORIENTED_EDGE ( 'NONE', *, *, #492, .T. ) ;
#1535 = ORIENTED_EDGE ( 'NONE', *, *, #1980, .T. ) ;
#1536 = VECTOR ( 'NONE', #1640, 1000.000000000000000 ) ;
#1537 = DIRECTION ( 'NONE',  ( 0.000000000000000000, 0.000000000000000000, -1.000000000000000000 ) ) ;
#1538 = VECTOR ( 'NONE', #802, 1000.000000000000000 ) ;
#1539 = CARTESIAN_POINT ( 'NONE',  ( -55.37307481965227396, 0.000000000000000000, 54.00000000000000711 ) ) ;
#1540 = AXIS2_PLACEMENT_3D ( 'NONE', #1382, #400, #48 ) ;
#1541 = EDGE_CURVE ( 'NONE', #1025, #388, #412, .T. ) ;
#1542 = VECTOR ( 'NONE', #1506, 1000.000000000000000 ) ;
#1543 = CARTESIAN_POINT ( 'NONE',  ( -58.87307481965228106, 0.000000000000000000, 41.18948090559995734 ) ) ;
#1544 = ORIENTED_EDGE ( 'NONE', *, *, #1590, .T. ) ;
#1545 = DIRECTION ( 'NONE',  ( 1.000000000000000000, 0.000000000000000000, -0.000000000000000000 ) ) ;
#1546 = ORIENTED_EDGE ( 'NONE', *, *, #891, .F. ) ;
#1547 = EDGE_LOOP ( 'NONE', ( #1521, #1719, #146, #1943, #624, #689 ) ) ;
#1548 = DIRECTION ( 'NONE',  ( -1.000000000000000000, 0.000000000000000000, 1.860293271824993963E-16 ) ) ;
#1549 = FACE_OUTER_BOUND ( 'NONE', #616, .T. ) ;
#1550 = LINE ( 'NONE', #988, #1880 ) ;
#1551 = DIRECTION ( 'NONE',  ( 8.270433735288711788E-17, -0.000000000000000000, 1.000000000000000000 ) ) ;
#1552 = ORIENTED_EDGE ( 'NONE', *, *, #457, .F. ) ;
#1553 = EDGE_CURVE ( 'NONE', #1218, #1790, #530, .T. ) ;
#1554 = DIRECTION ( 'NONE',  ( -0.000000000000000000, -1.000000000000000000, -0.000000000000000000 ) ) ;
#1555 = ORIENTED_EDGE ( 'NONE', *, *, #980, .T. ) ;
#1556 = ORIENTED_EDGE ( 'NONE', *, *, #1275, .T. ) ;
#1557 = DIRECTION ( 'NONE',  ( -2.534544602167501264E-16, 0.000000000000000000, -1.000000000000000000 ) ) ;
#1558 = DIRECTION ( 'NONE',  ( -0.000000000000000000, -1.000000000000000000, -0.000000000000000000 ) ) ;
#1559 = COORDINATED_UNIVERSAL_TIME_OFFSET ( 5, 0, .BEHIND. ) ;
#1560 = EDGE_LOOP ( 'NONE', ( #1725, #1767, #1082, #1689 ) ) ;
#1561 = PLANE ( 'NONE',  #970 ) ;
#1562 = EDGE_LOOP ( 'NONE', ( #1130, #344, #1313, #1095 ) ) ;
#1563 = ADVANCED_FACE ( 'NONE', ( #246 ), #1530, .T. ) ;
#1564 = DIRECTION ( 'NONE',  ( -1.000000000000000000, 0.000000000000000000, 3.687780117775668647E-16 ) ) ;
#1565 = VERTEX_POINT ( 'NONE', #1851 ) ;
#1566 = EDGE_CURVE ( 'NONE', #484, #2056, #688, .T. ) ;
#1567 = DIRECTION ( 'NONE',  ( 0.000000000000000000, 0.000000000000000000, 1.000000000000000000 ) ) ;
#1568 = CARTESIAN_POINT ( 'NONE',  ( 0.000000000000000000, 4.000000000000000000, -25.69999999999998153 ) ) ;
#1569 = VECTOR ( 'NONE', #1404, 1000.000000000000000 ) ;
#1570 = CARTESIAN_POINT ( 'NONE',  ( -75.27307481965227964, 4.000000000000000000, -41.21051909440004124 ) ) ;
#1571 = VECTOR ( 'NONE', #923, 1000.000000000000000 ) ;
#1572 = AXIS2_PLACEMENT_3D ( 'NONE', #1438, #1251, #738 ) ;
#1573 = DIRECTION ( 'NONE',  ( 0.000000000000000000, 0.000000000000000000, -1.000000000000000000 ) ) ;
#1574 = FACE_OUTER_BOUND ( 'NONE', #708, .T. ) ;
#1575 = ORIENTED_EDGE ( 'NONE', *, *, #1277, .F. ) ;
#1576 = LINE ( 'NONE', #741, #303 ) ;
#1577 = CARTESIAN_POINT ( 'NONE',  ( -55.37307481965227396, 0.000000000000000000, 51.00000000000000711 ) ) ;
#1578 = EDGE_CURVE ( 'NONE', #1027, #739, #1213, .T. ) ;
#1579 = CALENDAR_DATE ( 2026, 9, 3 ) ;
#1580 = ORIENTED_EDGE ( 'NONE', *, *, #444, .T. ) ;
#1581 = DIRECTION ( 'NONE',  ( 0.000000000000000000, 0.000000000000000000, -1.000000000000000000 ) ) ;
#1582 = CARTESIAN_POINT ( 'NONE',  ( 0.000000000000000000, 0.000000000000000000, -41.21051909440004124 ) ) ;
#1583 = DIRECTION ( 'NONE',  ( -7.252882527098619258E-15, 0.000000000000000000, -1.000000000000000000 ) ) ;
#1584 = VERTEX_POINT ( 'NONE', #1885 ) ;
#1585 = CARTESIAN_POINT ( 'NONE',  ( -45.74529042290988201, 2.000000000000000000, -30.69999999999998153 ) ) ;
#1586 = PLANE ( 'NONE',  #901 ) ;
#1587 = LINE ( 'NONE', #123, #1249 ) ;
#1588 = CARTESIAN_POINT ( 'NONE',  ( -75.27307481965227964, 4.000000000000000000, 0.000000000000000000 ) ) ;
#1589 = APPROVAL_ROLE ( '' ) ;
#1590 = EDGE_CURVE ( 'NONE', #1252, #874, #852, .T. ) ;
#1591 = CARTESIAN_POINT ( 'NONE',  ( 0.000000000000000000, 4.000000000000000000, 0.000000000000000000 ) ) ;
#1592 = LINE ( 'NONE', #736, #307 ) ;
#1593 = CARTESIAN_POINT ( 'NONE',  ( -58.87307481965229528, 0.000000000000000000, -0.000000000000000000 ) ) ;
#1594 = VERTEX_POINT ( 'NONE', #1333 ) ;
#1595 = CARTESIAN_POINT ( 'NONE',  ( -41.74529042290988201, 0.000000000000000000, -48.69999999999997442 ) ) ;
#1596 = CARTESIAN_POINT ( 'NONE',  ( -34.94529042290990617, -2.000000000000000000, -30.31076601422216754 ) ) ;
#1597 = CARTESIAN_POINT ( 'NONE',  ( -52.37307481965228106, -2.000000000000000000, 51.00000000000000711 ) ) ;
#1598 = APPROVAL_STATUS ( 'not_yet_approved' ) ;
#1599 = VECTOR ( 'NONE', #1912, 1000.000000000000000 ) ;
#1600 = CARTESIAN_POINT ( 'NONE',  ( 3.270619643041940972, 0.000000000000000000, -51.15508619108273791 ) ) ;
#1601 = ADVANCED_FACE ( 'NONE', ( #67 ), #832, .F. ) ;
#1602 = VECTOR ( 'NONE', #1581, 1000.000000000000000 ) ;
#1603 = VECTOR ( 'NONE', #1734, 1000.000000000000000 ) ;
#1604 = DIRECTION ( 'NONE',  ( -0.000000000000000000, 0.000000000000000000, -1.000000000000000000 ) ) ;
#1605 = ADVANCED_FACE ( 'NONE', ( #679 ), #382, .T. ) ;
#1606 = ORIENTED_EDGE ( 'NONE', *, *, #1205, .T. ) ;
#1607 = VECTOR ( 'NONE', #149, 1000.000000000000000 ) ;
#1608 = CARTESIAN_POINT ( 'NONE',  ( -75.27307481965227964, 0.000000000000000000, 39.68948090559996444 ) ) ;
#1609 = VECTOR ( 'NONE', #2001, 1000.000000000000000 ) ;
#1610 = PLANE ( 'NONE',  #730 ) ;
#1611 = CARTESIAN_POINT ( 'NONE',  ( -37.14529042290990191, 2.000000000000000000, 0.000000000000000000 ) ) ;
#1612 = EDGE_CURVE ( 'NONE', #1790, #1410, #1838, .T. ) ;
#1613 = CARTESIAN_POINT ( 'NONE',  ( -79.00000000000001421, -2.000000000000000000, -34.99999999999998579 ) ) ;
#1614 = LINE ( 'NONE', #119, #799 ) ;
#1615 = ORIENTED_EDGE ( 'NONE', *, *, #1205, .F. ) ;
#1616 = EDGE_CURVE ( 'NONE', #1057, #1626, #1676, .T. ) ;
#1617 = DIRECTION ( 'NONE',  ( 0.000000000000000000, -0.000000000000000000, 1.000000000000000000 ) ) ;
#1618 = ORIENTED_EDGE ( 'NONE', *, *, #99, .F. ) ;
#1619 = DESIGN_CONTEXT ( 'detailed design', #740, 'design' ) ;
#1620 = LINE ( 'NONE', #642, #34 ) ;
#1621 = CARTESIAN_POINT ( 'NONE',  ( 0.000000000000000000, 4.000000000000000000, -53.91076601422216896 ) ) ;
#1622 = VERTEX_POINT ( 'NONE', #222 ) ;
#1623 = LINE ( 'NONE', #1341, #629 ) ;
#1624 = CARTESIAN_POINT ( 'NONE',  ( -52.37307481965228106, -2.000000000000000000, -21.19999999999996376 ) ) ;
#1625 = EDGE_LOOP ( 'NONE', ( #1871, #235, #712, #726, #511, #803, #664, #375, #1844, #647, #1575, #773, #973, #1064 ) ) ;
#1626 = VERTEX_POINT ( 'NONE', #697 ) ;
#1627 = EDGE_CURVE ( 'NONE', #275, #552, #1360, .T. ) ;
#1628 = CARTESIAN_POINT ( 'NONE',  ( 0.000000000000000000, 0.000000000000000000, -30.69999999999998153 ) ) ;
#1629 = DIRECTION ( 'NONE',  ( 0.000000000000000000, 0.000000000000000000, 1.000000000000000000 ) ) ;
#1630 = VECTOR ( 'NONE', #394, 1000.000000000000000 ) ;
#1631 = DIRECTION ( 'NONE',  ( -0.000000000000000000, -1.000000000000000000, -0.000000000000000000 ) ) ;
#1632 = VECTOR ( 'NONE', #229, 1000.000000000000000 ) ;
#1633 = ORIENTED_EDGE ( 'NONE', *, *, #578, .T. ) ;
#1634 = VECTOR ( 'NONE', #822, 1000.000000000000000 ) ;
#1635 = LINE ( 'NONE', #50, #791 ) ;
#1636 = CARTESIAN_POINT ( 'NONE',  ( 4.770619643041929869, 0.000000000000000000, -53.91076601422216896 ) ) ;
#1637 = ORIENTED_EDGE ( 'NONE', *, *, #1961, .T. ) ;
#1638 = ORIENTED_EDGE ( 'NONE', *, *, #1652, .F. ) ;
#1639 = VECTOR ( 'NONE', #4, 1000.000000000000000 ) ;
#1640 = DIRECTION ( 'NONE',  ( 1.000000000000000000, -0.000000000000000000, 0.000000000000000000 ) ) ;
#1641 = VECTOR ( 'NONE', #950, 1000.000000000000000 ) ;
#1642 = PERSON_AND_ORGANIZATION ( #1259, #1282 ) ;
#1643 = DIRECTION ( 'NONE',  ( -1.000000000000000000, 0.000000000000000000, 2.206386033293608535E-15 ) ) ;
#1644 = EDGE_CURVE ( 'NONE', #1964, #1960, #541, .T. ) ;
#1645 = CARTESIAN_POINT ( 'NONE',  ( -34.64529042290979532, 4.000000000000000000, 7.644088490850898393E-14 ) ) ;
#1646 = LINE ( 'NONE', #1621, #731 ) ;
#1647 = EDGE_LOOP ( 'NONE', ( #1137, #782, #1061, #1375, #487, #1633, #1656, #1476, #194, #1738 ) ) ;
#1648 = CARTESIAN_POINT ( 'NONE',  ( 1.286921014509858463E-14, 4.000000000000000000, 39.68948090559993602 ) ) ;
#1649 = VERTEX_POINT ( 'NONE', #725 ) ;
#1650 = ORIENTED_EDGE ( 'NONE', *, *, #1376, .T. ) ;
#1651 = LINE ( 'NONE', #28, #1143 ) ;
#1652 = EDGE_CURVE ( 'NONE', #580, #1025, #441, .T. ) ;
#1653 = CARTESIAN_POINT ( 'NONE',  ( -34.64529042290990191, 2.000000000000000000, -51.41076601422216186 ) ) ;
#1654 = EDGE_CURVE ( 'NONE', #703, #1433, #458, .T. ) ;
#1655 = DIRECTION ( 'NONE',  ( 1.000000000000000000, 0.000000000000000000, -2.843808977011158816E-16 ) ) ;
#1656 = ORIENTED_EDGE ( 'NONE', *, *, #1578, .F. ) ;
#1657 = LOCAL_TIME ( 21, 24, 24.00000000000000000, #1817 ) ;
#1658 = CARTESIAN_POINT ( 'NONE',  ( -53.87307481965228106, 4.000000000000000000, 4.620760821394601575E-15 ) ) ;
#1659 = VERTEX_POINT ( 'NONE', #1717 ) ;
#1660 = ORIENTED_EDGE ( 'NONE', *, *, #709, .T. ) ;
#1661 = DIRECTION ( 'NONE',  ( 0.000000000000000000, -0.000000000000000000, 1.000000000000000000 ) ) ;
#1662 = DIRECTION ( 'NONE',  ( 1.000000000000000000, 0.000000000000000000, 0.000000000000000000 ) ) ;
#1663 = VERTEX_POINT ( 'NONE', #1394 ) ;
#1664 = CARTESIAN_POINT ( 'NONE',  ( -54.34529042290991896, 4.000000000000000000, -42.71051909440004835 ) ) ;
#1665 = ADVANCED_FACE ( 'NONE', ( #1083 ), #1561, .T. ) ;
#1666 = DIRECTION ( 'NONE',  ( 0.000000000000000000, -1.000000000000000000, 0.000000000000000000 ) ) ;
#1667 = DIRECTION ( 'NONE',  ( 0.000000000000000000, 0.000000000000000000, -1.000000000000000000 ) ) ;
#1668 = ORIENTED_EDGE ( 'NONE', *, *, #1469, .F. ) ;
#1669 = EDGE_CURVE ( 'NONE', #1433, #1240, #118, .T. ) ;
#1670 = CARTESIAN_POINT ( 'NONE',  ( -55.37307481965227396, 0.000000000000000000, 54.00000000000000711 ) ) ;
#1671 = ORIENTED_EDGE ( 'NONE', *, *, #2075, .F. ) ;
#1672 = ORIENTED_EDGE ( 'NONE', *, *, #152, .F. ) ;
#1673 = VECTOR ( 'NONE', #2054, 1000.000000000000000 ) ;
#1674 = VECTOR ( 'NONE', #339, 1000.000000000000000 ) ;
#1675 = DIRECTION ( 'NONE',  ( 1.000000000000000000, -0.000000000000000000, -0.000000000000000000 ) ) ;
#1676 = LINE ( 'NONE', #1001, #495 ) ;
#1677 = ORIENTED_EDGE ( 'NONE', *, *, #569, .T. ) ;
#1678 = ADVANCED_FACE ( 'NONE', ( #1763 ), #752, .F. ) ;
#1679 = DIRECTION ( 'NONE',  ( -0.000000000000000000, -0.000000000000000000, -1.000000000000000000 ) ) ;
#1680 = ORIENTED_EDGE ( 'NONE', *, *, #2081, .F. ) ;
#1681 = ORIENTED_EDGE ( 'NONE', *, *, #1166, .T. ) ;
#1682 = ADVANCED_FACE ( 'NONE', ( #2070 ), #294, .T. ) ;
#1683 = LINE ( 'NONE', #1221, #201 ) ;
#1684 = CARTESIAN_POINT ( 'NONE',  ( 1.286921014509858463E-14, 4.000000000000000000, 39.68948090559993602 ) ) ;
#1685 = DIRECTION ( 'NONE',  ( -1.000000000000000000, 0.000000000000000000, 0.000000000000000000 ) ) ;
#1686 = ORIENTED_EDGE ( 'NONE', *, *, #894, .F. ) ;
#1687 = DIRECTION ( 'NONE',  ( 0.000000000000000000, 0.000000000000000000, -1.000000000000000000 ) ) ;
#1688 = ORIENTED_EDGE ( 'NONE', *, *, #1825, .T. ) ;
#1689 = ORIENTED_EDGE ( 'NONE', *, *, #101, .T. ) ;
#1690 = EDGE_CURVE ( 'NONE', #1811, #1858, #1592, .T. ) ;
#1691 = DIRECTION ( 'NONE',  ( 0.000000000000000000, 0.000000000000000000, 1.000000000000000000 ) ) ;
#1692 = CARTESIAN_POINT ( 'NONE',  ( 0.000000000000000000, 4.000000000000000000, -52.41076601422216896 ) ) ;
#1693 = ORIENTED_EDGE ( 'NONE', *, *, #422, .T. ) ;
#1694 = LINE ( 'NONE', #522, #936 ) ;
#1695 = VERTEX_POINT ( 'NONE', #1570 ) ;
#1696 = ORIENTED_EDGE ( 'NONE', *, *, #1469, .T. ) ;
#1697 = VECTOR ( 'NONE', #768, 1000.000000000000000 ) ;
#1698 = VECTOR ( 'NONE', #253, 1000.000000000000000 ) ;
#1699 = AXIS2_PLACEMENT_3D ( 'NONE', #1989, #1515, #1007 ) ;
#1700 = AXIS2_PLACEMENT_3D ( 'NONE', #1087, #1411, #291 ) ;
#1701 = ORIENTED_EDGE ( 'NONE', *, *, #433, .F. ) ;
#1702 = CARTESIAN_POINT ( 'NONE',  ( -60.00000000000002132, -2.000000000000000000, -53.99999999999999289 ) ) ;
#1703 = VECTOR ( 'NONE', #1687, 1000.000000000000000 ) ;
#1704 = EDGE_CURVE ( 'NONE', #1109, #1296, #108, .T. ) ;
#1705 = PLANE ( 'NONE',  #898 ) ;
#1706 = VECTOR ( 'NONE', #767, 1000.000000000000000 ) ;
#1707 = CARTESIAN_POINT ( 'NONE',  ( 3.270619643041932978, 4.000000000000000000, -34.81076601422218175 ) ) ;
#1708 = CARTESIAN_POINT ( 'NONE',  ( -34.02938035695807883, 4.000000000000000000, -40.15508619108273791 ) ) ;
#1709 = VERTEX_POINT ( 'NONE', #1600 ) ;
#1710 = PLANE ( 'NONE',  #968 ) ;
#1711 = EDGE_LOOP ( 'NONE', ( #1039, #407, #1650, #40 ) ) ;
#1712 = ORIENTED_EDGE ( 'NONE', *, *, #565, .T. ) ;
#1713 = LINE ( 'NONE', #1760, #827 ) ;
#1714 = EDGE_CURVE ( 'NONE', #1594, #672, #582, .T. ) ;
#1715 = ADVANCED_FACE ( 'NONE', ( #1228 ), #1437, .T. ) ;
#1716 = PERSON_AND_ORGANIZATION ( #1259, #1282 ) ;
#1717 = CARTESIAN_POINT ( 'NONE',  ( -37.14529042290990191, 0.000000000000000000, -51.41076601422215475 ) ) ;
#1718 = EDGE_CURVE ( 'NONE', #638, #1659, #1898, .T. ) ;
#1719 = ORIENTED_EDGE ( 'NONE', *, *, #1867, .F. ) ;
#1720 = DIRECTION ( 'NONE',  ( 0.000000000000000000, 0.000000000000000000, 1.000000000000000000 ) ) ;
#1721 = ORIENTED_EDGE ( 'NONE', *, *, #346, .T. ) ;
#1722 = APPROVAL_PERSON_ORGANIZATION ( #1642, #640, #1791 ) ;
#1723 = CARTESIAN_POINT ( 'NONE',  ( 0.000000000000000000, 4.000000000000000000, -42.71051909440004835 ) ) ;
#1724 = PERSON_AND_ORGANIZATION ( #1259, #1282 ) ;
#1725 = ORIENTED_EDGE ( 'NONE', *, *, #1746, .F. ) ;
#1726 = DIRECTION ( 'NONE',  ( 1.000000000000000000, 0.000000000000000000, -1.721809901713952306E-16 ) ) ;
#1727 = PLANE ( 'NONE',  #498 ) ;
#1728 = ORIENTED_EDGE ( 'NONE', *, *, #1854, .T. ) ;
#1729 = CC_DESIGN_PERSON_AND_ORGANIZATION_ASSIGNMENT ( #1724, #449, ( #1114 ) ) ;
#1730 = CARTESIAN_POINT ( 'NONE',  ( 0.000000000000000000, 4.000000000000000000, 0.000000000000000000 ) ) ;
#1731 = CARTESIAN_POINT ( 'NONE',  ( -31.94529042290990972, -2.000000000000000000, -30.31076601422216754 ) ) ;
#1732 = EDGE_LOOP ( 'NONE', ( #1457, #23, #757, #1122, #1800, #1680, #655, #1862 ) ) ;
#1733 = EDGE_CURVE ( 'NONE', #2021, #388, #1261, .T. ) ;
#1734 = DIRECTION ( 'NONE',  ( -0.000000000000000000, -1.000000000000000000, -0.000000000000000000 ) ) ;
#1735 = CARTESIAN_POINT ( 'NONE',  ( 4.770619643041935198, -2.000000000000000000, -33.31076601422216754 ) ) ;
#1736 = VECTOR ( 'NONE', #6, 1000.000000000000000 ) ;
#1737 = CARTESIAN_POINT ( 'NONE',  ( -52.37307481965228106, 4.000000000000000000, 41.18948090559995734 ) ) ;
#1738 = ORIENTED_EDGE ( 'NONE', *, *, #1003, .T. ) ;
#1739 = LINE ( 'NONE', #1424, #1071 ) ;
#1740 = VECTOR ( 'NONE', #292, 1000.000000000000000 ) ;
#1741 = DIRECTION ( 'NONE',  ( 1.000000000000000000, 0.000000000000000000, 0.000000000000000000 ) ) ;
#1742 = VECTOR ( 'NONE', #2057, 1000.000000000000000 ) ;
#1743 = AXIS2_PLACEMENT_3D ( 'NONE', #325, #173, #1280 ) ;
#1744 = CARTESIAN_POINT ( 'NONE',  ( 1.689620665601405819E-13, 2.000000000000000000, -48.69999999999983231 ) ) ;
#1745 = CYLINDRICAL_SURFACE ( 'NONE', #830, 2.999999999999995559 ) ;
#1746 = EDGE_CURVE ( 'NONE', #1649, #1889, #1069, .T. ) ;
#1747 = ORIENTED_EDGE ( 'NONE', *, *, #163, .T. ) ;
#1748 = CARTESIAN_POINT ( 'NONE',  ( 0.000000000000000000, 2.000000000000000000, -30.69999999999998153 ) ) ;
#1749 = CARTESIAN_POINT ( 'NONE',  ( -58.87307481965229528, 4.000000000000000000, 0.000000000000000000 ) ) ;
#1750 = EDGE_CURVE ( 'NONE', #388, #907, #450, .T. ) ;
#1751 = LINE ( 'NONE', #924, #1805 ) ;
#1752 = DIRECTION ( 'NONE',  ( -0.000000000000000000, -1.000000000000000000, -0.000000000000000000 ) ) ;
#1753 = LINE ( 'NONE', #1806, #103 ) ;
#1754 = DIRECTION ( 'NONE',  ( 0.000000000000000000, 1.000000000000000000, -0.000000000000000000 ) ) ;
#1755 = DIRECTION ( 'NONE',  ( 0.000000000000000000, 0.000000000000000000, -1.000000000000000000 ) ) ;
#1756 = ORIENTED_EDGE ( 'NONE', *, *, #941, .F. ) ;
#1757 = DIRECTION ( 'NONE',  ( 1.000000000000000000, -0.000000000000000000, 0.000000000000000000 ) ) ;
#1758 = DIRECTION ( 'NONE',  ( 0.000000000000000000, 1.000000000000000000, -0.000000000000000000 ) ) ;
#1759 = DIRECTION ( 'NONE',  ( -0.000000000000000000, -1.000000000000000000, -0.000000000000000000 ) ) ;
#1760 = CARTESIAN_POINT ( 'NONE',  ( -49.37307481965228817, -2.000000000000000000, -24.19999999999996376 ) ) ;
#1761 = EDGE_CURVE ( 'NONE', #660, #1433, #1416, .T. ) ;
#1762 = EDGE_CURVE ( 'NONE', #1023, #5, #1891, .T. ) ;
#1763 = FACE_OUTER_BOUND ( 'NONE', #1562, .T. ) ;
#1764 = PLANE ( 'NONE',  #1395 ) ;
#1765 = DIRECTION ( 'NONE',  ( 0.000000000000000000, 0.000000000000000000, 1.000000000000000000 ) ) ;
#1766 = CARTESIAN_POINT ( 'NONE',  ( 4.770619643041936087, -2.000000000000000000, -54.00000000000000000 ) ) ;
#1767 = ORIENTED_EDGE ( 'NONE', *, *, #373, .F. ) ;
#1768 = FACE_OUTER_BOUND ( 'NONE', #100, .T. ) ;
#1769 = DIRECTION ( 'NONE',  ( 0.000000000000000000, 0.000000000000000000, 1.000000000000000000 ) ) ;
#1770 = VECTOR ( 'NONE', #1054, 1000.000000000000000 ) ;
#1771 = EDGE_LOOP ( 'NONE', ( #491, #1908, #1485, #84 ) ) ;
#1772 = LINE ( 'NONE', #304, #1503 ) ;
#1773 = VECTOR ( 'NONE', #1356, 1000.000000000000000 ) ;
#1774 = VECTOR ( 'NONE', #1260, 1000.000000000000000 ) ;
#1775 = EDGE_CURVE ( 'NONE', #1951, #1182, #421, .T. ) ;
#1776 = VECTOR ( 'NONE', #595, 1000.000000000000000 ) ;
#1777 = LINE ( 'NONE', #309, #1607 ) ;
#1778 = EDGE_LOOP ( 'NONE', ( #961, #1134, #290, #1405 ) ) ;
#1779 = AXIS2_PLACEMENT_3D ( 'NONE', #98, #1873, #544 ) ;
#1780 = DIRECTION ( 'NONE',  ( 0.000000000000000000, 0.000000000000000000, -1.000000000000000000 ) ) ;
#1781 = DIRECTION ( 'NONE',  ( 1.000000000000000000, 0.000000000000000000, -0.000000000000000000 ) ) ;
#1782 = EDGE_CURVE ( 'NONE', #1384, #672, #940, .T. ) ;
#1783 = ORIENTED_EDGE ( 'NONE', *, *, #1048, .T. ) ;
#1784 = CARTESIAN_POINT ( 'NONE',  ( -79.00000000000001421, 0.000000000000000000, 35.00000000000000000 ) ) ;
#1785 = EDGE_CURVE ( 'NONE', #1471, #1023, #787, .T. ) ;
#1786 = FACE_OUTER_BOUND ( 'NONE', #298, .T. ) ;
#1787 = EDGE_LOOP ( 'NONE', ( #525, #2064, #349, #206 ) ) ;
#1788 = CARTESIAN_POINT ( 'NONE',  ( -49.37307481965228817, -2.000000000000000000, -21.19999999999996376 ) ) ;
#1789 = ORIENTED_EDGE ( 'NONE', *, *, #1344, .T. ) ;
#1790 = VERTEX_POINT ( 'NONE', #347 ) ;
#1791 = APPROVAL_ROLE ( '' ) ;
#1792 = ORIENTED_EDGE ( 'NONE', *, *, #554, .T. ) ;
#1793 = CARTESIAN_POINT ( 'NONE',  ( -79.00000000000001421, -2.000000000000000000, 35.00000000000000000 ) ) ;
#1794 = CARTESIAN_POINT ( 'NONE',  ( 1.171350155577748202E-14, 0.000000000000000000, 41.18948090559994313 ) ) ;
#1795 = EDGE_LOOP ( 'NONE', ( #2009, #1164, #264, #770 ) ) ;
#1796 = DIRECTION ( 'NONE',  ( 8.577124726708563381E-17, 0.000000000000000000, 1.000000000000000000 ) ) ;
#1797 = ORIENTED_EDGE ( 'NONE', *, *, #150, .F. ) ;
#1798 = ORIENTED_EDGE ( 'NONE', *, *, #608, .T. ) ;
#1799 = EDGE_CURVE ( 'NONE', #1474, #1252, #147, .T. ) ;
#1800 = ORIENTED_EDGE ( 'NONE', *, *, #1566, .F. ) ;
#1801 = LINE ( 'NONE', #1653, #75 ) ;
#1802 = VECTOR ( 'NONE', #1200, 1000.000000000000000 ) ;
#1803 = VECTOR ( 'NONE', #1861, 1000.000000000000000 ) ;
#1804 = DIRECTION ( 'NONE',  ( 0.000000000000000000, 1.000000000000000000, 0.000000000000000000 ) ) ;
#1805 = VECTOR ( 'NONE', #1232, 1000.000000000000000 ) ;
#1806 = CARTESIAN_POINT ( 'NONE',  ( -37.14529042290990191, 0.000000000000000000, 0.000000000000000000 ) ) ;
#1807 = EDGE_LOOP ( 'NONE', ( #1556, #559, #1339, #1892 ) ) ;
#1808 = VECTOR ( 'NONE', #954, 1000.000000000000000 ) ;
#1809 = EDGE_CURVE ( 'NONE', #1594, #638, #1801, .T. ) ;
#1810 = DIRECTION ( 'NONE',  ( 0.000000000000000000, 0.000000000000000000, 1.000000000000000000 ) ) ;
#1811 = VERTEX_POINT ( 'NONE', #497 ) ;
#1812 = ORIENTED_EDGE ( 'NONE', *, *, #306, .F. ) ;
#1813 = VECTOR ( 'NONE', #395, 1000.000000000000000 ) ;
#1814 = FACE_BOUND ( 'NONE', #1502, .T. ) ;
#1815 = AXIS2_PLACEMENT_3D ( 'NONE', #1235, #888, #138 ) ;
#1816 = EDGE_CURVE ( 'NONE', #54, #524, #11, .T. ) ;
#1817 = COORDINATED_UNIVERSAL_TIME_OFFSET ( 5, 0, .BEHIND. ) ;
#1818 = FACE_OUTER_BOUND ( 'NONE', #1625, .T. ) ;
#1819 = CARTESIAN_POINT ( 'NONE',  ( -60.00000000000001421, -2.000000000000000000, -34.99999999999999289 ) ) ;
#1820 = VERTEX_POINT ( 'NONE', #665 ) ;
#1821 = DIRECTION ( 'NONE',  ( 0.000000000000000000, 0.000000000000000000, 1.000000000000000000 ) ) ;
#1822 = ORIENTED_EDGE ( 'NONE', *, *, #318, .T. ) ;
#1823 = ORIENTED_EDGE ( 'NONE', *, *, #1498, .T. ) ;
#1824 = LINE ( 'NONE', #1309, #862 ) ;
#1825 = EDGE_CURVE ( 'NONE', #216, #1191, #774, .T. ) ;
#1826 = ORIENTED_EDGE ( 'NONE', *, *, #709, .F. ) ;
#1827 = PLANE ( 'NONE',  #602 ) ;
#1828 = EDGE_CURVE ( 'NONE', #1987, #1479, #181, .T. ) ;
#1829 = PLANE ( 'NONE',  #74 ) ;
#1830 = VERTEX_POINT ( 'NONE', #335 ) ;
#1831 = CARTESIAN_POINT ( 'NONE',  ( -41.74529042290988201, 2.000000000000000000, -0.000000000000000000 ) ) ;
#1832 = LINE ( 'NONE', #646, #533 ) ;
#1833 = ORIENTED_EDGE ( 'NONE', *, *, #150, .T. ) ;
#1834 = VERTEX_POINT ( 'NONE', #1321 ) ;
#1835 = ADVANCED_FACE ( 'NONE', ( #1818 ), #485, .F. ) ;
#1836 = DIRECTION ( 'NONE',  ( 1.214390062501570411E-15, -0.000000000000000000, 1.000000000000000000 ) ) ;
#1837 = LINE ( 'NONE', #1010, #825 ) ;
#1838 = LINE ( 'NONE', #370, #233 ) ;
#1839 = EDGE_CURVE ( 'NONE', #2056, #328, #1149, .T. ) ;
#1840 = ORIENTED_EDGE ( 'NONE', *, *, #1059, .F. ) ;
#1841 = AXIS2_PLACEMENT_3D ( 'NONE', #517, #365, #997 ) ;
#1842 = LINE ( 'NONE', #374, #566 ) ;
#1843 = EDGE_LOOP ( 'NONE', ( #2008, #461, #931, #1660 ) ) ;
#1844 = ORIENTED_EDGE ( 'NONE', *, *, #1183, .F. ) ;
#1845 = VECTOR ( 'NONE', #751, 1000.000000000000000 ) ;
#1846 = VECTOR ( 'NONE', #1346, 1000.000000000000000 ) ;
#1847 = VECTOR ( 'NONE', #772, 1000.000000000000000 ) ;
#1848 = AXIS2_PLACEMENT_3D ( 'NONE', #899, #1126, #1949 ) ;
#1849 = CARTESIAN_POINT ( 'NONE',  ( -60.00000000000002132, 0.000000000000000000, -53.99999999999999289 ) ) ;
#1850 = CARTESIAN_POINT ( 'NONE',  ( 4.770619643041929869, 4.000000000000000000, -53.91076601422216896 ) ) ;
#1851 = CARTESIAN_POINT ( 'NONE',  ( 4.770619643041936087, 0.000000000000000000, -51.15508619108273791 ) ) ;
#1852 = DIRECTION ( 'NONE',  ( -1.000000000000000000, 0.000000000000000000, 0.000000000000000000 ) ) ;
#1853 = ORIENTED_EDGE ( 'NONE', *, *, #1444, .T. ) ;
#1854 = EDGE_CURVE ( 'NONE', #2046, #1152, #324, .T. ) ;
#1855 = LINE ( 'NONE', #70, #1883 ) ;
#1856 = ORIENTED_EDGE ( 'NONE', *, *, #1292, .T. ) ;
#1857 = ORIENTED_EDGE ( 'NONE', *, *, #465, .T. ) ;
#1858 = VERTEX_POINT ( 'NONE', #1302 ) ;
#1859 = DIRECTION ( 'NONE',  ( 1.000000000000000000, -0.000000000000000000, -1.214390062501570411E-15 ) ) ;
#1860 = DIRECTION ( 'NONE',  ( -0.000000000000000000, -0.000000000000000000, 1.000000000000000000 ) ) ;
#1861 = DIRECTION ( 'NONE',  ( 0.000000000000000000, 0.000000000000000000, 1.000000000000000000 ) ) ;
#1862 = ORIENTED_EDGE ( 'NONE', *, *, #2094, .T. ) ;
#1863 = CARTESIAN_POINT ( 'NONE',  ( -79.00000000000001421, -2.000000000000000000, 35.00000000000000000 ) ) ;
#1864 = CARTESIAN_POINT ( 'NONE',  ( -34.02938035695807883, 4.000000000000000000, -40.15508619108273791 ) ) ;
#1865 = EDGE_LOOP ( 'NONE', ( #1173, #536, #1866, #636 ) ) ;
#1866 = ORIENTED_EDGE ( 'NONE', *, *, #358, .T. ) ;
#1867 = EDGE_CURVE ( 'NONE', #1384, #1875, #1620, .T. ) ;
#1868 = CARTESIAN_POINT ( 'NONE',  ( -53.87307481965228106, 4.000000000000000000, 41.18948090559995734 ) ) ;
#1869 = LINE ( 'NONE', #2032, #1177 ) ;
#1870 = CARTESIAN_POINT ( 'NONE',  ( 0.000000000000000000, 4.000000000000000000, -40.15508619108273791 ) ) ;
#1871 = ORIENTED_EDGE ( 'NONE', *, *, #1893, .F. ) ;
#1872 = LINE ( 'NONE', #451, #494 ) ;
#1873 = DIRECTION ( 'NONE',  ( 1.000000000000000000, 0.000000000000000000, 0.000000000000000000 ) ) ;
#1874 = EDGE_LOOP ( 'NONE', ( #475, #711, #1491, #1982 ) ) ;
#1875 = VERTEX_POINT ( 'NONE', #1135 ) ;
#1876 = DIRECTION ( 'NONE',  ( -0.000000000000000000, -1.000000000000000000, -0.000000000000000000 ) ) ;
#1877 = VECTOR ( 'NONE', #2088, 1000.000000000000000 ) ;
#1878 = EDGE_CURVE ( 'NONE', #311, #1147, #1492, .T. ) ;
#1879 = VECTOR ( 'NONE', #1983, 1000.000000000000000 ) ;
#1880 = VECTOR ( 'NONE', #1666, 1000.000000000000000 ) ;
#1881 = AXIS2_PLACEMENT_3D ( 'NONE', #125, #1781, #1946 ) ;
#1882 = EDGE_CURVE ( 'NONE', #834, #889, #159, .T. ) ;
#1883 = VECTOR ( 'NONE', #561, 1000.000000000000000 ) ;
#1884 = AXIS2_PLACEMENT_3D ( 'NONE', #622, #1, #31 ) ;
#1885 = CARTESIAN_POINT ( 'NONE',  ( -34.94529042290990617, -2.000000000000000000, -30.31076601422216754 ) ) ;
#1886 = ORIENTED_EDGE ( 'NONE', *, *, #608, .F. ) ;
#1887 = CARTESIAN_POINT ( 'NONE',  ( -79.00000000000001421, 0.000000000000000000, 35.00000000000000000 ) ) ;
#1888 = ORIENTED_EDGE ( 'NONE', *, *, #1303, .T. ) ;
#1889 = VERTEX_POINT ( 'NONE', #477 ) ;
#1890 = CC_DESIGN_PERSON_AND_ORGANIZATION_ASSIGNMENT ( #1716, #1080, ( #110 ) ) ;
#1891 = LINE ( 'NONE', #1248, #1507 ) ;
#1892 = ORIENTED_EDGE ( 'NONE', *, *, #51, .T. ) ;
#1893 = EDGE_CURVE ( 'NONE', #1663, #1109, #300, .T. ) ;
#1894 = FACE_OUTER_BOUND ( 'NONE', #692, .T. ) ;
#1895 = ORIENTED_EDGE ( 'NONE', *, *, #939, .T. ) ;
#1896 = ORIENTED_EDGE ( 'NONE', *, *, #1303, .F. ) ;
#1897 = EDGE_CURVE ( 'NONE', #607, #703, #1772, .T. ) ;
#1898 = LINE ( 'NONE', #428, #1031 ) ;
#1899 = EDGE_CURVE ( 'NONE', #60, #1488, #1124, .T. ) ;
#1900 = CARTESIAN_POINT ( 'NONE',  ( 0.000000000000000000, 0.000000000000000000, -31.69999999999997087 ) ) ;
#1901 = DIRECTION ( 'NONE',  ( -0.000000000000000000, -1.000000000000000000, -0.000000000000000000 ) ) ;
#1902 = CARTESIAN_POINT ( 'NONE',  ( -52.84529042290991896, 4.000000000000000000, -53.91076601422216186 ) ) ;
#1903 = ORIENTED_EDGE ( 'NONE', *, *, #821, .F. ) ;
#1904 = FACE_OUTER_BOUND ( 'NONE', #1448, .T. ) ;
#1905 = CARTESIAN_POINT ( 'NONE',  ( -40.74529042290991043, 4.000000000000000000, -24.19999999999997797 ) ) ;
#1906 = CIRCLE ( 'NONE', #69, 2.999999999999995559 ) ;
#1907 = DATE_AND_TIME ( #1067, #1058 ) ;
#1908 = ORIENTED_EDGE ( 'NONE', *, *, #55, .F. ) ;
#1909 = CARTESIAN_POINT ( 'NONE',  ( -54.34529042290991896, 4.000000000000000000, 0.000000000000000000 ) ) ;
#1910 = VECTOR ( 'NONE', #59, 1000.000000000000000 ) ;
#1911 = VECTOR ( 'NONE', #276, 1000.000000000000000 ) ;
#1912 = DIRECTION ( 'NONE',  ( -1.000000000000000000, 0.000000000000000000, 3.687780117775668647E-16 ) ) ;
#1913 = CARTESIAN_POINT ( 'NONE',  ( -54.34529042290991896, 0.000000000000000000, -42.71051909440004835 ) ) ;
#1914 = ORIENTED_EDGE ( 'NONE', *, *, #1782, .F. ) ;
#1915 = ADVANCED_FACE ( 'NONE', ( #1311 ), #1968, .T. ) ;
#1916 = LINE ( 'NONE', #122, #1075 ) ;
#1917 = DIRECTION ( 'NONE',  ( -1.000000000000000000, 0.000000000000000000, 2.775557561562888984E-15 ) ) ;
#1918 = LINE ( 'NONE', #1279, #930 ) ;
#1919 = DIRECTION ( 'NONE',  ( 0.000000000000000000, 1.000000000000000000, 0.000000000000000000 ) ) ;
#1920 = ORIENTED_EDGE ( 'NONE', *, *, #1669, .F. ) ;
#1921 = FACE_OUTER_BOUND ( 'NONE', #1647, .T. ) ;
#1922 = CARTESIAN_POINT ( 'NONE',  ( 3.270619643041932978, 4.000000000000000000, -34.81076601422218175 ) ) ;
#1923 = EDGE_CURVE ( 'NONE', #1296, #965, #65, .T. ) ;
#1924 = LINE ( 'NONE', #1099, #137 ) ;
#1925 = DIRECTION ( 'NONE',  ( 0.000000000000000000, 0.000000000000000000, 1.000000000000000000 ) ) ;
#1926 = LINE ( 'NONE', #1230, #41 ) ;
#1927 = ORIENTED_EDGE ( 'NONE', *, *, #1718, .T. ) ;
#1928 = CARTESIAN_POINT ( 'NONE',  ( -58.87307481965229528, 4.000000000000000000, 0.000000000000000000 ) ) ;
#1929 = CARTESIAN_POINT ( 'NONE',  ( -34.64529042290990191, 4.000000000000000000, -40.15508619108273791 ) ) ;
#1930 = ORIENTED_EDGE ( 'NONE', *, *, #957, .F. ) ;
#1931 = EDGE_CURVE ( 'NONE', #1471, #371, #695, .T. ) ;
#1932 = FACE_OUTER_BOUND ( 'NONE', #645, .T. ) ;
#1933 = PLANE ( 'NONE',  #1881 ) ;
#1934 = ADVANCED_FACE ( 'NONE', ( #228 ), #706, .T. ) ;
#1935 = DIRECTION ( 'NONE',  ( -0.000000000000000000, -1.000000000000000000, -0.000000000000000000 ) ) ;
#1936 = AXIS2_PLACEMENT_3D ( 'NONE', #1291, #1478, #19 ) ;
#1937 = DIRECTION ( 'NONE',  ( -7.252882527098619258E-15, 0.000000000000000000, -1.000000000000000000 ) ) ;
#1938 = EDGE_LOOP ( 'NONE', ( #1637, #837, #1281, #1006 ) ) ;
#1939 = AXIS2_PLACEMENT_3D ( 'NONE', #111, #1901, #769 ) ;
#1940 = DIRECTION ( 'NONE',  ( 5.526005734932251062E-15, 0.000000000000000000, -1.000000000000000000 ) ) ;
#1941 = CARTESIAN_POINT ( 'NONE',  ( -79.00000000000001421, -2.000000000000000000, -34.99999999999998579 ) ) ;
#1942 = ORIENTED_EDGE ( 'NONE', *, *, #2085, .F. ) ;
#1943 = ORIENTED_EDGE ( 'NONE', *, *, #733, .F. ) ;
#1944 = PERSON_AND_ORGANIZATION_ROLE ( 'design_supplier' ) ;
#1945 = LINE ( 'NONE', #476, #1673 ) ;
#1946 = DIRECTION ( 'NONE',  ( -0.000000000000000000, 0.000000000000000000, -1.000000000000000000 ) ) ;
#1947 = ORIENTED_EDGE ( 'NONE', *, *, #2051, .F. ) ;
#1948 = CARTESIAN_POINT ( 'NONE',  ( 0.000000000000000000, 4.000000000000000000, -25.69999999999998153 ) ) ;
#1949 = DIRECTION ( 'NONE',  ( -1.000000000000000000, 0.000000000000000000, -0.000000000000000000 ) ) ;
#1950 = EDGE_CURVE ( 'NONE', #1834, #1420, #1332, .T. ) ;
#1951 = VERTEX_POINT ( 'NONE', #357 ) ;
#1952 = CARTESIAN_POINT ( 'NONE',  ( -34.02938035695807173, 0.000000000000000000, -52.41076601422216896 ) ) ;
#1953 = ORIENTED_EDGE ( 'NONE', *, *, #1417, .T. ) ;
#1954 = ORIENTED_EDGE ( 'NONE', *, *, #967, .F. ) ;
#1955 = DIRECTION ( 'NONE',  ( 1.000000000000000000, 0.000000000000000000, -2.843808977011158816E-16 ) ) ;
#1956 = ORIENTED_EDGE ( 'NONE', *, *, #674, .T. ) ;
#1957 = DIRECTION ( 'NONE',  ( 0.000000000000000000, 0.000000000000000000, 1.000000000000000000 ) ) ;
#1958 = DIRECTION ( 'NONE',  ( 1.000000000000000000, 0.000000000000000000, -2.775557561562889379E-15 ) ) ;
#1959 = CARTESIAN_POINT ( 'NONE',  ( 4.770619643041935198, 0.000000000000000000, -40.15508619108275212 ) ) ;
#1960 = VERTEX_POINT ( 'NONE', #1664 ) ;
#1961 = EDGE_CURVE ( 'NONE', #1420, #1514, #850, .T. ) ;
#1962 = CARTESIAN_POINT ( 'NONE',  ( -34.64529042290979532, 2.000000000000000000, 7.644088490850898393E-14 ) ) ;
#1963 = ORIENTED_EDGE ( 'NONE', *, *, #915, .F. ) ;
#1964 = VERTEX_POINT ( 'NONE', #1368 ) ;
#1965 = FACE_BOUND ( 'NONE', #1086, .T. ) ;
#1966 = DIRECTION ( 'NONE',  ( 0.000000000000000000, 0.000000000000000000, 1.000000000000000000 ) ) ;
#1967 = EDGE_LOOP ( 'NONE', ( #1511, #563, #958, #1017, #1204, #1688, #1853, #814, #804, #922, #779, #1971, #985, #1305, #467, #105, #490, #1721, #838, #413, #2016, #1580, #30, #848, #1300, #1367, #1747, #80, #953, #185, #1856, #1487, #1888, #1131, #27, #991, #1789, #1927 ) ) ;
#1968 = PLANE ( 'NONE',  #140 ) ;
#1969 = VECTOR ( 'NONE', #287, 1000.000000000000000 ) ;
#1970 = CARTESIAN_POINT ( 'NONE',  ( -53.87307481965228106, 4.000000000000000000, -31.69999999999997087 ) ) ;
#1971 = ORIENTED_EDGE ( 'NONE', *, *, #891, .T. ) ;
#1972 = VECTOR ( 'NONE', #1285, 1000.000000000000000 ) ;
#1973 = CYLINDRICAL_SURFACE ( 'NONE', #408, 2.999999999999999112 ) ;
#1974 = ORIENTED_EDGE ( 'NONE', *, *, #318, .F. ) ;
#1975 = ORIENTED_EDGE ( 'NONE', *, *, #2051, .T. ) ;
#1976 = CIRCLE ( 'NONE', #208, 2.999999999999995559 ) ;
#1977 = ADVANCED_FACE ( 'NONE', ( #1549 ), #987, .T. ) ;
#1978 = CARTESIAN_POINT ( 'NONE',  ( -58.87307481965229528, 4.000000000000000000, -41.21051909440004124 ) ) ;
#1979 = AXIS2_PLACEMENT_3D ( 'NONE', #1510, #2015, #1181 ) ;
#1980 = EDGE_CURVE ( 'NONE', #820, #907, #197, .T. ) ;
#1981 = CARTESIAN_POINT ( 'NONE',  ( 0.000000000000000000, 4.000000000000000000, -31.69999999999997087 ) ) ;
#1982 = ORIENTED_EDGE ( 'NONE', *, *, #1430, .T. ) ;
#1983 = DIRECTION ( 'NONE',  ( 1.000000000000000000, -0.000000000000000000, 0.000000000000000000 ) ) ;
#1984 = CARTESIAN_POINT ( 'NONE',  ( -76.77307481965229385, 0.000000000000000000, 41.18948090559996444 ) ) ;
#1985 = ORIENTED_EDGE ( 'NONE', *, *, #980, .F. ) ;
#1986 = DIRECTION ( 'NONE',  ( 0.000000000000000000, 0.000000000000000000, 1.000000000000000000 ) ) ;
#1987 = VERTEX_POINT ( 'NONE', #1702 ) ;
#1988 = ORIENTED_EDGE ( 'NONE', *, *, #778, .T. ) ;
#1989 = CARTESIAN_POINT ( 'NONE',  ( 0.000000000000000000, 2.000000000000000000, 0.000000000000000000 ) ) ;
#1990 = EDGE_CURVE ( 'NONE', #1531, #1811, #379, .T. ) ;
#1991 = PLANE ( 'NONE',  #1841 ) ;
#1992 = CARTESIAN_POINT ( 'NONE',  ( 3.270619643041939639, 4.000000000000000000, -51.15508619108274502 ) ) ;
#1993 = LOCAL_TIME ( 21, 24, 24.00000000000000000, #1559 ) ;
#1994 = CARTESIAN_POINT ( 'NONE',  ( -53.87307481965228106, 0.000000000000000000, -31.69999999999997087 ) ) ;
#1995 = VERTEX_POINT ( 'NONE', #85 ) ;
#1996 = LINE ( 'NONE', #1184, #106 ) ;
#1997 = EDGE_LOOP ( 'NONE', ( #474, #480, #1189, #1693 ) ) ;
#1998 = EDGE_LOOP ( 'NONE', ( #53, #856, #1329, #845 ) ) ;
#1999 = CARTESIAN_POINT ( 'NONE',  ( -41.74529042290988201, 0.000000000000000000, -30.69999999999997797 ) ) ;
#2000 = ORIENTED_EDGE ( 'NONE', *, *, #265, .F. ) ;
#2001 = DIRECTION ( 'NONE',  ( -1.000000000000000000, -0.000000000000000000, 1.071302689730041279E-16 ) ) ;
#2002 = EDGE_CURVE ( 'NONE', #1960, #1240, #547, .T. ) ;
#2003 = PLANE ( 'NONE',  #169 ) ;
#2004 = DIRECTION ( 'NONE',  ( 1.000000000000000000, -0.000000000000000000, -1.214390062501570411E-15 ) ) ;
#2005 = VERTEX_POINT ( 'NONE', #2014 ) ;
#2006 = AXIS2_PLACEMENT_3D ( 'NONE', #1723, #895, #577 ) ;
#2007 = LINE ( 'NONE', #256, #1111 ) ;
#2008 = ORIENTED_EDGE ( 'NONE', *, *, #1484, .F. ) ;
#2009 = ORIENTED_EDGE ( 'NONE', *, *, #478, .F. ) ;
#2010 = VECTOR ( 'NONE', #221, 1000.000000000000000 ) ;
#2011 = VECTOR ( 'NONE', #1120, 1000.000000000000000 ) ;
#2012 = LINE ( 'NONE', #508, #564 ) ;
#2013 = VECTOR ( 'NONE', #1937, 1000.000000000000000 ) ;
#2014 = CARTESIAN_POINT ( 'NONE',  ( -34.64529042290990191, 0.000000000000000000, -51.15508619108273791 ) ) ;
#2015 = DIRECTION ( 'NONE',  ( -2.843808977011158816E-16, 0.000000000000000000, -1.000000000000000000 ) ) ;
#2016 = ORIENTED_EDGE ( 'NONE', *, *, #1484, .T. ) ;
#2017 = LINE ( 'NONE', #1863, #1630 ) ;
#2018 = EDGE_CURVE ( 'NONE', #739, #1479, #1194, .T. ) ;
#2019 = CARTESIAN_POINT ( 'NONE',  ( -6.475823380333168071E-15, 4.000000000000000000, -34.81076601422218175 ) ) ;
#2020 = ORIENTED_EDGE ( 'NONE', *, *, #1616, .F. ) ;
#2021 = VERTEX_POINT ( 'NONE', #828 ) ;
#2022 = CARTESIAN_POINT ( 'NONE',  ( -41.74529042290988201, 2.000000000000000000, -48.69999999999998153 ) ) ;
#2023 = LINE ( 'NONE', #1188, #305 ) ;
#2024 = ORIENTED_EDGE ( 'NONE', *, *, #155, .F. ) ;
#2025 = CARTESIAN_POINT ( 'NONE',  ( -41.74529042290988201, 0.000000000000000000, -0.000000000000000000 ) ) ;
#2026 = VERTEX_POINT ( 'NONE', #1378 ) ;
#2027 = VERTEX_POINT ( 'NONE', #538 ) ;
#2028 = EDGE_CURVE ( 'NONE', #9, #88, #1187, .T. ) ;
#2029 = CARTESIAN_POINT ( 'NONE',  ( 3.270619643041939639, 4.000000000000000000, -51.15508619108274502 ) ) ;
#2030 = EDGE_LOOP ( 'NONE', ( #2000, #1947, #704, #39 ) ) ;
#2031 = FACE_OUTER_BOUND ( 'NONE', #573, .T. ) ;
#2032 = CARTESIAN_POINT ( 'NONE',  ( 0.000000000000000000, 0.000000000000000000, -25.69999999999998153 ) ) ;
#2033 = DIRECTION ( 'NONE',  ( -0.000000000000000000, -1.000000000000000000, -0.000000000000000000 ) ) ;
#2034 = DIRECTION ( 'NONE',  ( 0.000000000000000000, 0.000000000000000000, 1.000000000000000000 ) ) ;
#2035 = VERTEX_POINT ( 'NONE', #399 ) ;
#2036 = FACE_OUTER_BOUND ( 'NONE', #1337, .T. ) ;
#2037 = VERTEX_POINT ( 'NONE', #242 ) ;
#2038 = ORIENTED_EDGE ( 'NONE', *, *, #1527, .T. ) ;
#2039 = VECTOR ( 'NONE', #1168, 1000.000000000000000 ) ;
#2040 = ADVANCED_FACE ( 'NONE', ( #1159 ), #1827, .T. ) ;
#2041 = VECTOR ( 'NONE', #2053, 1000.000000000000000 ) ;
#2042 = AXIS2_PLACEMENT_3D ( 'NONE', #1026, #1203, #297 ) ;
#2043 = EDGE_CURVE ( 'NONE', #1525, #397, #46, .T. ) ;
#2044 = LINE ( 'NONE', #918, #1845 ) ;
#2045 = AXIS2_PLACEMENT_3D ( 'NONE', #921, #460, #1604 ) ;
#2046 = VERTEX_POINT ( 'NONE', #1992 ) ;
#2047 = DIRECTION ( 'NONE',  ( 1.541811912124293705E-15, 0.000000000000000000, -1.000000000000000000 ) ) ;
#2048 = ORIENTED_EDGE ( 'NONE', *, *, #1627, .T. ) ;
#2049 = PLANE ( 'NONE',  #1572 ) ;
#2050 = VERTEX_POINT ( 'NONE', #391 ) ;
#2051 = EDGE_CURVE ( 'NONE', #1388, #1497, #1178, .T. ) ;
#2052 = EDGE_CURVE ( 'NONE', #607, #143, #58, .T. ) ;
#2053 = DIRECTION ( 'NONE',  ( -0.000000000000000000, -1.000000000000000000, -0.000000000000000000 ) ) ;
#2054 = DIRECTION ( 'NONE',  ( 0.000000000000000000, 1.000000000000000000, 0.000000000000000000 ) ) ;
#2055 = DIRECTION ( 'NONE',  ( 0.000000000000000000, 0.000000000000000000, 1.000000000000000000 ) ) ;
#2056 = VERTEX_POINT ( 'NONE', #259 ) ;
#2057 = DIRECTION ( 'NONE',  ( -0.000000000000000000, -1.000000000000000000, -0.000000000000000000 ) ) ;
#2058 = PLANE ( 'NONE',  #2006 ) ;
#2059 = COORDINATED_UNIVERSAL_TIME_OFFSET ( 5, 0, .BEHIND. ) ;
#2060 = DIRECTION ( 'NONE',  ( 0.000000000000000000, 0.000000000000000000, 1.000000000000000000 ) ) ;
#2061 = EDGE_CURVE ( 'NONE', #2046, #1709, #115, .T. ) ;
#2062 = PLANE ( 'NONE',  #1207 ) ;
#2063 = CYLINDRICAL_SURFACE ( 'NONE', #139, 19.00000000000000355 ) ;
#2064 = ORIENTED_EDGE ( 'NONE', *, *, #243, .T. ) ;
#2065 = CARTESIAN_POINT ( 'NONE',  ( -76.77307481965229385, 4.000000000000000000, 41.18948090559996444 ) ) ;
#2066 = VECTOR ( 'NONE', #1629, 1000.000000000000000 ) ;
#2067 = DIRECTION ( 'NONE',  ( 1.000000000000000000, 0.000000000000000000, 0.000000000000000000 ) ) ;
#2068 = CARTESIAN_POINT ( 'NONE',  ( -52.37307481965228106, 4.000000000000000000, -31.69999999999997087 ) ) ;
#2069 = AXIS2_PLACEMENT_3D ( 'NONE', #1658, #1129, #1796 ) ;
#2070 = FACE_OUTER_BOUND ( 'NONE', #1795, .T. ) ;
#2071 = VECTOR ( 'NONE', #972, 1000.000000000000000 ) ;
#2072 = AXIS2_PLACEMENT_3D ( 'NONE', #897, #591, #745 ) ;
#2073 = LINE ( 'NONE', #606, #377 ) ;
#2074 = EDGE_LOOP ( 'NONE', ( #883, #217, #994, #393 ) ) ;
#2075 = EDGE_CURVE ( 'NONE', #2027, #195, #555, .T. ) ;
#2076 = PLANE ( 'NONE',  #631 ) ;
#2077 = PERSON_AND_ORGANIZATION ( #1259, #1282 ) ;
#2078 = CARTESIAN_POINT ( 'NONE',  ( -45.74529042290988201, 0.000000000000000000, -0.000000000000000000 ) ) ;
#2079 = FACE_OUTER_BOUND ( 'NONE', #1998, .T. ) ;
#2080 = DIRECTION ( 'NONE',  ( -1.000000000000000000, 0.000000000000000000, 0.000000000000000000 ) ) ;
#2081 = EDGE_CURVE ( 'NONE', #5, #484, #1423, .T. ) ;
#2082 = ORIENTED_EDGE ( 'NONE', *, *, #1100, .F. ) ;
#2083 = CARTESIAN_POINT ( 'NONE',  ( 3.270619643041940972, 4.000000000000000000, -40.15508619108274502 ) ) ;
#2084 = PLANE ( 'NONE',  #935 ) ;
#2085 = EDGE_CURVE ( 'NONE', #195, #1626, #2044, .T. ) ;
#2086 = SECURITY_CLASSIFICATION_LEVEL ( 'unclassified' ) ;
#2087 = DIRECTION ( 'NONE',  ( -0.000000000000000000, -1.000000000000000000, -0.000000000000000000 ) ) ;
#2088 = DIRECTION ( 'NONE',  ( 0.000000000000000000, 0.000000000000000000, -1.000000000000000000 ) ) ;
#2089 = CARTESIAN_POINT ( 'NONE',  ( -34.64529042290990191, 0.000000000000000000, -40.15508619108273791 ) ) ;
#2090 = ORIENTED_EDGE ( 'NONE', *, *, #1950, .F. ) ;
#2091 = LINE ( 'NONE', #1941, #1504 ) ;
#2092 = ORIENTED_EDGE ( 'NONE', *, *, #51, .F. ) ;
#2093 = AXIS2_PLACEMENT_3D ( 'NONE', #209, #64, #686 ) ;
#2094 = EDGE_CURVE ( 'NONE', #1023, #943, #1233, .T. ) ;
ENDSEC;
END-ISO-10303-21;
