ISO-10303-21;
HEADER;
FILE_DESCRIPTION (( 'STEP AP203' ),
    '1' );
FILE_NAME ('Power System Mount V1.STEP',
    '2026-03-02T04:18:56',
    ( '' ),
    ( '' ),
    'SwSTEP 2.0',
    'SolidWorks 2024',
    '' );
FILE_SCHEMA (( 'CONFIG_CONTROL_DESIGN' ));
ENDSEC;

DATA;
#1 = AXIS2_PLACEMENT_3D ( 'NONE', #2190, #1743, #1336 ) ;
#2 = ORIENTED_EDGE ( 'NONE', *, *, #259, .F. ) ;
#3 = EDGE_CURVE ( 'NONE', #626, #786, #2123, .T. ) ;
#4 = DIRECTION ( 'NONE',  ( -1.000000000000000000, 0.000000000000000000, 0.000000000000000000 ) ) ;
#5 = CARTESIAN_POINT ( 'NONE',  ( 6.263366740599051852, 2.500000000000000444, -51.15508619108273081 ) ) ;
#6 = CARTESIAN_POINT ( 'NONE',  ( -51.88302379914203044, 2.000000000000000000, -32.19999999999996021 ) ) ;
#7 = FACE_OUTER_BOUND ( 'NONE', #255, .T. ) ;
#8 = DIRECTION ( 'NONE',  ( -1.000000000000000000, 0.000000000000000000, -0.000000000000000000 ) ) ;
#9 = VERTEX_POINT ( 'NONE', #2552 ) ;
#10 = EDGE_CURVE ( 'NONE', #381, #13, #618, .T. ) ;
#11 = DIRECTION ( 'NONE',  ( 0.000000000000000000, 0.000000000000000000, 1.000000000000000000 ) ) ;
#12 = DIRECTION ( 'NONE',  ( -0.000000000000000000, -1.000000000000000000, -0.000000000000000000 ) ) ;
#13 = VERTEX_POINT ( 'NONE', #1924 ) ;
#14 = ORIENTED_EDGE ( 'NONE', *, *, #1027, .F. ) ;
#15 = CARTESIAN_POINT ( 'NONE',  ( -52.49192512106459674, 2.500000000000000444, 0.000000000000000000 ) ) ;
#16 = EDGE_CURVE ( 'NONE', #2628, #1243, #181, .T. ) ;
#17 = LINE ( 'NONE', #466, #890 ) ;
#18 = LINE ( 'NONE', #828, #1564 ) ;
#19 = DIRECTION ( 'NONE',  ( 0.000000000000000000, 0.000000000000000000, 1.000000000000000000 ) ) ;
#20 = CARTESIAN_POINT ( 'NONE',  ( -51.49192512106459674, 0.000000000000000000, 44.64218180872160247 ) ) ;
#21 = ORIENTED_EDGE ( 'NONE', *, *, #953, .F. ) ;
#22 = VECTOR ( 'NONE', #2609, 1000.000000000000000 ) ;
#23 = CARTESIAN_POINT ( 'NONE',  ( -58.49192512106459674, 2.000000000000000000, -36.75781819127838901 ) ) ;
#24 = AXIS2_PLACEMENT_3D ( 'NONE', #1894, #2080, #826 ) ;
#25 = LINE ( 'NONE', #2332, #2267 ) ;
#26 = VECTOR ( 'NONE', #2319, 1000.000000000000000 ) ;
#27 = VERTEX_POINT ( 'NONE', #2340 ) ;
#28 = ORIENTED_EDGE ( 'NONE', *, *, #2330, .T. ) ;
#29 = ORIENTED_EDGE ( 'NONE', *, *, #1219, .F. ) ;
#30 = EDGE_CURVE ( 'NONE', #2706, #2673, #1676, .T. ) ;
#31 = FACE_OUTER_BOUND ( 'NONE', #1705, .T. ) ;
#32 = VECTOR ( 'NONE', #1177, 1000.000000000000114 ) ;
#33 = DIRECTION ( 'NONE',  ( 0.000000000000000000, 0.7071067811865378028, 0.7071067811865573427 ) ) ;
#34 = CARTESIAN_POINT ( 'NONE',  ( -77.89192512106458821, 2.000000000000000000, 44.64218180872160247 ) ) ;
#35 = FACE_OUTER_BOUND ( 'NONE', #932, .T. ) ;
#36 = CARTESIAN_POINT ( 'NONE',  ( -32.18302379914200628, 4.000000000000000000, -35.35508619108273365 ) ) ;
#37 = ORIENTED_EDGE ( 'NONE', *, *, #815, .T. ) ;
#38 = DIRECTION ( 'NONE',  ( 0.000000000000000000, 0.000000000000000000, 1.000000000000000000 ) ) ;
#39 = DIRECTION ( 'NONE',  ( 0.000000000000000000, 1.000000000000000000, 0.000000000000000000 ) ) ;
#40 = EDGE_CURVE ( 'NONE', #1570, #2250, #807, .T. ) ;
#41 = ORIENTED_EDGE ( 'NONE', *, *, #2247, .F. ) ;
#42 = EDGE_LOOP ( 'NONE', ( #1599, #1535, #1032, #223, #756, #123 ) ) ;
#43 = EDGE_CURVE ( 'NONE', #1329, #1308, #417, .T. ) ;
#44 = ORIENTED_EDGE ( 'NONE', *, *, #171, .T. ) ;
#45 = DIRECTION ( 'NONE',  ( 0.000000000000000000, 0.000000000000000000, 1.000000000000000000 ) ) ;
#46 = CARTESIAN_POINT ( 'NONE',  ( -36.53302379914202902, 2.500000000000014211, -55.29999999999999716 ) ) ;
#47 = LINE ( 'NONE', #2231, #1516 ) ;
#48 = DIRECTION ( 'NONE',  ( -0.7071067811865475727, -0.7071067811865475727, 0.000000000000000000 ) ) ;
#49 = DIRECTION ( 'NONE',  ( -0.000000000000000000, -1.000000000000000000, -0.000000000000000000 ) ) ;
#50 = ORIENTED_EDGE ( 'NONE', *, *, #1658, .T. ) ;
#51 = DIRECTION ( 'NONE',  ( 1.000000000000000000, 0.000000000000000000, 0.000000000000000000 ) ) ;
#52 = EDGE_CURVE ( 'NONE', #906, #2584, #739, .T. ) ;
#53 = ADVANCED_FACE ( 'NONE', ( #2749 ), #607, .F. ) ;
#54 = ORIENTED_EDGE ( 'NONE', *, *, #462, .T. ) ;
#55 = ORIENTED_EDGE ( 'NONE', *, *, #239, .F. ) ;
#56 = ORIENTED_EDGE ( 'NONE', *, *, #351, .F. ) ;
#57 = ORIENTED_EDGE ( 'NONE', *, *, #1342, .F. ) ;
#58 = DIRECTION ( 'NONE',  ( 0.000000000000000000, 0.000000000000000000, -1.000000000000000000 ) ) ;
#59 = FACE_OUTER_BOUND ( 'NONE', #862, .T. ) ;
#60 = PLANE ( 'NONE',  #1111 ) ;
#61 = CARTESIAN_POINT ( 'NONE',  ( 7.763366740599053628, 4.000000000000000000, -40.15508619108273081 ) ) ;
#62 = CARTESIAN_POINT ( 'NONE',  ( -50.38302379914202334, 2.000000000000000000, -32.19999999999996021 ) ) ;
#63 = ORIENTED_EDGE ( 'NONE', *, *, #1229, .T. ) ;
#64 = LINE ( 'NONE', #706, #966 ) ;
#65 = CARTESIAN_POINT ( 'NONE',  ( 8.263366740599035865, 2.000000000000000000, -40.65508619108271660 ) ) ;
#66 = VECTOR ( 'NONE', #1344, 1000.000000000000114 ) ;
#67 = ADVANCED_FACE ( 'NONE', ( #195 ), #1036, .F. ) ;
#68 = VECTOR ( 'NONE', #2605, 1000.000000000000000 ) ;
#69 = ORIENTED_EDGE ( 'NONE', *, *, #752, .T. ) ;
#70 = EDGE_LOOP ( 'NONE', ( #2199, #438, #1754, #1051 ) ) ;
#71 = VECTOR ( 'NONE', #1979, 1000.000000000000000 ) ;
#72 = VERTEX_POINT ( 'NONE', #1561 ) ;
#73 = VECTOR ( 'NONE', #520, 1000.000000000000000 ) ;
#74 = LINE ( 'NONE', #1572, #518 ) ;
#75 = PERSON ( 'UNSPECIFIED', 'UNSPECIFIED', 'UNSPECIFIED', ('UNSPECIFIED'), ('UNSPECIFIED'), ('UNSPECIFIED') ) ;
#76 = CARTESIAN_POINT ( 'NONE',  ( -44.28302379914202191, 2.500000000000000444, -25.19999999999997797 ) ) ;
#77 = CARTESIAN_POINT ( 'NONE',  ( 0.000000000000000000, 4.000000000000000000, -51.15508619108273081 ) ) ;
#78 = DIRECTION ( 'NONE',  ( 0.000000000000000000, 0.000000000000000000, -1.000000000000000000 ) ) ;
#79 = ORIENTED_EDGE ( 'NONE', *, *, #1848, .T. ) ;
#80 = EDGE_CURVE ( 'NONE', #1081, #1611, #654, .T. ) ;
#81 = AXIS2_PLACEMENT_3D ( 'NONE', #2505, #1874, #2728 ) ;
#82 = DIRECTION ( 'NONE',  ( 0.000000000000000000, 0.000000000000000000, -1.000000000000000000 ) ) ;
#83 = LINE ( 'NONE', #501, #2001 ) ;
#84 = EDGE_LOOP ( 'NONE', ( #2099, #2751, #2691, #2783 ) ) ;
#85 = ORIENTED_EDGE ( 'NONE', *, *, #815, .F. ) ;
#86 = DIRECTION ( 'NONE',  ( 1.000000000000000000, 0.000000000000000000, 0.000000000000000000 ) ) ;
#87 = ADVANCED_FACE ( 'NONE', ( #1964 ), #1505, .F. ) ;
#88 = AXIS2_PLACEMENT_3D ( 'NONE', #777, #2287, #1240 ) ;
#89 = PERSON_AND_ORGANIZATION ( #75, #2430 ) ;
#90 = ADVANCED_FACE ( 'NONE', ( #35 ), #856, .F. ) ;
#91 = DIRECTION ( 'NONE',  ( 0.000000000000000000, 1.000000000000000000, 0.000000000000000000 ) ) ;
#92 = FACE_OUTER_BOUND ( 'NONE', #42, .T. ) ;
#93 = CARTESIAN_POINT ( 'NONE',  ( -51.99192512106461095, 2.000000000000000000, 45.64218180872162378 ) ) ;
#94 = ORIENTED_EDGE ( 'NONE', *, *, #2416, .T. ) ;
#95 = DIRECTION ( 'NONE',  ( -1.000000000000000000, 0.000000000000000000, 0.000000000000000000 ) ) ;
#96 = CARTESIAN_POINT ( 'NONE',  ( -41.49192512106460384, 2.000000000000000000, -50.65508619108275923 ) ) ;
#97 = EDGE_CURVE ( 'NONE', #268, #2315, #1937, .T. ) ;
#98 = ORIENTED_EDGE ( 'NONE', *, *, #301, .F. ) ;
#99 = ORIENTED_EDGE ( 'NONE', *, *, #1557, .T. ) ;
#100 = CARTESIAN_POINT ( 'NONE',  ( 0.000000000000000000, 4.000000000000000000, 45.64218180872161668 ) ) ;
#101 = ADVANCED_FACE ( 'NONE', ( #245, #896 ), #911, .F. ) ;
#102 = DIRECTION ( 'NONE',  ( 0.000000000000000000, 0.000000000000000000, 1.000000000000000000 ) ) ;
#103 = CARTESIAN_POINT ( 'NONE',  ( -77.89192512106460242, 2.000000000000000000, -36.79999999999984794 ) ) ;
#104 = LINE ( 'NONE', #580, #2353 ) ;
#105 = ORIENTED_EDGE ( 'NONE', *, *, #2139, .F. ) ;
#106 = CARTESIAN_POINT ( 'NONE',  ( -30.68302379914201339, 2.000000000000000000, -56.79999999999999716 ) ) ;
#107 = DIRECTION ( 'NONE',  ( -3.614007241618349264E-16, 0.000000000000000000, 1.000000000000000000 ) ) ;
#108 = CARTESIAN_POINT ( 'NONE',  ( 0.000000000000000000, 4.000000000000000000, 44.14218180872160957 ) ) ;
#109 = ORIENTED_EDGE ( 'NONE', *, *, #1237, .T. ) ;
#110 = VECTOR ( 'NONE', #887, 1000.000000000000114 ) ;
#111 = DIRECTION ( 'NONE',  ( -3.614007241618349264E-16, 0.000000000000000000, 1.000000000000000000 ) ) ;
#112 = CLOSED_SHELL ( 'NONE', ( #1071, #101, #1099, #1260, #1190, #1485, #698, #2377, #1360, #1967, #1578, #53, #878, #298, #433, #2602, #1706, #2612, #736, #1712, #2179, #1402, #2429, #2237, #67, #415, #1200, #661, #1337, #825, #1115, #90, #446, #867, #2263, #1473, #2291, #1753, #2462, #1152, #957, #2317, #2253, #2407, #188, #2337, #480, #1890, #1905, #204, #339, #2634, #576, #386, #1409, #227, #1016, #998, #1244, #131, #115, #1962, #2546, #1568, #2040, #1207, #921, #219, #87, #2270, #464, #2202, #2255, #700, #2173, #935, #2717, #2460, #2670, #2361, #548, #2607, #2209, #667, #355, #899 ) ) ;
#113 = ORIENTED_EDGE ( 'NONE', *, *, #1285, .F. ) ;
#114 = VECTOR ( 'NONE', #1400, 1000.000000000000114 ) ;
#115 = ADVANCED_FACE ( 'NONE', ( #883 ), #468, .T. ) ;
#116 = DIRECTION ( 'NONE',  ( 1.000000000000000000, 0.000000000000000000, 0.000000000000000000 ) ) ;
#117 = CARTESIAN_POINT ( 'NONE',  ( -36.53302379914202902, 2.500000000000014211, 0.000000000000000000 ) ) ;
#118 = DIRECTION ( 'NONE',  ( 0.5773502691896181815, -0.5773502691896374994, 0.5773502691896215122 ) ) ;
#119 = ORIENTED_EDGE ( 'NONE', *, *, #1883, .F. ) ;
#120 = CARTESIAN_POINT ( 'NONE',  ( -75.89192512106457400, 0.000000000000000000, 46.64218180872161668 ) ) ;
#121 = VERTEX_POINT ( 'NONE', #2192 ) ;
#122 = DIRECTION ( 'NONE',  ( 1.000000000000000000, 0.000000000000000000, 0.000000000000000000 ) ) ;
#123 = ORIENTED_EDGE ( 'NONE', *, *, #835, .T. ) ;
#124 = VECTOR ( 'NONE', #136, 1000.000000000000000 ) ;
#125 = EDGE_CURVE ( 'NONE', #1044, #137, #221, .T. ) ;
#126 = EDGE_CURVE ( 'NONE', #577, #1987, #1062, .T. ) ;
#127 = CARTESIAN_POINT ( 'NONE',  ( 8.763366740599048299, 2.000000000000000000, -54.79999999999997584 ) ) ;
#128 = ORIENTED_EDGE ( 'NONE', *, *, #1489, .F. ) ;
#129 = CC_DESIGN_DATE_AND_TIME_ASSIGNMENT ( #925, #329, ( #1433 ) ) ;
#130 = CARTESIAN_POINT ( 'NONE',  ( 0.000000000000000000, 0.000000000000000000, 0.000000000000000000 ) ) ;
#131 = ADVANCED_FACE ( 'NONE', ( #7 ), #2164, .F. ) ;
#132 = ORIENTED_EDGE ( 'NONE', *, *, #2031, .T. ) ;
#133 = PERSON_AND_ORGANIZATION ( #75, #2430 ) ;
#134 = CYLINDRICAL_SURFACE ( 'NONE', #316, 2.000000000000001776 ) ;
#135 = DIRECTION ( 'NONE',  ( -1.654086747057742358E-16, 0.000000000000000000, -1.000000000000000000 ) ) ;
#136 = DIRECTION ( 'NONE',  ( -0.000000000000000000, -0.7071067811865572317, -0.7071067811865379138 ) ) ;
#137 = VERTEX_POINT ( 'NONE', #1294 ) ;
#138 = AXIS2_PLACEMENT_3D ( 'NONE', #2388, #1490, #1947 ) ;
#139 = CARTESIAN_POINT ( 'NONE',  ( -1.859099876141180502E-14, 4.000000000000000000, -56.80000000000000426 ) ) ;
#140 = ORIENTED_EDGE ( 'NONE', *, *, #1174, .F. ) ;
#141 = CARTESIAN_POINT ( 'NONE',  ( -52.13771238026315302, 2.027636711478602916, 46.11454509724300266 ) ) ;
#142 = ORIENTED_EDGE ( 'NONE', *, *, #2078, .T. ) ;
#143 = LOCAL_TIME ( 23, 18, 56.00000000000000000, #726 ) ;
#144 = PLANE ( 'NONE',  #81 ) ;
#145 = LINE ( 'NONE', #2473, #114 ) ;
#146 = EDGE_CURVE ( 'NONE', #2357, #2000, #1339, .T. ) ;
#147 = VERTEX_POINT ( 'NONE', #1948 ) ;
#148 = CARTESIAN_POINT ( 'NONE',  ( -41.49192512106452568, 2.000000000000000000, -24.19999999999997797 ) ) ;
#149 = PLANE ( 'NONE',  #1003 ) ;
#150 = CARTESIAN_POINT ( 'NONE',  ( -50.38302379914202334, 2.500000000000014211, -32.69999999999997442 ) ) ;
#151 = DIRECTION ( 'NONE',  ( 1.000000000000000000, 0.000000000000000000, 0.000000000000000000 ) ) ;
#152 = EDGE_LOOP ( 'NONE', ( #2077, #1416, #2521, #55 ) ) ;
#153 = CARTESIAN_POINT ( 'NONE',  ( -75.39192512106460242, 4.000000000000000000, -36.75781819127838901 ) ) ;
#154 = ORIENTED_EDGE ( 'NONE', *, *, #2754, .T. ) ;
#155 = EDGE_CURVE ( 'NONE', #285, #1432, #2379, .T. ) ;
#156 = CARTESIAN_POINT ( 'NONE',  ( 8.097909714790626268, 2.165457025808414038, -56.28962916527432014 ) ) ;
#157 = PLANE ( 'NONE',  #2501 ) ;
#158 =( BOUNDED_CURVE ( )  B_SPLINE_CURVE ( 3, ( #931, #1798, #2655, #2028 ),
 .UNSPECIFIED., .F., .T. ) 
 B_SPLINE_CURVE_WITH_KNOTS ( ( 4, 4 ),
 ( 0.5960792358154681780, 0.7305394027558551606 ),
 .UNSPECIFIED. ) 
 CURVE ( )  GEOMETRIC_REPRESENTATION_ITEM ( )  RATIONAL_B_SPLINE_CURVE ( ( 1.000000000000000000, 0.9984939393553855513, 0.9984939393553855513, 1.000000000000000000 ) ) 
 REPRESENTATION_ITEM ( '' )  );
#159 = VECTOR ( 'NONE', #2010, 1000.000000000000000 ) ;
#160 = ORIENTED_EDGE ( 'NONE', *, *, #2469, .F. ) ;
#161 = VECTOR ( 'NONE', #291, 1000.000000000000000 ) ;
#162 = DIRECTION ( 'NONE',  ( 0.000000000000000000, 0.000000000000000000, -1.000000000000000000 ) ) ;
#163 = LINE ( 'NONE', #2550, #1139 ) ;
#164 = CARTESIAN_POINT ( 'NONE',  ( -51.88302379914203044, 4.000000000000000000, -32.69999999999997442 ) ) ;
#165 = CIRCLE ( 'NONE', #390, 2.000000000000001776 ) ;
#166 = AXIS2_PLACEMENT_3D ( 'NONE', #361, #2536, #604 ) ;
#167 = CARTESIAN_POINT ( 'NONE',  ( -41.49192512106460384, 2.000000000000000000, -14.19999999999997975 ) ) ;
#168 = ORIENTED_EDGE ( 'NONE', *, *, #1929, .T. ) ;
#169 = DIRECTION ( 'NONE',  ( -0.000000000000000000, -1.000000000000000000, -0.000000000000000000 ) ) ;
#170 = ORIENTED_EDGE ( 'NONE', *, *, #2583, .T. ) ;
#171 = EDGE_CURVE ( 'NONE', #2166, #1481, #869, .T. ) ;
#172 = CARTESIAN_POINT ( 'NONE',  ( -58.99192512106459674, 4.000000000000000000, 0.000000000000000000 ) ) ;
#173 = CARTESIAN_POINT ( 'NONE',  ( -33.48302379914203186, 2.000000000000000000, -24.19999999999997797 ) ) ;
#174 = VECTOR ( 'NONE', #38, 1000.000000000000000 ) ;
#175 = VERTEX_POINT ( 'NONE', #61 ) ;
#176 = CARTESIAN_POINT ( 'NONE',  ( 7.763366740599038529, 4.000000000000000000, 2.805686361986396631E-15 ) ) ;
#177 = LINE ( 'NONE', #2733, #250 ) ;
#178 = EDGE_CURVE ( 'NONE', #1248, #2333, #2637, .T. ) ;
#179 = EDGE_CURVE ( 'NONE', #543, #1460, #669, .T. ) ;
#180 = FACE_OUTER_BOUND ( 'NONE', #476, .T. ) ;
#181 = LINE ( 'NONE', #1869, #2050 ) ;
#182 = CARTESIAN_POINT ( 'NONE',  ( -53.99192512106459674, 4.000000000000000000, 0.000000000000000000 ) ) ;
#183 = EDGE_LOOP ( 'NONE', ( #633, #98, #2312, #2485, #1314, #338, #478, #872, #1098, #160, #359, #776, #677, #2557, #1031, #1263 ) ) ;
#184 = AXIS2_PLACEMENT_3D ( 'NONE', #167, #1884, #2735 ) ;
#185 = CARTESIAN_POINT ( 'NONE',  ( -33.48302379914203186, 0.000000000000000000, -24.19999999999997797 ) ) ;
#186 = PLANE ( 'NONE',  #1876 ) ;
#187 = VECTOR ( 'NONE', #1503, 1000.000000000000000 ) ;
#188 = ADVANCED_FACE ( 'NONE', ( #2620 ), #683, .T. ) ;
#189 = EDGE_LOOP ( 'NONE', ( #891, #1974, #801, #1228, #1932, #269 ) ) ;
#190 = VERTEX_POINT ( 'NONE', #2662 ) ;
#191 = CARTESIAN_POINT ( 'NONE',  ( 7.763366740599051852, 4.000000000000000000, -51.15508619108273081 ) ) ;
#192 = FACE_OUTER_BOUND ( 'NONE', #2738, .T. ) ;
#193 = EDGE_CURVE ( 'NONE', #1280, #470, #1163, .T. ) ;
#194 = DIRECTION ( 'NONE',  ( -0.000000000000000000, -1.000000000000000000, -0.000000000000000000 ) ) ;
#195 = FACE_OUTER_BOUND ( 'NONE', #1703, .T. ) ;
#196 = LINE ( 'NONE', #1938, #1000 ) ;
#197 = EDGE_LOOP ( 'NONE', ( #1785, #1569, #1847, #1195 ) ) ;
#198 = DIRECTION ( 'NONE',  ( 1.000000000000000000, 0.000000000000000000, 0.000000000000000000 ) ) ;
#199 = CARTESIAN_POINT ( 'NONE',  ( -9.634402145506389666E-15, 4.000000000000000000, -55.95508619108274218 ) ) ;
#200 = ORIENTED_EDGE ( 'NONE', *, *, #193, .T. ) ;
#201 = VERTEX_POINT ( 'NONE', #981 ) ;
#202 = AXIS2_PLACEMENT_3D ( 'NONE', #1789, #2685, #2463 ) ;
#203 = DIRECTION ( 'NONE',  ( 0.000000000000000000, 0.000000000000000000, 1.000000000000000000 ) ) ;
#204 = ADVANCED_FACE ( 'NONE', ( #92 ), #2651, .T. ) ;
#205 = CIRCLE ( 'NONE', #471, 2.000000000000001776 ) ;
#206 = CARTESIAN_POINT ( 'NONE',  ( 6.263366740599051852, 4.000000000000000000, -51.15508619108273081 ) ) ;
#207 = CARTESIAN_POINT ( 'NONE',  ( -37.03302379914204323, 2.000000000000000000, -56.79999999999999005 ) ) ;
#208 = DIRECTION ( 'NONE',  ( 0.000000000000000000, 0.000000000000000000, -1.000000000000000000 ) ) ;
#209 = VECTOR ( 'NONE', #1885, 1000.000000000000000 ) ;
#210 = ORIENTED_EDGE ( 'NONE', *, *, #326, .T. ) ;
#211 = VECTOR ( 'NONE', #1169, 1000.000000000000000 ) ;
#212 = PLANE ( 'NONE',  #744 ) ;
#213 = LINE ( 'NONE', #1055, #559 ) ;
#214 = EDGE_CURVE ( 'NONE', #2315, #1257, #1226, .T. ) ;
#215 = EDGE_CURVE ( 'NONE', #2712, #1966, #761, .T. ) ;
#216 = ORIENTED_EDGE ( 'NONE', *, *, #691, .F. ) ;
#217 = ORIENTED_EDGE ( 'NONE', *, *, #1972, .F. ) ;
#218 = CARTESIAN_POINT ( 'NONE',  ( -31.48302379914201410, 0.000000000000000000, -32.35508619108271944 ) ) ;
#219 = ADVANCED_FACE ( 'NONE', ( #331 ), #2244, .T. ) ;
#220 = CARTESIAN_POINT ( 'NONE',  ( 7.763366740599051852, 2.500000000000000444, -35.35508619108273365 ) ) ;
#221 = LINE ( 'NONE', #1730, #824 ) ;
#222 = CARTESIAN_POINT ( 'NONE',  ( 0.000000000000000000, 4.000000000000000000, 44.14218180872160957 ) ) ;
#223 = ORIENTED_EDGE ( 'NONE', *, *, #1159, .T. ) ;
#224 = PLANE ( 'NONE',  #1463 ) ;
#225 = CARTESIAN_POINT ( 'NONE',  ( -31.48302379914201410, 2.000000000000000000, -32.35508619108271944 ) ) ;
#226 = VECTOR ( 'NONE', #1363, 1000.000000000000000 ) ;
#227 = ADVANCED_FACE ( 'NONE', ( #927 ), #566, .F. ) ;
#228 = VERTEX_POINT ( 'NONE', #1837 ) ;
#229 = APPROVAL_PERSON_ORGANIZATION ( #1600, #1325, #1405 ) ;
#230 = ORIENTED_EDGE ( 'NONE', *, *, #453, .T. ) ;
#231 = CARTESIAN_POINT ( 'NONE',  ( -53.99192512106459674, 2.000000000000000000, 46.14218180872160957 ) ) ;
#232 = CARTESIAN_POINT ( 'NONE',  ( 6.763366740599049187, 2.000000000000000000, -36.35508619108273365 ) ) ;
#233 = PLANE ( 'NONE',  #449 ) ;
#234 = DIRECTION ( 'NONE',  ( 0.000000000000000000, -0.000000000000000000, 1.000000000000000000 ) ) ;
#235 = CARTESIAN_POINT ( 'NONE',  ( 0.000000000000000000, 4.000000000000000000, 45.64218180872161668 ) ) ;
#236 = VERTEX_POINT ( 'NONE', #2047 ) ;
#237 = DIRECTION ( 'NONE',  ( 0.000000000000000000, 1.000000000000000000, -0.000000000000000000 ) ) ;
#238 = DIRECTION ( 'NONE',  ( 1.486829979814155560E-15, 0.7071067811865573427, 0.7071067811865378028 ) ) ;
#239 = EDGE_CURVE ( 'NONE', #1755, #228, #2454, .T. ) ;
#240 = EDGE_LOOP ( 'NONE', ( #387, #1077, #1950, #1486 ) ) ;
#241 = ORIENTED_EDGE ( 'NONE', *, *, #369, .F. ) ;
#242 = CARTESIAN_POINT ( 'NONE',  ( -50.38302379914202334, 2.000000000000000000, -55.29999999999999005 ) ) ;
#243 = EDGE_CURVE ( 'NONE', #1308, #1955, #1193, .T. ) ;
#244 = DIRECTION ( 'NONE',  ( -0.000000000000000000, -1.000000000000000000, -0.000000000000000000 ) ) ;
#245 = FACE_OUTER_BOUND ( 'NONE', #771, .T. ) ;
#246 = DIRECTION ( 'NONE',  ( 1.000000000000000000, 0.000000000000000000, -1.654086747057742358E-16 ) ) ;
#247 = ORIENTED_EDGE ( 'NONE', *, *, #1253, .F. ) ;
#248 = AXIS2_PLACEMENT_3D ( 'NONE', #1140, #2236, #2197 ) ;
#249 = FACE_OUTER_BOUND ( 'NONE', #1038, .T. ) ;
#250 = VECTOR ( 'NONE', #616, 1000.000000000000000 ) ;
#251 = DIRECTION ( 'NONE',  ( 1.000000000000000000, 0.000000000000000000, -0.000000000000000000 ) ) ;
#252 = EDGE_CURVE ( 'NONE', #2515, #973, #1793, .T. ) ;
#253 = VECTOR ( 'NONE', #2375, 1000.000000000000114 ) ;
#254 = ORIENTED_EDGE ( 'NONE', *, *, #1697, .T. ) ;
#255 = EDGE_LOOP ( 'NONE', ( #2509, #2686, #1809, #902 ) ) ;
#256 = ORIENTED_EDGE ( 'NONE', *, *, #1382, .F. ) ;
#257 = PLANE ( 'NONE',  #2316 ) ;
#258 = PLANE ( 'NONE',  #2560 ) ;
#259 = EDGE_CURVE ( 'NONE', #768, #2357, #2479, .T. ) ;
#260 = CARTESIAN_POINT ( 'NONE',  ( -58.99192512106459674, 4.000000000000000000, 0.000000000000000000 ) ) ;
#261 = DIRECTION ( 'NONE',  ( 0.000000000000000000, 0.000000000000000000, -1.000000000000000000 ) ) ;
#262 = LINE ( 'NONE', #1105, #1315 ) ;
#263 = EDGE_LOOP ( 'NONE', ( #1571, #2240, #2201, #1698, #2085 ) ) ;
#264 = EDGE_CURVE ( 'NONE', #72, #313, #2466, .T. ) ;
#265 = VECTOR ( 'NONE', #95, 1000.000000000000000 ) ;
#266 = CARTESIAN_POINT ( 'NONE',  ( 0.000000000000000000, 4.000000000000000000, -40.15508619108275212 ) ) ;
#267 = CARTESIAN_POINT ( 'NONE',  ( -41.49192512106460384, 2.000000000000000000, -54.45508619108273507 ) ) ;
#268 = VERTEX_POINT ( 'NONE', #509 ) ;
#269 = ORIENTED_EDGE ( 'NONE', *, *, #791, .T. ) ;
#270 = EDGE_CURVE ( 'NONE', #694, #1426, #774, .T. ) ;
#271 = VERTEX_POINT ( 'NONE', #1407 ) ;
#272 = VECTOR ( 'NONE', #2636, 1000.000000000000000 ) ;
#273 = EDGE_LOOP ( 'NONE', ( #1401, #1549, #977, #1738 ) ) ;
#274 = CARTESIAN_POINT ( 'NONE',  ( 8.763366740599048299, 0.000000000000000000, -54.79999999999997584 ) ) ;
#275 = VECTOR ( 'NONE', #1760, 1000.000000000000000 ) ;
#276 =( LENGTH_UNIT ( ) NAMED_UNIT ( * ) SI_UNIT ( .MILLI., .METRE. ) );
#277 = LINE ( 'NONE', #2256, #2114 ) ;
#278 = CARTESIAN_POINT ( 'NONE',  ( -45.53302379914200770, 2.000000000000000000, -14.19999999999997975 ) ) ;
#279 = CARTESIAN_POINT ( 'NONE',  ( -31.03663325940083695, 4.000000000000000000, 6.526057737013956487E-14 ) ) ;
#280 = ADVANCED_BREP_SHAPE_REPRESENTATION ( 'Power System Mount V1', ( #1670, #365 ), #2076 ) ;
#281 = ORIENTED_EDGE ( 'NONE', *, *, #2438, .T. ) ;
#282 = DIRECTION ( 'NONE',  ( -0.000000000000000000, -0.000000000000000000, -1.000000000000000000 ) ) ;
#283 = FACE_OUTER_BOUND ( 'NONE', #1998, .T. ) ;
#284 =( BOUNDED_CURVE ( )  B_SPLINE_CURVE ( 3, ( #2039, #1167, #141, #2279 ),
 .UNSPECIFIED., .F., .T. ) 
 B_SPLINE_CURVE_WITH_KNOTS ( ( 4, 4 ),
 ( 5.497787143782142394, 5.560451059366165794 ),
 .UNSPECIFIED. ) 
 CURVE ( )  GEOMETRIC_REPRESENTATION_ITEM ( )  RATIONAL_B_SPLINE_CURVE ( ( 1.000000000000000000, 0.9996727962427183201, 0.9996727962427183201, 1.000000000000000000 ) ) 
 REPRESENTATION_ITEM ( '' )  );
#285 = VERTEX_POINT ( 'NONE', #1364 ) ;
#286 = EDGE_LOOP ( 'NONE', ( #1413, #109, #2062, #1788, #2169 ) ) ;
#287 = ORIENTED_EDGE ( 'NONE', *, *, #1630, .T. ) ;
#288 = DIRECTION ( 'NONE',  ( -1.000000000000000000, 0.000000000000000000, -0.000000000000000000 ) ) ;
#289 = DIRECTION ( 'NONE',  ( 0.000000000000000000, 0.000000000000000000, 1.000000000000000000 ) ) ;
#290 = DIRECTION ( 'NONE',  ( -0.5773502691896238437, 0.5773502691896238437, 0.5773502691896296168 ) ) ;
#291 = DIRECTION ( 'NONE',  ( 1.000000000000000000, -0.000000000000000000, 0.000000000000000000 ) ) ;
#292 = CARTESIAN_POINT ( 'NONE',  ( -53.49192512106461095, 2.000000000000000000, 46.64218180872161668 ) ) ;
#293 = ORIENTED_EDGE ( 'NONE', *, *, #2019, .T. ) ;
#294 = CARTESIAN_POINT ( 'NONE',  ( -77.89192512106458821, 0.000000000000000000, 44.64218180872160247 ) ) ;
#295 = FACE_OUTER_BOUND ( 'NONE', #1214, .T. ) ;
#296 = AXIS2_PLACEMENT_3D ( 'NONE', #1282, #1735, #2168 ) ;
#297 = EDGE_LOOP ( 'NONE', ( #2702, #1721, #1235, #2012, #505 ) ) ;
#298 = ADVANCED_FACE ( 'NONE', ( #2273 ), #2689, .T. ) ;
#299 = VECTOR ( 'NONE', #967, 1000.000000000000114 ) ;
#300 = EDGE_LOOP ( 'NONE', ( #2731, #2036, #1288, #2290 ) ) ;
#301 = EDGE_CURVE ( 'NONE', #2774, #786, #2065, .T. ) ;
#302 = VECTOR ( 'NONE', #860, 1000.000000000000000 ) ;
#303 = CARTESIAN_POINT ( 'NONE',  ( -33.48302379914201765, 0.000000000000000000, -26.19999999999997797 ) ) ;
#304 = PLANE ( 'NONE',  #2158 ) ;
#305 = CARTESIAN_POINT ( 'NONE',  ( -33.48302379914201765, 2.000000000000000000, -26.19999999999997797 ) ) ;
#306 = CARTESIAN_POINT ( 'NONE',  ( -29.48302379914201765, 0.000000000000000000, -32.35508619108273365 ) ) ;
#307 = ORIENTED_EDGE ( 'NONE', *, *, #528, .T. ) ;
#308 = EDGE_CURVE ( 'NONE', #2322, #1782, #1603, .T. ) ;
#309 = AXIS2_PLACEMENT_3D ( 'NONE', #687, #447, #1093 ) ;
#310 = LINE ( 'NONE', #1153, #1101 ) ;
#311 = DIRECTION ( 'NONE',  ( -1.000000000000000000, 0.000000000000000000, 0.000000000000000000 ) ) ;
#312 = VERTEX_POINT ( 'NONE', #536 ) ;
#313 = VERTEX_POINT ( 'NONE', #1394 ) ;
#314 = EDGE_CURVE ( 'NONE', #2542, #885, #1589, .T. ) ;
#315 = CARTESIAN_POINT ( 'NONE',  ( -57.89192512106446031, 2.000000000000000000, -56.79999999999999005 ) ) ;
#316 = AXIS2_PLACEMENT_3D ( 'NONE', #1648, #578, #162 ) ;
#317 = APPLICATION_PROTOCOL_DEFINITION ( 'international standard', 'config_control_design', 1994, #2129 ) ;
#318 = DIRECTION ( 'NONE',  ( -0.000000000000000000, -1.000000000000000000, -0.000000000000000000 ) ) ;
#319 = CC_DESIGN_APPROVAL ( #2707, ( #1799 ) ) ;
#320 = CARTESIAN_POINT ( 'NONE',  ( 0.000000000000000000, 4.000000000000000000, -35.35508619108273365 ) ) ;
#321 = LINE ( 'NONE', #2678, #1786 ) ;
#322 = ORIENTED_EDGE ( 'NONE', *, *, #1237, .F. ) ;
#323 = DIRECTION ( 'NONE',  ( -0.000000000000000000, -1.000000000000000000, -0.000000000000000000 ) ) ;
#324 = DIRECTION ( 'NONE',  ( 2.843808977011158816E-16, -0.000000000000000000, 1.000000000000000000 ) ) ;
#325 = ORIENTED_EDGE ( 'NONE', *, *, #962, .F. ) ;
#326 = EDGE_CURVE ( 'NONE', #1926, #1248, #789, .T. ) ;
#327 = CARTESIAN_POINT ( 'NONE',  ( -57.89192512106446031, 2.000000000000000000, -56.79999999999999005 ) ) ;
#328 = ORIENTED_EDGE ( 'NONE', *, *, #2078, .F. ) ;
#329 = DATE_TIME_ROLE ( 'classification_date' ) ;
#330 = CARTESIAN_POINT ( 'NONE',  ( -31.03663325940090445, 2.000000000000000000, -14.20000000000000284 ) ) ;
#331 = FACE_OUTER_BOUND ( 'NONE', #364, .T. ) ;
#332 = DIRECTION ( 'NONE',  ( 1.000000000000000000, -0.000000000000000000, 0.000000000000000000 ) ) ;
#333 = ORIENTED_EDGE ( 'NONE', *, *, #1614, .T. ) ;
#334 = EDGE_CURVE ( 'NONE', #2194, #1987, #1435, .T. ) ;
#335 = CARTESIAN_POINT ( 'NONE',  ( 7.763366740599053628, 4.000000000000000000, -40.15508619108273081 ) ) ;
#336 = ORIENTED_EDGE ( 'NONE', *, *, #314, .T. ) ;
#337 = FACE_OUTER_BOUND ( 'NONE', #985, .T. ) ;
#338 = ORIENTED_EDGE ( 'NONE', *, *, #125, .F. ) ;
#339 = ADVANCED_FACE ( 'NONE', ( #192 ), #803, .F. ) ;
#340 = DIRECTION ( 'NONE',  ( -1.000000000000000000, 0.000000000000000000, 0.000000000000000000 ) ) ;
#341 = ORIENTED_EDGE ( 'NONE', *, *, #1826, .T. ) ;
#342 = VECTOR ( 'NONE', #1690, 1000.000000000000000 ) ;
#343 = CARTESIAN_POINT ( 'NONE',  ( 6.763366740599034976, 2.000000000000000000, -56.79999999999999005 ) ) ;
#344 = VECTOR ( 'NONE', #1618, 1000.000000000000000 ) ;
#345 = EDGE_LOOP ( 'NONE', ( #1723, #1197, #1157, #892, #333 ) ) ;
#346 = VECTOR ( 'NONE', #1844, 1000.000000000000000 ) ;
#347 = DIRECTION ( 'NONE',  ( 0.000000000000000000, 1.000000000000000000, -0.000000000000000000 ) ) ;
#348 = DIRECTION ( 'NONE',  ( -1.000000000000000000, 0.000000000000000000, 0.000000000000000000 ) ) ;
#349 = LINE ( 'NONE', #2024, #1239 ) ;
#350 = ORIENTED_EDGE ( 'NONE', *, *, #651, .T. ) ;
#351 = EDGE_CURVE ( 'NONE', #2135, #626, #2760, .T. ) ;
#352 = PLANE ( 'NONE',  #1745 ) ;
#353 = ORIENTED_EDGE ( 'NONE', *, *, #16, .T. ) ;
#354 = DIRECTION ( 'NONE',  ( 0.000000000000000000, 0.7071067811865378028, -0.7071067811865573427 ) ) ;
#355 = ADVANCED_FACE ( 'NONE', ( #2298 ), #2324, .T. ) ;
#356 = ORIENTED_EDGE ( 'NONE', *, *, #80, .T. ) ;
#357 = VECTOR ( 'NONE', #1231, 1000.000000000000114 ) ;
#358 = CARTESIAN_POINT ( 'NONE',  ( -30.68302379914201339, 2.000000000000000000, -56.45508619108272086 ) ) ;
#359 = ORIENTED_EDGE ( 'NONE', *, *, #2013, .F. ) ;
#360 = DIRECTION ( 'NONE',  ( 1.000000000000000000, 0.000000000000000000, 0.000000000000000000 ) ) ;
#361 = CARTESIAN_POINT ( 'NONE',  ( -31.48302379914201410, 2.000000000000000000, -26.19999999999999574 ) ) ;
#362 = CARTESIAN_POINT ( 'NONE',  ( -50.38302379914202334, 2.500000000000014211, -32.69999999999998153 ) ) ;
#363 = AXIS2_PLACEMENT_3D ( 'NONE', #668, #1320, #1714 ) ;
#364 = EDGE_LOOP ( 'NONE', ( #2307, #2286, #1858, #1301 ) ) ;
#365 = AXIS2_PLACEMENT_3D ( 'NONE', #2229, #1586, #2005 ) ;
#366 = LINE ( 'NONE', #139, #2782 ) ;
#367 = ORIENTED_EDGE ( 'NONE', *, *, #1920, .T. ) ;
#368 = CARTESIAN_POINT ( 'NONE',  ( -77.39192512106458821, 2.000000000000000000, 45.96505746425390981 ) ) ;
#369 = EDGE_CURVE ( 'NONE', #1248, #2280, #163, .T. ) ;
#370 = EDGE_LOOP ( 'NONE', ( #2745, #1642, #140, #37 ) ) ;
#371 = LINE ( 'NONE', #1899, #357 ) ;
#372 = DIRECTION ( 'NONE',  ( -0.000000000000000000, -1.000000000000000000, -0.000000000000000000 ) ) ;
#373 = ORIENTED_EDGE ( 'NONE', *, *, #2013, .T. ) ;
#374 = EDGE_CURVE ( 'NONE', #2772, #1178, #389, .T. ) ;
#375 = DIRECTION ( 'NONE',  ( 0.000000000000000000, 0.000000000000000000, -1.000000000000000000 ) ) ;
#376 = CARTESIAN_POINT ( 'NONE',  ( -29.48302379914199989, 2.000000000000000000, -34.35508619108273365 ) ) ;
#377 = LINE ( 'NONE', #1808, #124 ) ;
#378 = CARTESIAN_POINT ( 'NONE',  ( -75.89192512106458821, 2.000000000000000000, 44.64218180872161668 ) ) ;
#379 = VERTEX_POINT ( 'NONE', #2561 ) ;
#380 = DIRECTION ( 'NONE',  ( 0.000000000000000000, 0.000000000000000000, -1.000000000000000000 ) ) ;
#381 = VERTEX_POINT ( 'NONE', #840 ) ;
#382 = CARTESIAN_POINT ( 'NONE',  ( -31.03663325940095419, 4.000000000000000000, -54.45508619108274218 ) ) ;
#383 = DIRECTION ( 'NONE',  ( -1.000000000000000000, 0.000000000000000000, -0.000000000000000000 ) ) ;
#384 = EDGE_CURVE ( 'NONE', #2357, #1280, #1233, .T. ) ;
#385 = AXIS2_PLACEMENT_3D ( 'NONE', #1825, #1640, #1842 ) ;
#386 = ADVANCED_FACE ( 'NONE', ( #579 ), #149, .T. ) ;
#387 = ORIENTED_EDGE ( 'NONE', *, *, #2524, .T. ) ;
#388 = DIRECTION ( 'NONE',  ( 1.000000000000000000, 0.000000000000000000, -2.843808977011158816E-16 ) ) ;
#389 = LINE ( 'NONE', #2511, #2581 ) ;
#390 = AXIS2_PLACEMENT_3D ( 'NONE', #2052, #1383, #2038 ) ;
#391 = VECTOR ( 'NONE', #2251, 1000.000000000000000 ) ;
#392 = DIRECTION ( 'NONE',  ( 0.000000000000000000, 0.000000000000000000, -1.000000000000000000 ) ) ;
#393 = DIRECTION ( 'NONE',  ( 0.000000000000000000, 0.000000000000000000, -1.000000000000000000 ) ) ;
#394 = CARTESIAN_POINT ( 'NONE',  ( -53.99192512106459674, 2.500000000000000444, -38.25781819127838901 ) ) ;
#395 = EDGE_CURVE ( 'NONE', #2411, #1917, #2133, .T. ) ;
#396 = ORIENTED_EDGE ( 'NONE', *, *, #1667, .T. ) ;
#397 = CARTESIAN_POINT ( 'NONE',  ( -32.18302379914201339, 2.000000000000000000, -14.19999999999997975 ) ) ;
#398 = CARTESIAN_POINT ( 'NONE',  ( 6.263366740599039417, 2.000000000000000000, -14.19999999999995488 ) ) ;
#399 = ORIENTED_EDGE ( 'NONE', *, *, #621, .T. ) ;
#400 = AXIS2_PLACEMENT_3D ( 'NONE', #721, #2210, #488 ) ;
#401 = ORIENTED_EDGE ( 'NONE', *, *, #2752, .T. ) ;
#402 = LINE ( 'NONE', #1633, #408 ) ;
#403 = LINE ( 'NONE', #1475, #2541 ) ;
#404 = FACE_OUTER_BOUND ( 'NONE', #1802, .T. ) ;
#405 = DIRECTION ( 'NONE',  ( 0.000000000000000000, 0.000000000000000000, -1.000000000000000000 ) ) ;
#406 = CARTESIAN_POINT ( 'NONE',  ( -57.89192512106460242, 2.000000000000000000, -36.79999999999999005 ) ) ;
#407 = EDGE_LOOP ( 'NONE', ( #1732, #1136, #839, #325 ) ) ;
#408 = VECTOR ( 'NONE', #2493, 1000.000000000000000 ) ;
#409 = LINE ( 'NONE', #2126, #797 ) ;
#410 = PLANE ( 'NONE',  #1276 ) ;
#411 = ORIENTED_EDGE ( 'NONE', *, *, #2225, .T. ) ;
#412 = EDGE_CURVE ( 'NONE', #2569, #2042, #177, .T. ) ;
#413 = ORIENTED_EDGE ( 'NONE', *, *, #2002, .F. ) ;
#414 = PLANE ( 'NONE',  #1916 ) ;
#415 = ADVANCED_FACE ( 'NONE', ( #1662 ), #1904, .T. ) ;
#416 = FACE_OUTER_BOUND ( 'NONE', #2709, .T. ) ;
#417 = LINE ( 'NONE', #429, #561 ) ;
#418 = CARTESIAN_POINT ( 'NONE',  ( 6.263366740599051852, 4.000000000000000000, 0.000000000000000000 ) ) ;
#419 = VERTEX_POINT ( 'NONE', #2120 ) ;
#420 = CARTESIAN_POINT ( 'NONE',  ( -53.99192512106459674, 2.000000000000000000, -14.19999999999997975 ) ) ;
#421 = DIRECTION ( 'NONE',  ( 0.7071067811865475727, 0.7071067811865475727, 0.000000000000000000 ) ) ;
#422 = VERTEX_POINT ( 'NONE', #1019 ) ;
#423 = EDGE_CURVE ( 'NONE', #913, #577, #403, .T. ) ;
#424 = EDGE_LOOP ( 'NONE', ( #2215, #2029, #1143, #2610 ) ) ;
#425 = VECTOR ( 'NONE', #12, 1000.000000000000000 ) ;
#426 = CARTESIAN_POINT ( 'NONE',  ( -46.03302379914202191, 2.500000000000014211, 0.000000000000000000 ) ) ;
#427 = VECTOR ( 'NONE', #2193, 1000.000000000000000 ) ;
#428 = CARTESIAN_POINT ( 'NONE',  ( -30.68302379914201339, 4.000000000000000000, -55.95508619108273507 ) ) ;
#429 = CARTESIAN_POINT ( 'NONE',  ( 0.000000000000000000, 2.499999999999972911, -51.15508619108273791 ) ) ;
#430 = DIRECTION ( 'NONE',  ( 0.000000000000000000, 0.000000000000000000, 1.000000000000000000 ) ) ;
#431 = AXIS2_PLACEMENT_3D ( 'NONE', #278, #48, #1104 ) ;
#432 = ORIENTED_EDGE ( 'NONE', *, *, #990, .T. ) ;
#433 = ADVANCED_FACE ( 'NONE', ( #814 ), #1674, .F. ) ;
#434 = VECTOR ( 'NONE', #1471, 1000.000000000000000 ) ;
#435 = CARTESIAN_POINT ( 'NONE',  ( -77.89192512106460242, 2.000000000000000000, -36.79999999999984794 ) ) ;
#436 = LINE ( 'NONE', #1941, #425 ) ;
#437 = ORIENTED_EDGE ( 'NONE', *, *, #674, .T. ) ;
#438 = ORIENTED_EDGE ( 'NONE', *, *, #598, .F. ) ;
#439 = VECTOR ( 'NONE', #859, 1000.000000000000000 ) ;
#440 = DIRECTION ( 'NONE',  ( 1.000000000000000000, -0.000000000000000000, 0.000000000000000000 ) ) ;
#441 = DIRECTION ( 'NONE',  ( 0.000000000000000000, 0.000000000000000000, -1.000000000000000000 ) ) ;
#442 = DIRECTION ( 'NONE',  ( -0.000000000000000000, -1.000000000000000000, -0.000000000000000000 ) ) ;
#443 = DIRECTION ( 'NONE',  ( 1.000000000000000000, 0.000000000000000000, -0.000000000000000000 ) ) ;
#444 = CARTESIAN_POINT ( 'NONE',  ( 7.763366740599053628, 2.500000000000000444, -40.15508619108273081 ) ) ;
#445 = ORIENTED_EDGE ( 'NONE', *, *, #1816, .F. ) ;
#446 = ADVANCED_FACE ( 'NONE', ( #2336 ), #414, .T. ) ;
#447 = DIRECTION ( 'NONE',  ( 0.000000000000000000, -0.000000000000000000, 1.000000000000000000 ) ) ;
#448 = CARTESIAN_POINT ( 'NONE',  ( -41.49192512106460384, 2.000000000000000000, -50.65508619108275923 ) ) ;
#449 = AXIS2_PLACEMENT_3D ( 'NONE', #260, #2776, #2150 ) ;
#450 = ORIENTED_EDGE ( 'NONE', *, *, #1311, .F. ) ;
#451 = EDGE_LOOP ( 'NONE', ( #230, #961, #613, #2208 ) ) ;
#452 = CARTESIAN_POINT ( 'NONE',  ( 0.000000000000000000, 4.000000000000000000, -51.15508619108273791 ) ) ;
#453 = EDGE_CURVE ( 'NONE', #1155, #545, #1048, .T. ) ;
#454 = CARTESIAN_POINT ( 'NONE',  ( -58.49192512106459674, 2.000000000000000000, -36.75781819127838901 ) ) ;
#455 = DIRECTION ( 'NONE',  ( -0.000000000000000000, -1.000000000000000000, -0.000000000000000000 ) ) ;
#456 = LINE ( 'NONE', #655, #2395 ) ;
#457 = ORIENTED_EDGE ( 'NONE', *, *, #412, .F. ) ;
#458 = CARTESIAN_POINT ( 'NONE',  ( -31.03663325940094708, 2.000000000000000000, -50.65508619108275923 ) ) ;
#459 = DIRECTION ( 'NONE',  ( 0.000000000000000000, 0.000000000000000000, -1.000000000000000000 ) ) ;
#460 = ORIENTED_EDGE ( 'NONE', *, *, #1125, .T. ) ;
#461 = VERTEX_POINT ( 'NONE', #1711 ) ;
#462 = EDGE_CURVE ( 'NONE', #2585, #2653, #2570, .T. ) ;
#463 = ORIENTED_EDGE ( 'NONE', *, *, #2423, .F. ) ;
#464 = ADVANCED_FACE ( 'NONE', ( #31 ), #2347, .T. ) ;
#465 = DIRECTION ( 'NONE',  ( 0.7071067811865597852, 0.7071067811865352493, -0.000000000000000000 ) ) ;
#466 = CARTESIAN_POINT ( 'NONE',  ( -41.49192512106460384, 2.000000000000000000, -26.69999999999998153 ) ) ;
#467 = DIRECTION ( 'NONE',  ( 0.000000000000000000, 0.000000000000000000, 1.000000000000000000 ) ) ;
#468 = PLANE ( 'NONE',  #1367 ) ;
#469 = CARTESIAN_POINT ( 'NONE',  ( -51.88302379914203044, 4.000000000000000000, -56.79999999999999005 ) ) ;
#470 = VERTEX_POINT ( 'NONE', #2600 ) ;
#471 = AXIS2_PLACEMENT_3D ( 'NONE', #707, #39, #1310 ) ;
#472 = EDGE_CURVE ( 'NONE', #2712, #1366, #1759, .T. ) ;
#473 = CARTESIAN_POINT ( 'NONE',  ( 8.148035415643557045, 2.056241550298306020, -34.91132774138105077 ) ) ;
#474 = LINE ( 'NONE', #1356, #2626 ) ;
#475 = AXIS2_PLACEMENT_3D ( 'NONE', #783, #1218, #1644 ) ;
#476 = EDGE_LOOP ( 'NONE', ( #2368, #2227, #2630, #1696, #1255 ) ) ;
#477 = VERTEX_POINT ( 'NONE', #1335 ) ;
#478 = ORIENTED_EDGE ( 'NONE', *, *, #1467, .F. ) ;
#479 = VERTEX_POINT ( 'NONE', #1117 ) ;
#480 = ADVANCED_FACE ( 'NONE', ( #2159 ), #1775, .T. ) ;
#481 = CARTESIAN_POINT ( 'NONE',  ( 6.263366740599051852, 4.000000000000000000, -51.15508619108273081 ) ) ;
#482 = VECTOR ( 'NONE', #1494, 1000.000000000000000 ) ;
#483 = CARTESIAN_POINT ( 'NONE',  ( 6.763366740599034976, 0.000000000000000000, -56.79999999999999005 ) ) ;
#484 = DIRECTION ( 'NONE',  ( 0.000000000000000000, 0.000000000000000000, 1.000000000000000000 ) ) ;
#485 = DIRECTION ( 'NONE',  ( 0.000000000000000000, 0.000000000000000000, -1.000000000000000000 ) ) ;
#486 = FACE_OUTER_BOUND ( 'NONE', #297, .T. ) ;
#487 = ORIENTED_EDGE ( 'NONE', *, *, #1752, .F. ) ;
#488 = DIRECTION ( 'NONE',  ( 0.000000000000000000, 0.000000000000000000, -1.000000000000000000 ) ) ;
#489 = CARTESIAN_POINT ( 'NONE',  ( -31.03663325940095419, 2.000000000000000000, -54.45508619108274218 ) ) ;
#490 = ORIENTED_EDGE ( 'NONE', *, *, #1557, .F. ) ;
#491 = ORIENTED_EDGE ( 'NONE', *, *, #499, .F. ) ;
#492 = ORIENTED_EDGE ( 'NONE', *, *, #1658, .F. ) ;
#493 = AXIS2_PLACEMENT_3D ( 'NONE', #2175, #2573, #2603 ) ;
#494 = LINE ( 'NONE', #315, #2100 ) ;
#495 = LINE ( 'NONE', #2439, #1204 ) ;
#496 = CARTESIAN_POINT ( 'NONE',  ( -38.28302379914202191, 4.000000000000000000, -26.69999999999998153 ) ) ;
#497 = DIRECTION ( 'NONE',  ( 0.000000000000000000, 0.000000000000000000, -1.000000000000000000 ) ) ;
#498 = ORIENTED_EDGE ( 'NONE', *, *, #52, .F. ) ;
#499 = EDGE_CURVE ( 'NONE', #2428, #913, #2148, .T. ) ;
#500 = DIRECTION ( 'NONE',  ( 0.000000000000000000, 1.000000000000000000, -0.000000000000000000 ) ) ;
#501 = CARTESIAN_POINT ( 'NONE',  ( -41.49192512106460384, 2.000000000000000000, -55.29999999999999005 ) ) ;
#502 = EDGE_CURVE ( 'NONE', #693, #1629, #1303, .T. ) ;
#503 = VERTEX_POINT ( 'NONE', #652 ) ;
#504 = ORIENTED_EDGE ( 'NONE', *, *, #990, .F. ) ;
#505 = ORIENTED_EDGE ( 'NONE', *, *, #243, .T. ) ;
#506 = EDGE_CURVE ( 'NONE', #2373, #381, #907, .T. ) ;
#507 = LINE ( 'NONE', #2659, #391 ) ;
#508 = DIRECTION ( 'NONE',  ( 1.000000000000000000, 0.000000000000000000, 0.000000000000000000 ) ) ;
#509 = CARTESIAN_POINT ( 'NONE',  ( -38.28302379914202191, 4.000000000000000000, -26.69999999999998153 ) ) ;
#510 = FACE_OUTER_BOUND ( 'NONE', #2384, .T. ) ;
#511 = ORIENTED_EDGE ( 'NONE', *, *, #2394, .F. ) ;
#512 = CARTESIAN_POINT ( 'NONE',  ( 6.263366740599051852, 4.000000000000000000, -54.45508619108274218 ) ) ;
#513 = DIRECTION ( 'NONE',  ( 0.000000000000000000, -1.000000000000000000, 0.000000000000000000 ) ) ;
#514 = VECTOR ( 'NONE', #2444, 1000.000000000000000 ) ;
#515 = EDGE_CURVE ( 'NONE', #1981, #312, #2174, .T. ) ;
#516 = AXIS2_PLACEMENT_3D ( 'NONE', #77, #1575, #1634 ) ;
#517 = ORIENTED_EDGE ( 'NONE', *, *, #1388, .F. ) ;
#518 = VECTOR ( 'NONE', #1558, 1000.000000000000000 ) ;
#519 = ORIENTED_EDGE ( 'NONE', *, *, #1126, .T. ) ;
#520 = DIRECTION ( 'NONE',  ( 1.000000000000000000, 0.000000000000000000, -1.721809901713952306E-16 ) ) ;
#521 = PERSON_AND_ORGANIZATION_ROLE ( 'design_supplier' ) ;
#522 = DIRECTION ( 'NONE',  ( -1.704004914849705069E-16, 0.000000000000000000, -1.000000000000000000 ) ) ;
#523 = DIRECTION ( 'NONE',  ( -1.000000000000000000, 0.000000000000000000, 2.843808977011158816E-16 ) ) ;
#524 = CARTESIAN_POINT ( 'NONE',  ( -51.88302379914203044, 2.000000000000000000, -14.19999999999997975 ) ) ;
#525 = EDGE_LOOP ( 'NONE', ( #44, #2067, #1653, #1769 ) ) ;
#526 = DIRECTION ( 'NONE',  ( -0.5773502691896205130, 0.5773502691896363892, -0.5773502691896205130 ) ) ;
#527 = CARTESIAN_POINT ( 'NONE',  ( 6.263366740599053628, 2.000000000000000000, -14.19999999999997975 ) ) ;
#528 = EDGE_CURVE ( 'NONE', #1459, #1017, #1488, .T. ) ;
#529 = ORIENTED_EDGE ( 'NONE', *, *, #146, .T. ) ;
#530 = PLANE ( 'NONE',  #2452 ) ;
#531 = EDGE_CURVE ( 'NONE', #1639, #1664, #853, .T. ) ;
#532 = ORIENTED_EDGE ( 'NONE', *, *, #1805, .T. ) ;
#533 = AXIS2_PLACEMENT_3D ( 'NONE', #1464, #2122, #1623 ) ;
#534 = CARTESIAN_POINT ( 'NONE',  ( -77.89192512106460242, 2.000000000000000000, -36.79999999999984794 ) ) ;
#535 = CC_DESIGN_SECURITY_CLASSIFICATION ( #1433, ( #1799 ) ) ;
#536 = CARTESIAN_POINT ( 'NONE',  ( -53.99192512106459674, 2.000000000000000000, 46.14218180872160957 ) ) ;
#537 = CARTESIAN_POINT ( 'NONE',  ( -44.28302379914202191, 2.500000000000000444, -26.69999999999998153 ) ) ;
#538 = ORIENTED_EDGE ( 'NONE', *, *, #1428, .F. ) ;
#539 = EDGE_CURVE ( 'NONE', #422, #2515, #2362, .T. ) ;
#540 = LINE ( 'NONE', #512, #2412 ) ;
#541 = CARTESIAN_POINT ( 'NONE',  ( -30.68302379914201339, 4.000000000000000000, 0.000000000000000000 ) ) ;
#542 = DIRECTION ( 'NONE',  ( -0.000000000000000000, -1.000000000000000000, -0.000000000000000000 ) ) ;
#543 = VERTEX_POINT ( 'NONE', #242 ) ;
#544 = DIRECTION ( 'NONE',  ( -0.000000000000000000, -1.000000000000000000, -0.000000000000000000 ) ) ;
#545 = VERTEX_POINT ( 'NONE', #218 ) ;
#546 = EDGE_CURVE ( 'NONE', #2282, #1926, #1058, .T. ) ;
#547 = COORDINATED_UNIVERSAL_TIME_OFFSET ( 5, 0, .BEHIND. ) ;
#548 = ADVANCED_FACE ( 'NONE', ( #1072 ), #1945, .T. ) ;
#549 = DIRECTION ( 'NONE',  ( -2.010876612043787260E-16, 0.7071067811865411334, -0.7071067811865539010 ) ) ;
#550 = DIRECTION ( 'NONE',  ( 1.704004914849705069E-16, 0.000000000000000000, 1.000000000000000000 ) ) ;
#551 = DIRECTION ( 'NONE',  ( 0.000000000000000000, 0.000000000000000000, 1.000000000000000000 ) ) ;
#552 = EDGE_LOOP ( 'NONE', ( #57, #1387, #753, #903, #1331 ) ) ;
#553 = CARTESIAN_POINT ( 'NONE',  ( -57.89192512106446031, 2.000000000000000000, -56.79999999999999005 ) ) ;
#554 = ORIENTED_EDGE ( 'NONE', *, *, #1614, .F. ) ;
#555 = FACE_OUTER_BOUND ( 'NONE', #70, .T. ) ;
#556 = ORIENTED_EDGE ( 'NONE', *, *, #1328, .F. ) ;
#557 = VECTOR ( 'NONE', #459, 1000.000000000000000 ) ;
#558 = CARTESIAN_POINT ( 'NONE',  ( -1.859099876141180502E-14, 4.000000000000000000, -56.80000000000000426 ) ) ;
#559 = VECTOR ( 'NONE', #238, 1000.000000000000000 ) ;
#560 = CARTESIAN_POINT ( 'NONE',  ( -36.53302379914202902, 4.000000000000000000, 0.000000000000000000 ) ) ;
#561 = VECTOR ( 'NONE', #2151, 1000.000000000000000 ) ;
#562 = ORIENTED_EDGE ( 'NONE', *, *, #2247, .T. ) ;
#563 = DATE_AND_TIME ( #2063, #980 ) ;
#564 = VECTOR ( 'NONE', #1289, 1000.000000000000000 ) ;
#565 = CARTESIAN_POINT ( 'NONE',  ( 8.086242396131360977, 2.000000000000000000, -34.85508619108274786 ) ) ;
#566 = PLANE ( 'NONE',  #516 ) ;
#567 = LINE ( 'NONE', #1164, #1553 ) ;
#568 = ORIENTED_EDGE ( 'NONE', *, *, #314, .F. ) ;
#569 = CARTESIAN_POINT ( 'NONE',  ( -52.49192512106459674, 4.000000000000000000, 45.64218180872161668 ) ) ;
#570 = ORIENTED_EDGE ( 'NONE', *, *, #1372, .T. ) ;
#571 = CARTESIAN_POINT ( 'NONE',  ( -58.99192512106459674, 4.000000000000000000, 0.000000000000000000 ) ) ;
#572 = ORIENTED_EDGE ( 'NONE', *, *, #1159, .F. ) ;
#573 = VECTOR ( 'NONE', #762, 1000.000000000000000 ) ;
#574 = DIRECTION ( 'NONE',  ( 2.102695122396122915E-15, 0.000000000000000000, 1.000000000000000000 ) ) ;
#575 = PLANE ( 'NONE',  #1411 ) ;
#576 = ADVANCED_FACE ( 'NONE', ( #2189 ), #257, .T. ) ;
#577 = VERTEX_POINT ( 'NONE', #2616 ) ;
#578 = DIRECTION ( 'NONE',  ( -0.000000000000000000, -1.000000000000000000, -0.000000000000000000 ) ) ;
#579 = FACE_OUTER_BOUND ( 'NONE', #1907, .T. ) ;
#580 = CARTESIAN_POINT ( 'NONE',  ( -75.39192512106460242, 4.000000000000000000, 0.000000000000000000 ) ) ;
#581 = AXIS2_PLACEMENT_3D ( 'NONE', #1277, #1529, #467 ) ;
#582 = CARTESIAN_POINT ( 'NONE',  ( -58.99192512106459674, 4.000000000000000000, -38.25781819127838901 ) ) ;
#583 = ORIENTED_EDGE ( 'NONE', *, *, #2742, .F. ) ;
#584 = CARTESIAN_POINT ( 'NONE',  ( 0.000000000000000000, 2.000000000000000000, -36.75781819127838901 ) ) ;
#585 = ORIENTED_EDGE ( 'NONE', *, *, #1069, .F. ) ;
#586 = EDGE_CURVE ( 'NONE', #2596, #1709, #893, .T. ) ;
#587 = LINE ( 'NONE', #1911, #2588 ) ;
#588 = EDGE_CURVE ( 'NONE', #2282, #1358, #2404, .T. ) ;
#589 = CARTESIAN_POINT ( 'NONE',  ( -41.49192512106452568, 2.000000000000000000, -24.19999999999997797 ) ) ;
#590 = ORIENTED_EDGE ( 'NONE', *, *, #837, .F. ) ;
#591 = EDGE_CURVE ( 'NONE', #1046, #1955, #507, .T. ) ;
#592 = DIRECTION ( 'NONE',  ( -1.000000000000000000, 0.000000000000000000, 0.000000000000000000 ) ) ;
#593 = CARTESIAN_POINT ( 'NONE',  ( -53.49192512106459674, 2.000000000000000000, 44.64218180872161668 ) ) ;
#594 = FACE_OUTER_BOUND ( 'NONE', #273, .T. ) ;
#595 = ORIENTED_EDGE ( 'NONE', *, *, #2593, .F. ) ;
#596 = LINE ( 'NONE', #394, #639 ) ;
#597 = ORIENTED_EDGE ( 'NONE', *, *, #1816, .T. ) ;
#598 = EDGE_CURVE ( 'NONE', #2349, #1537, #2228, .T. ) ;
#599 = DIRECTION ( 'NONE',  ( -1.000000000000000000, 0.000000000000000000, 3.273063162220388353E-16 ) ) ;
#600 = VECTOR ( 'NONE', #1665, 1000.000000000000000 ) ;
#601 = VERTEX_POINT ( 'NONE', #343 ) ;
#602 = ORIENTED_EDGE ( 'NONE', *, *, #43, .T. ) ;
#603 = CARTESIAN_POINT ( 'NONE',  ( -41.49192512106460384, 2.000000000000000000, -40.65508619108271660 ) ) ;
#604 = DIRECTION ( 'NONE',  ( 0.000000000000000000, 0.000000000000000000, 1.000000000000000000 ) ) ;
#605 = CIRCLE ( 'NONE', #202, 2.000000000000001776 ) ;
#606 = PLANE ( 'NONE',  #533 ) ;
#607 = CYLINDRICAL_SURFACE ( 'NONE', #2449, 9.999999999999998224 ) ;
#608 = FACE_OUTER_BOUND ( 'NONE', #2694, .T. ) ;
#609 = ORIENTED_EDGE ( 'NONE', *, *, #2306, .F. ) ;
#610 = EDGE_CURVE ( 'NONE', #1765, #1155, #1824, .T. ) ;
#611 = CARTESIAN_POINT ( 'NONE',  ( -32.18302379914201339, 4.000000000000000000, -55.29999999999999716 ) ) ;
#612 = VECTOR ( 'NONE', #2455, 1000.000000000000000 ) ;
#613 = ORIENTED_EDGE ( 'NONE', *, *, #2578, .F. ) ;
#614 = AXIS2_PLACEMENT_3D ( 'NONE', #942, #2680, #82 ) ;
#615 = EDGE_CURVE ( 'NONE', #461, #2464, #946, .T. ) ;
#616 = DIRECTION ( 'NONE',  ( -1.000000000000000000, 0.000000000000000000, 2.843808977011158816E-16 ) ) ;
#617 = CARTESIAN_POINT ( 'NONE',  ( 6.263366740599051852, 4.000000000000000000, -54.45508619108274218 ) ) ;
#618 = LINE ( 'NONE', #207, #1683 ) ;
#619 = CYLINDRICAL_SURFACE ( 'NONE', #1680, 19.99999999999999645 ) ;
#620 = ORIENTED_EDGE ( 'NONE', *, *, #2139, .T. ) ;
#621 = EDGE_CURVE ( 'NONE', #852, #2461, #1359, .T. ) ;
#622 = AXIS2_PLACEMENT_3D ( 'NONE', #2008, #2408, #1133 ) ;
#623 = CARTESIAN_POINT ( 'NONE',  ( -52.07771155869151158, 2.085786437626893974, 46.05639537109471604 ) ) ;
#624 = PLANE ( 'NONE',  #2724 ) ;
#625 = ORIENTED_EDGE ( 'NONE', *, *, #962, .T. ) ;
#626 = VERTEX_POINT ( 'NONE', #327 ) ;
#627 = ORIENTED_EDGE ( 'NONE', *, *, #1174, .T. ) ;
#628 = CARTESIAN_POINT ( 'NONE',  ( -36.53302379914202902, 2.500000000000014211, -55.29999999999999716 ) ) ;
#629 = EDGE_CURVE ( 'NONE', #137, #2585, #1091, .T. ) ;
#630 = CARTESIAN_POINT ( 'NONE',  ( -30.68302379914201339, 2.500000000000000444, -55.95508619108273507 ) ) ;
#631 = DIRECTION ( 'NONE',  ( -0.000000000000000000, -1.000000000000000000, -0.000000000000000000 ) ) ;
#632 = DIRECTION ( 'NONE',  ( -0.000000000000000000, -1.000000000000000000, -0.000000000000000000 ) ) ;
#633 = ORIENTED_EDGE ( 'NONE', *, *, #2450, .F. ) ;
#634 = LINE ( 'NONE', #420, #482 ) ;
#635 = CARTESIAN_POINT ( 'NONE',  ( -37.78302379914203613, 2.000000000000000000, -14.19999999999997975 ) ) ;
#636 = ORIENTED_EDGE ( 'NONE', *, *, #2696, .T. ) ;
#637 = ORIENTED_EDGE ( 'NONE', *, *, #904, .T. ) ;
#638 = EDGE_CURVE ( 'NONE', #27, #918, #74, .T. ) ;
#639 = VECTOR ( 'NONE', #1908, 1000.000000000000000 ) ;
#640 = DIRECTION ( 'NONE',  ( 0.000000000000000000, 0.000000000000000000, 1.000000000000000000 ) ) ;
#641 = CARTESIAN_POINT ( 'NONE',  ( -30.68302379914201339, 2.000000000000000000, -14.19999999999997975 ) ) ;
#642 = CARTESIAN_POINT ( 'NONE',  ( -38.28302379914202191, 2.500000000000000444, -26.69999999999998153 ) ) ;
#643 = CARTESIAN_POINT ( 'NONE',  ( -1.087979268132183381E-14, 4.000000000000000000, -38.25781819127840322 ) ) ;
#644 = LINE ( 'NONE', #1076, #864 ) ;
#645 = AXIS2_PLACEMENT_3D ( 'NONE', #1700, #1210, #1462 ) ;
#646 = VERTEX_POINT ( 'NONE', #936 ) ;
#647 = CARTESIAN_POINT ( 'NONE',  ( -75.39192512106460242, 4.000000000000000000, 0.000000000000000000 ) ) ;
#648 = CARTESIAN_POINT ( 'NONE',  ( -69.20598572397179282, 10.18593939709285401, -30.57187879418545151 ) ) ;
#649 = ORIENTED_EDGE ( 'NONE', *, *, #764, .F. ) ;
#650 = ORIENTED_EDGE ( 'NONE', *, *, #2487, .F. ) ;
#651 = EDGE_CURVE ( 'NONE', #2000, #419, #605, .T. ) ;
#652 = CARTESIAN_POINT ( 'NONE',  ( -32.18302379914200628, 4.000000000000000000, -40.15508619108275212 ) ) ;
#653 = PLANE ( 'NONE',  #1796 ) ;
#654 = LINE ( 'NONE', #2366, #2672 ) ;
#655 = CARTESIAN_POINT ( 'NONE',  ( -44.28302379914202191, 4.000000000000000000, -26.69999999999998153 ) ) ;
#656 = ORIENTED_EDGE ( 'NONE', *, *, #2496, .T. ) ;
#657 = FACE_OUTER_BOUND ( 'NONE', #1671, .T. ) ;
#658 = FACE_OUTER_BOUND ( 'NONE', #424, .T. ) ;
#659 = EDGE_CURVE ( 'NONE', #601, #2130, #494, .T. ) ;
#660 = VECTOR ( 'NONE', #1305, 1000.000000000000000 ) ;
#661 = ADVANCED_FACE ( 'NONE', ( #1813 ), #696, .F. ) ;
#662 = ORIENTED_EDGE ( 'NONE', *, *, #1168, .F. ) ;
#663 = EDGE_LOOP ( 'NONE', ( #595, #2611, #766, #742 ) ) ;
#664 = VERTEX_POINT ( 'NONE', #976 ) ;
#665 = DIRECTION ( 'NONE',  ( 0.000000000000000000, 0.000000000000000000, 1.000000000000000000 ) ) ;
#666 = CARTESIAN_POINT ( 'NONE',  ( -31.48302379914201410, 2.000000000000000000, -32.35508619108271944 ) ) ;
#667 = ADVANCED_FACE ( 'NONE', ( #2032 ), #755, .T. ) ;
#668 = CARTESIAN_POINT ( 'NONE',  ( 0.000000000000000000, 2.500000000000000444, 45.64218180872161668 ) ) ;
#669 = LINE ( 'NONE', #1530, #1722 ) ;
#670 = CARTESIAN_POINT ( 'NONE',  ( 6.263366740599053628, 4.000000000000000000, -40.15508619108273081 ) ) ;
#671 = ORIENTED_EDGE ( 'NONE', *, *, #2496, .F. ) ;
#672 = DIRECTION ( 'NONE',  ( 0.000000000000000000, 0.000000000000000000, -1.000000000000000000 ) ) ;
#673 = CARTESIAN_POINT ( 'NONE',  ( -31.03663325940096129, 2.500000000000000444, -40.15508619108275212 ) ) ;
#674 = EDGE_CURVE ( 'NONE', #664, #1611, #1403, .T. ) ;
#675 = ORIENTED_EDGE ( 'NONE', *, *, #1456, .T. ) ;
#676 = ORIENTED_EDGE ( 'NONE', *, *, #214, .T. ) ;
#677 = ORIENTED_EDGE ( 'NONE', *, *, #1667, .F. ) ;
#678 = VERTEX_POINT ( 'NONE', #1803 ) ;
#679 = CARTESIAN_POINT ( 'NONE',  ( -51.88302379914203044, 4.000000000000000000, 0.000000000000000000 ) ) ;
#680 = FACE_OUTER_BOUND ( 'NONE', #152, .T. ) ;
#681 = VECTOR ( 'NONE', #1952, 1000.000000000000000 ) ;
#682 = DIRECTION ( 'NONE',  ( 0.000000000000000000, 0.000000000000000000, 1.000000000000000000 ) ) ;
#683 = PLANE ( 'NONE',  #1500 ) ;
#684 = LINE ( 'NONE', #469, #68 ) ;
#685 = VERTEX_POINT ( 'NONE', #2420 ) ;
#686 = AXIS2_PLACEMENT_3D ( 'NONE', #571, #2737, #1595 ) ;
#687 = CARTESIAN_POINT ( 'NONE',  ( 0.000000000000000000, 4.000000000000000000, -40.15508619108275212 ) ) ;
#688 = VECTOR ( 'NONE', #1921, 1000.000000000000000 ) ;
#689 = CARTESIAN_POINT ( 'NONE',  ( -41.49192512106460384, 2.000000000000000000, -14.19999999999997975 ) ) ;
#690 = VECTOR ( 'NONE', #2203, 1000.000000000000000 ) ;
#691 = EDGE_CURVE ( 'NONE', #503, #1097, #1585, .T. ) ;
#692 = EDGE_LOOP ( 'NONE', ( #154, #649, #2627, #1346, #1026 ) ) ;
#693 = VERTEX_POINT ( 'NONE', #1158 ) ;
#694 = VERTEX_POINT ( 'NONE', #2475 ) ;
#695 = VERTEX_POINT ( 'NONE', #2635 ) ;
#696 = PLANE ( 'NONE',  #871 ) ;
#697 = AXIS2_PLACEMENT_3D ( 'NONE', #1995, #500, #1368 ) ;
#698 = ADVANCED_FACE ( 'NONE', ( #725 ), #1188, .F. ) ;
#699 = CARTESIAN_POINT ( 'NONE',  ( 6.763366740599049187, 2.000000000000000000, -36.35508619108273365 ) ) ;
#700 = ADVANCED_FACE ( 'NONE', ( #740 ), #530, .T. ) ;
#701 = LINE ( 'NONE', #2424, #846 ) ;
#702 = CARTESIAN_POINT ( 'NONE',  ( 0.000000000000000000, 4.000000000000000000, -55.29999999999999716 ) ) ;
#703 = DIRECTION ( 'NONE',  ( -1.000000000000000000, 0.000000000000000000, 0.000000000000000000 ) ) ;
#704 = ORIENTED_EDGE ( 'NONE', *, *, #741, .F. ) ;
#705 = APPROVAL ( #2451, 'UNSPECIFIED' ) ;
#706 = CARTESIAN_POINT ( 'NONE',  ( -58.99192512106459674, 4.000000000000000000, -36.75781819127838901 ) ) ;
#707 = CARTESIAN_POINT ( 'NONE',  ( -75.89192512106458821, 2.000000000000000000, 44.64218180872161668 ) ) ;
#708 = EDGE_CURVE ( 'NONE', #678, #991, #1831, .T. ) ;
#709 = ORIENTED_EDGE ( 'NONE', *, *, #1078, .F. ) ;
#710 = ORIENTED_EDGE ( 'NONE', *, *, #2037, .T. ) ;
#711 = CIRCLE ( 'NONE', #581, 20.00000000000000000 ) ;
#712 = ORIENTED_EDGE ( 'NONE', *, *, #178, .F. ) ;
#713 = CIRCLE ( 'NONE', #1477, 2.000000000000001776 ) ;
#714 = DIRECTION ( 'NONE',  ( 0.000000000000000000, 0.000000000000000000, -1.000000000000000000 ) ) ;
#715 = PERSON_AND_ORGANIZATION ( #75, #2430 ) ;
#716 = EDGE_CURVE ( 'NONE', #2515, #1329, #1628, .T. ) ;
#717 = DIRECTION ( 'NONE',  ( 0.000000000000000000, 1.000000000000000000, -0.000000000000000000 ) ) ;
#718 = DIRECTION ( 'NONE',  ( 0.7071067811865378028, -0.7071067811865573427, 0.000000000000000000 ) ) ;
#719 = LINE ( 'NONE', #36, #1137 ) ;
#720 = EDGE_LOOP ( 'NONE', ( #2532, #341, #1113, #450 ) ) ;
#721 = CARTESIAN_POINT ( 'NONE',  ( 6.763366740599049187, 0.000000000000000000, -54.79999999999999005 ) ) ;
#722 = LINE ( 'NONE', #1109, #557 ) ;
#723 = ORIENTED_EDGE ( 'NONE', *, *, #528, .F. ) ;
#724 = ORIENTED_EDGE ( 'NONE', *, *, #1538, .T. ) ;
#725 = FACE_OUTER_BOUND ( 'NONE', #863, .T. ) ;
#726 = COORDINATED_UNIVERSAL_TIME_OFFSET ( 5, 0, .BEHIND. ) ;
#727 = EDGE_CURVE ( 'NONE', #479, #121, #770, .T. ) ;
#728 = DIRECTION ( 'NONE',  ( -0.000000000000000000, -1.000000000000000000, -0.000000000000000000 ) ) ;
#729 = DIRECTION ( 'NONE',  ( -1.000000000000000000, 0.000000000000000000, 0.000000000000000000 ) ) ;
#730 = CARTESIAN_POINT ( 'NONE',  ( -46.03302379914202191, 4.000000000000000000, -55.29999999999999716 ) ) ;
#731 = EDGE_LOOP ( 'NONE', ( #620, #437, #1272, #876 ) ) ;
#732 = CARTESIAN_POINT ( 'NONE',  ( -25.52201586609491457, -10.26100793304745551, -12.43899206695287418 ) ) ;
#733 = DIRECTION ( 'NONE',  ( 0.000000000000000000, -0.000000000000000000, 1.000000000000000000 ) ) ;
#734 = AXIS2_PLACEMENT_3D ( 'NONE', #222, #830, #8 ) ;
#735 = VECTOR ( 'NONE', #729, 1000.000000000000000 ) ;
#736 = ADVANCED_FACE ( 'NONE', ( #1002 ), #575, .F. ) ;
#737 = VECTOR ( 'NONE', #1526, 1000.000000000000000 ) ;
#738 = ORIENTED_EDGE ( 'NONE', *, *, #922, .F. ) ;
#739 =( BOUNDED_CURVE ( )  B_SPLINE_CURVE ( 3, ( #2725, #817, #2539, #794 ),
 .UNSPECIFIED., .F., .F. ) 
 B_SPLINE_CURVE_WITH_KNOTS ( ( 4, 4 ),
 ( 0.7227342478134258785, 0.7853981633974500554 ),
 .UNSPECIFIED. ) 
 CURVE ( )  GEOMETRIC_REPRESENTATION_ITEM ( )  RATIONAL_B_SPLINE_CURVE ( ( 1.000000000000000000, 0.9996727962427183201, 0.9996727962427183201, 1.000000000000000000 ) ) 
 REPRESENTATION_ITEM ( '' )  );
#740 = FACE_OUTER_BOUND ( 'NONE', #1863, .T. ) ;
#741 = EDGE_CURVE ( 'NONE', #2411, #1044, #751, .T. ) ;
#742 = ORIENTED_EDGE ( 'NONE', *, *, #2499, .F. ) ;
#743 = CARTESIAN_POINT ( 'NONE',  ( -29.48302379914199989, 2.000000000000000000, -34.35508619108273365 ) ) ;
#744 = AXIS2_PLACEMENT_3D ( 'NONE', #2623, #1533, #2354 ) ;
#745 = DIRECTION ( 'NONE',  ( -1.000000000000000000, 0.000000000000000000, 0.000000000000000000 ) ) ;
#746 = DIRECTION ( 'NONE',  ( -0.000000000000000000, -1.000000000000000000, -0.000000000000000000 ) ) ;
#747 = ORIENTED_EDGE ( 'NONE', *, *, #374, .F. ) ;
#748 = LINE ( 'NONE', #1606, #2401 ) ;
#749 = DIRECTION ( 'NONE',  ( -1.000000000000000000, 0.000000000000000000, 0.000000000000000000 ) ) ;
#750 = VECTOR ( 'NONE', #2235, 1000.000000000000000 ) ;
#751 = LINE ( 'NONE', #769, #1234 ) ;
#752 = EDGE_CURVE ( 'NONE', #2250, #1981, #1548, .T. ) ;
#753 = ORIENTED_EDGE ( 'NONE', *, *, #2416, .F. ) ;
#754 = EDGE_CURVE ( 'NONE', #1404, #2706, #2530, .T. ) ;
#755 = PLANE ( 'NONE',  #917 ) ;
#756 = ORIENTED_EDGE ( 'NONE', *, *, #691, .T. ) ;
#757 =( BOUNDED_CURVE ( )  B_SPLINE_CURVE ( 3, ( #1693, #2769, #2544, #623 ),
 .UNSPECIFIED., .F., .T. ) 
 B_SPLINE_CURVE_WITH_KNOTS ( ( 4, 4 ),
 ( 0.7227342478134255455, 0.7853981633974527199 ),
 .UNSPECIFIED. ) 
 CURVE ( )  GEOMETRIC_REPRESENTATION_ITEM ( )  RATIONAL_B_SPLINE_CURVE ( ( 1.000000000000000000, 0.9996727962427180980, 0.9996727962427180980, 1.000000000000000000 ) ) 
 REPRESENTATION_ITEM ( '' )  );
#758 = VECTOR ( 'NONE', #1990, 1000.000000000000000 ) ;
#759 = CALENDAR_DATE ( 2026, 1, 3 ) ;
#760 = LINE ( 'NONE', #1661, #1891 ) ;
#761 = LINE ( 'NONE', #2009, #2722 ) ;
#762 = DIRECTION ( 'NONE',  ( -1.000000000000000000, 0.000000000000000000, 0.000000000000000000 ) ) ;
#763 = ORIENTED_EDGE ( 'NONE', *, *, #1202, .F. ) ;
#764 = EDGE_CURVE ( 'NONE', #2359, #646, #2264, .T. ) ;
#765 = DIRECTION ( 'NONE',  ( -0.000000000000000000, -1.000000000000000000, -0.000000000000000000 ) ) ;
#766 = ORIENTED_EDGE ( 'NONE', *, *, #1882, .T. ) ;
#767 = LINE ( 'NONE', #584, #1540 ) ;
#768 = VERTEX_POINT ( 'NONE', #2520 ) ;
#769 = CARTESIAN_POINT ( 'NONE',  ( -29.48302379914199989, 2.000000000000000000, -34.35508619108273365 ) ) ;
#770 = LINE ( 'NONE', #2305, #1645 ) ;
#771 = EDGE_LOOP ( 'NONE', ( #63, #2170, #2418, #2329, #432, #2397, #1465, #2125, #1278, #1010, #2445, #1555, #1892, #460, #1070, #1626, #597, #1988, #2261, #2568, #2198, #1484, #952, #2468, #1957, #2565, #1004, #1597, #2490, #200, #2643, #1511, #322, #2658, #556, #2385, #987, #1756, #1919, #69, #1348, #1513, #1199, #2342, #2044, #1839, #562, #336, #1833, #2756, #2104, #2278, #1398, #2238 ) ) ;
#772 = PERSON_AND_ORGANIZATION ( #75, #2430 ) ;
#773 = CARTESIAN_POINT ( 'NONE',  ( -58.99192512106459674, 4.000000000000000000, -38.25781819127838901 ) ) ;
#774 = LINE ( 'NONE', #320, #161 ) ;
#775 = CARTESIAN_POINT ( 'NONE',  ( -75.89192512106457400, 2.000000000000000000, 46.64218180872161668 ) ) ;
#776 = ORIENTED_EDGE ( 'NONE', *, *, #1458, .F. ) ;
#777 = CARTESIAN_POINT ( 'NONE',  ( 0.000000000000000000, 2.500000000000000444, -51.15508619108273081 ) ) ;
#778 = ORIENTED_EDGE ( 'NONE', *, *, #1107, .T. ) ;
#779 = CARTESIAN_POINT ( 'NONE',  ( -31.03663325940096129, 2.000000000000000000, -40.65508619108273791 ) ) ;
#780 = ORIENTED_EDGE ( 'NONE', *, *, #1253, .T. ) ;
#781 = AXIS2_PLACEMENT_3D ( 'NONE', #2289, #324, #2472 ) ;
#782 = CARTESIAN_POINT ( 'NONE',  ( -77.33568357076626398, 2.056241550298321563, 46.02685048376611832 ) ) ;
#783 = CARTESIAN_POINT ( 'NONE',  ( -51.88302379914203044, 4.000000000000000000, 0.000000000000000000 ) ) ;
#784 = VECTOR ( 'NONE', #2690, 1000.000000000000000 ) ;
#785 = VECTOR ( 'NONE', #2092, 1000.000000000000000 ) ;
#786 = VERTEX_POINT ( 'NONE', #1627 ) ;
#787 = AXIS2_PLACEMENT_3D ( 'NONE', #2103, #2729, #2087 ) ;
#788 = CARTESIAN_POINT ( 'NONE',  ( -32.18302379914200628, 2.000000000000000000, -34.85508619108274786 ) ) ;
#789 = LINE ( 'NONE', #1447, #688 ) ;
#790 = CARTESIAN_POINT ( 'NONE',  ( -30.68302379914201339, 4.000000000000000000, -56.79999999999999716 ) ) ;
#791 = EDGE_CURVE ( 'NONE', #693, #2596, #2683, .T. ) ;
#792 = PRODUCT_DEFINITION ( 'UNKNOWN', '', #1799, #1385 ) ;
#793 = CARTESIAN_POINT ( 'NONE',  ( 6.263366740599053628, 2.000000000000000000, -50.65508619108273791 ) ) ;
#794 = CARTESIAN_POINT ( 'NONE',  ( 8.177580302972140558, 2.085786437626896639, -34.94087262870963428 ) ) ;
#795 = LINE ( 'NONE', #972, #1772 ) ;
#796 = ORIENTED_EDGE ( 'NONE', *, *, #716, .F. ) ;
#797 = VECTOR ( 'NONE', #198, 1000.000000000000000 ) ;
#798 = CARTESIAN_POINT ( 'NONE',  ( 8.156298390949046961, 2.107068349649992012, -56.23731936941636178 ) ) ;
#799 = LINE ( 'NONE', #2281, #1781 ) ;
#800 = EDGE_CURVE ( 'NONE', #693, #1017, #1862, .T. ) ;
#801 = ORIENTED_EDGE ( 'NONE', *, *, #1737, .F. ) ;
#802 = CARTESIAN_POINT ( 'NONE',  ( 8.763366740599048299, 0.000000000000000000, -36.35508619108274786 ) ) ;
#803 = PLANE ( 'NONE',  #645 ) ;
#804 = AXIS2_PLACEMENT_3D ( 'NONE', #895, #91, #682 ) ;
#805 = EDGE_CURVE ( 'NONE', #1017, #72, #145, .T. ) ;
#806 = FACE_OUTER_BOUND ( 'NONE', #1748, .T. ) ;
#807 = LINE ( 'NONE', #1896, #2144 ) ;
#808 = LINE ( 'NONE', #2350, #600 ) ;
#809 = ORIENTED_EDGE ( 'NONE', *, *, #944, .F. ) ;
#810 = CARTESIAN_POINT ( 'NONE',  ( -53.99192512106459674, 2.500000000000000444, 45.64218180872161668 ) ) ;
#811 = FACE_OUTER_BOUND ( 'NONE', #240, .T. ) ;
#812 = ORIENTED_EDGE ( 'NONE', *, *, #1284, .F. ) ;
#813 = DIRECTION ( 'NONE',  ( -1.000000000000000000, 0.000000000000000000, 2.843808977011158816E-16 ) ) ;
#814 = FACE_OUTER_BOUND ( 'NONE', #451, .T. ) ;
#815 = EDGE_CURVE ( 'NONE', #1371, #1312, #2041, .T. ) ;
#816 = DIRECTION ( 'NONE',  ( 0.000000000000000000, 0.7071067811865378028, 0.7071067811865573427 ) ) ;
#817 = CARTESIAN_POINT ( 'NONE',  ( 8.235730029120434281, 2.027636711478604248, -35.00087345028127572 ) ) ;
#818 = FACE_OUTER_BOUND ( 'NONE', #1525, .T. ) ;
#819 = ORIENTED_EDGE ( 'NONE', *, *, #2614, .F. ) ;
#820 = CARTESIAN_POINT ( 'NONE',  ( -31.03663325940087603, 4.000000000000000000, 6.526057737013951438E-14 ) ) ;
#821 = FACE_OUTER_BOUND ( 'NONE', #929, .T. ) ;
#822 = AXIS2_PLACEMENT_3D ( 'NONE', #418, #1267, #1121 ) ;
#823 = VERTEX_POINT ( 'NONE', #2058 ) ;
#824 = VECTOR ( 'NONE', #1546, 1000.000000000000000 ) ;
#825 = ADVANCED_FACE ( 'NONE', ( #1827 ), #974, .F. ) ;
#826 = DIRECTION ( 'NONE',  ( 0.000000000000000000, 0.000000000000000000, 1.000000000000000000 ) ) ;
#827 = VECTOR ( 'NONE', #440, 1000.000000000000000 ) ;
#828 = CARTESIAN_POINT ( 'NONE',  ( 8.763366740599048299, 2.000000000000000000, -54.79999999999997584 ) ) ;
#829 = ORIENTED_EDGE ( 'NONE', *, *, #1872, .F. ) ;
#830 = DIRECTION ( 'NONE',  ( 0.000000000000000000, 0.000000000000000000, -1.000000000000000000 ) ) ;
#831 = EDGE_LOOP ( 'NONE', ( #724, #2563, #1666, #105, #2435 ) ) ;
#832 = LINE ( 'NONE', #2304, #2459 ) ;
#833 = DIRECTION ( 'NONE',  ( -0.7071067811865573427, -0.7071067811865378028, 0.000000000000000000 ) ) ;
#834 = VECTOR ( 'NONE', #1245, 1000.000000000000000 ) ;
#835 = EDGE_CURVE ( 'NONE', #1097, #2772, #2698, .T. ) ;
#836 = EDGE_LOOP ( 'NONE', ( #1801, #819, #1106, #28 ) ) ;
#837 = EDGE_CURVE ( 'NONE', #2597, #543, #799, .T. ) ;
#838 = ORIENTED_EDGE ( 'NONE', *, *, #2051, .T. ) ;
#839 = ORIENTED_EDGE ( 'NONE', *, *, #1374, .F. ) ;
#840 = CARTESIAN_POINT ( 'NONE',  ( -37.03302379914204323, 2.000000000000000000, -55.29999999999999005 ) ) ;
#841 = CARTESIAN_POINT ( 'NONE',  ( -75.39192512106460242, 4.000000000000000000, -36.75781819127838901 ) ) ;
#842 = AXIS2_PLACEMENT_3D ( 'NONE', #553, #2708, #2082 ) ;
#843 = ORIENTED_EDGE ( 'NONE', *, *, #1768, .T. ) ;
#844 = CARTESIAN_POINT ( 'NONE',  ( -58.99192512106459674, 4.000000000000000000, -36.75781819127838901 ) ) ;
#845 = ORIENTED_EDGE ( 'NONE', *, *, #301, .T. ) ;
#846 = VECTOR ( 'NONE', #728, 1000.000000000000000 ) ;
#847 = LINE ( 'NONE', #435, #2682 ) ;
#848 = FACE_OUTER_BOUND ( 'NONE', #2131, .T. ) ;
#849 = AXIS2_PLACEMENT_3D ( 'NONE', #699, #854, #289 ) ;
#850 = UNCERTAINTY_MEASURE_WITH_UNIT (LENGTH_MEASURE( 1.000000000000000082E-05 ), #276, 'distance_accuracy_value', 'NONE');
#851 = EDGE_LOOP ( 'NONE', ( #1122, #723, #119, #2399 ) ) ;
#852 = VERTEX_POINT ( 'NONE', #358 ) ;
#853 = LINE ( 'NONE', #1501, #2011 ) ;
#854 = DIRECTION ( 'NONE',  ( 0.000000000000000000, 1.000000000000000000, 0.000000000000000000 ) ) ;
#855 = CARTESIAN_POINT ( 'NONE',  ( 6.263366740599033200, 4.000000000000000000, 3.292487673808942313E-15 ) ) ;
#856 = PLANE ( 'NONE',  #2765 ) ;
#857 = DIRECTION ( 'NONE',  ( -1.000000000000000000, 0.000000000000000000, 0.000000000000000000 ) ) ;
#858 = ORIENTED_EDGE ( 'NONE', *, *, #1740, .T. ) ;
#859 = DIRECTION ( 'NONE',  ( 1.000000000000000000, -0.000000000000000000, 0.000000000000000000 ) ) ;
#860 = DIRECTION ( 'NONE',  ( -0.000000000000000000, -1.000000000000000000, -0.000000000000000000 ) ) ;
#861 = EDGE_CURVE ( 'NONE', #2419, #2349, #2741, .T. ) ;
#862 = EDGE_LOOP ( 'NONE', ( #2054, #2345, #1871, #2145 ) ) ;
#863 = EDGE_LOOP ( 'NONE', ( #1247, #79, #1127, #1519 ) ) ;
#864 = VECTOR ( 'NONE', #632, 1000.000000000000000 ) ;
#865 = CARTESIAN_POINT ( 'NONE',  ( -46.03302379914202191, 4.000000000000000000, 0.000000000000000000 ) ) ;
#866 = LINE ( 'NONE', #894, #1209 ) ;
#867 = ADVANCED_FACE ( 'NONE', ( #2074 ), #2714, .F. ) ;
#868 = CARTESIAN_POINT ( 'NONE',  ( -51.49192512106459674, 2.000000000000000000, -14.19999999999990692 ) ) ;
#869 = LINE ( 'NONE', #2206, #1956 ) ;
#870 = LINE ( 'NONE', #2591, #1362 ) ;
#871 = AXIS2_PLACEMENT_3D ( 'NONE', #130, #963, #2436 ) ;
#872 = ORIENTED_EDGE ( 'NONE', *, *, #453, .F. ) ;
#873 = EDGE_CURVE ( 'NONE', #228, #695, #1889, .T. ) ;
#874 = CARTESIAN_POINT ( 'NONE',  ( -52.16904946553229649, 2.000000000000000000, 46.14218180872160957 ) ) ;
#875 = CARTESIAN_POINT ( 'NONE',  ( -76.89192512106460242, 4.000000000000000000, 1.271859142985092382E-14 ) ) ;
#876 = ORIENTED_EDGE ( 'NONE', *, *, #1632, .F. ) ;
#877 = VECTOR ( 'NONE', #574, 1000.000000000000000 ) ;
#878 = ADVANCED_FACE ( 'NONE', ( #2293 ), #157, .F. ) ;
#879 = ORIENTED_EDGE ( 'NONE', *, *, #1581, .T. ) ;
#880 = ORIENTED_EDGE ( 'NONE', *, *, #1761, .T. ) ;
#881 = CARTESIAN_POINT ( 'NONE',  ( -44.28302379914202191, 4.000000000000000000, 0.000000000000000000 ) ) ;
#882 = CARTESIAN_POINT ( 'NONE',  ( -76.89192512106460242, 2.500000000000000444, -38.25781819127838190 ) ) ;
#883 = FACE_OUTER_BOUND ( 'NONE', #1341, .T. ) ;
#884 = DIRECTION ( 'NONE',  ( -0.000000000000000000, -1.000000000000000000, -0.000000000000000000 ) ) ;
#885 = VERTEX_POINT ( 'NONE', #173 ) ;
#886 = DIRECTION ( 'NONE',  ( -1.000000000000000000, 0.000000000000000000, 0.000000000000000000 ) ) ;
#887 = DIRECTION ( 'NONE',  ( 0.5773502691896220673, 0.5773502691896249539, 0.5773502691896302830 ) ) ;
#888 = VECTOR ( 'NONE', #592, 1000.000000000000000 ) ;
#889 = ORIENTED_EDGE ( 'NONE', *, *, #1388, .T. ) ;
#890 = VECTOR ( 'NONE', #1317, 1000.000000000000000 ) ;
#891 = ORIENTED_EDGE ( 'NONE', *, *, #586, .T. ) ;
#892 = ORIENTED_EDGE ( 'NONE', *, *, #1608, .F. ) ;
#893 = LINE ( 'NONE', #679, #2277 ) ;
#894 = CARTESIAN_POINT ( 'NONE',  ( -57.89192512106446031, 2.000000000000000000, -56.79999999999999005 ) ) ;
#895 = CARTESIAN_POINT ( 'NONE',  ( -57.89192512106460242, 0.000000000000000000, -36.79999999999999005 ) ) ;
#896 = FACE_BOUND ( 'NONE', #84, .T. ) ;
#897 = LINE ( 'NONE', #1764, #1641 ) ;
#898 = ORIENTED_EDGE ( 'NONE', *, *, #2531, .F. ) ;
#899 = ADVANCED_FACE ( 'NONE', ( #811 ), #410, .T. ) ;
#900 = LINE ( 'NONE', #1766, #1736 ) ;
#901 = DIRECTION ( 'NONE',  ( 0.000000000000000000, 0.000000000000000000, -1.000000000000000000 ) ) ;
#902 = ORIENTED_EDGE ( 'NONE', *, *, #708, .F. ) ;
#903 = ORIENTED_EDGE ( 'NONE', *, *, #2098, .T. ) ;
#904 = EDGE_CURVE ( 'NONE', #991, #2373, #2770, .T. ) ;
#905 = VERTEX_POINT ( 'NONE', #2595 ) ;
#906 = VERTEX_POINT ( 'NONE', #1270 ) ;
#907 = LINE ( 'NONE', #628, #253 ) ;
#908 = PRODUCT_RELATED_PRODUCT_CATEGORY ( 'detail', '', ( #1757 ) ) ;
#909 = VECTOR ( 'NONE', #208, 1000.000000000000000 ) ;
#910 = CARTESIAN_POINT ( 'NONE',  ( -5.621661989761596701, 15.88502873036108731, -26.77005746072201475 ) ) ;
#911 = PLANE ( 'NONE',  #1592 ) ;
#912 = DIRECTION ( 'NONE',  ( 0.000000000000000000, 0.000000000000000000, -1.000000000000000000 ) ) ;
#913 = VERTEX_POINT ( 'NONE', #2113 ) ;
#914 = VECTOR ( 'NONE', #497, 1000.000000000000000 ) ;
#915 = VECTOR ( 'NONE', #348, 1000.000000000000000 ) ;
#916 = LINE ( 'NONE', #96, #1230 ) ;
#917 = AXIS2_PLACEMENT_3D ( 'NONE', #1613, #1598, #2266 ) ;
#918 = VERTEX_POINT ( 'NONE', #1912 ) ;
#919 = ORIENTED_EDGE ( 'NONE', *, *, #1982, .T. ) ;
#920 = ORIENTED_EDGE ( 'NONE', *, *, #2142, .T. ) ;
#921 = ADVANCED_FACE ( 'NONE', ( #658 ), #624, .F. ) ;
#922 = EDGE_CURVE ( 'NONE', #2419, #1758, #1900, .T. ) ;
#923 = DIRECTION ( 'NONE',  ( -1.000000000000000000, 0.000000000000000000, 0.000000000000000000 ) ) ;
#924 = AXIS2_PLACEMENT_3D ( 'NONE', #2093, #1008, #1881 ) ;
#925 = DATE_AND_TIME ( #1160, #1347 ) ;
#926 = FACE_OUTER_BOUND ( 'NONE', #1909, .T. ) ;
#927 = FACE_OUTER_BOUND ( 'NONE', #197, .T. ) ;
#928 = DIRECTION ( 'NONE',  ( -0.000000000000000000, -1.000000000000000000, -0.000000000000000000 ) ) ;
#929 = EDGE_LOOP ( 'NONE', ( #583, #2372, #538, #2030, #1274, #676 ) ) ;
#930 = LINE ( 'NONE', #732, #2006 ) ;
#931 = CARTESIAN_POINT ( 'NONE',  ( 7.886171131438001858, 2.000000000000000000, -56.45508619108272796 ) ) ;
#932 = EDGE_LOOP ( 'NONE', ( #2592, #945, #2554, #1860 ) ) ;
#933 = VECTOR ( 'NONE', #116, 1000.000000000000000 ) ;
#934 = VERTEX_POINT ( 'NONE', #1029 ) ;
#935 = ADVANCED_FACE ( 'NONE', ( #848 ), #186, .F. ) ;
#936 = CARTESIAN_POINT ( 'NONE',  ( -76.89192512106458821, 2.500000000000000444, 45.64218180872161668 ) ) ;
#937 = PERSON_AND_ORGANIZATION_ROLE ( 'classification_officer' ) ;
#938 = LINE ( 'NONE', #603, #933 ) ;
#939 = DIRECTION ( 'NONE',  ( -1.000000000000000000, 0.000000000000000000, -0.000000000000000000 ) ) ;
#940 = CARTESIAN_POINT ( 'NONE',  ( -53.49192512106459674, 0.000000000000000000, 44.64218180872161668 ) ) ;
#941 = ORIENTED_EDGE ( 'NONE', *, *, #2225, .F. ) ;
#942 = CARTESIAN_POINT ( 'NONE',  ( -33.48302379914201765, 2.000000000000000000, -26.19999999999997797 ) ) ;
#943 = CARTESIAN_POINT ( 'NONE',  ( -32.18302379914200628, 2.500000000000000444, -40.15508619108275212 ) ) ;
#944 = EDGE_CURVE ( 'NONE', #601, #2774, #2545, .T. ) ;
#945 = ORIENTED_EDGE ( 'NONE', *, *, #1382, .T. ) ;
#946 = LINE ( 'NONE', #1130, #2146 ) ;
#947 = ORIENTED_EDGE ( 'NONE', *, *, #1752, .T. ) ;
#948 = DATE_AND_TIME ( #2021, #2160 ) ;
#949 = CARTESIAN_POINT ( 'NONE',  ( -58.99192512106459674, 2.000000000000000000, 46.14218180872162378 ) ) ;
#950 = DIRECTION ( 'NONE',  ( -0.000000000000000000, -1.000000000000000000, -0.000000000000000000 ) ) ;
#951 = FACE_OUTER_BOUND ( 'NONE', #1499, .T. ) ;
#952 = ORIENTED_EDGE ( 'NONE', *, *, #179, .T. ) ;
#953 = EDGE_CURVE ( 'NONE', #1426, #175, #25, .T. ) ;
#954 = CARTESIAN_POINT ( 'NONE',  ( -77.24613786186601772, 2.027636711478605136, 46.11454509724300266 ) ) ;
#955 = LINE ( 'NONE', #1427, #1637 ) ;
#956 = VECTOR ( 'NONE', #1466, 1000.000000000000000 ) ;
#957 = ADVANCED_FACE ( 'NONE', ( #821 ), #1682, .T. ) ;
#958 = AXIS2_PLACEMENT_3D ( 'NONE', #2523, #1250, #1880 ) ;
#959 = CARTESIAN_POINT ( 'NONE',  ( -76.89192512106458821, 2.500000000000000444, 45.64218180872161668 ) ) ;
#960 = VECTOR ( 'NONE', #1850, 1000.000000000000000 ) ;
#961 = ORIENTED_EDGE ( 'NONE', *, *, #2696, .F. ) ;
#962 = EDGE_CURVE ( 'NONE', #2042, #1639, #2355, .T. ) ;
#963 = DIRECTION ( 'NONE',  ( 0.000000000000000000, 1.000000000000000000, -0.000000000000000000 ) ) ;
#964 = ORIENTED_EDGE ( 'NONE', *, *, #805, .T. ) ;
#965 = CARTESIAN_POINT ( 'NONE',  ( 6.763366740599034976, 2.000000000000000000, -34.35508619108273365 ) ) ;
#966 = VECTOR ( 'NONE', #1593, 1000.000000000000000 ) ;
#967 = DIRECTION ( 'NONE',  ( 1.486829979814179225E-15, -0.7071067811865474617, 0.7071067811865474617 ) ) ;
#968 = PLANE ( 'NONE',  #2718 ) ;
#969 = VERTEX_POINT ( 'NONE', #225 ) ;
#970 = LINE ( 'NONE', #1179, #265 ) ;
#971 = ORIENTED_EDGE ( 'NONE', *, *, #546, .T. ) ;
#972 = CARTESIAN_POINT ( 'NONE',  ( 6.263366740599051852, 4.000000000000000000, -36.85508619108274075 ) ) ;
#973 = VERTEX_POINT ( 'NONE', #611 ) ;
#974 = PLANE ( 'NONE',  #787 ) ;
#975 = ORIENTED_EDGE ( 'NONE', *, *, #1800, .F. ) ;
#976 = CARTESIAN_POINT ( 'NONE',  ( -51.88302379914203044, 2.500000000000014211, -32.69999999999997442 ) ) ;
#977 = ORIENTED_EDGE ( 'NONE', *, *, #334, .F. ) ;
#978 = AXIS2_PLACEMENT_3D ( 'NONE', #378, #1225, #2095 ) ;
#979 = DIRECTION ( 'NONE',  ( 1.000000000000000000, 0.000000000000000000, -0.000000000000000000 ) ) ;
#980 = LOCAL_TIME ( 23, 18, 56.00000000000000000, #1361 ) ;
#981 = CARTESIAN_POINT ( 'NONE',  ( 8.763366740599048299, 2.000000000000000000, -54.79999999999997584 ) ) ;
#982 = LINE ( 'NONE', #1855, #1283 ) ;
#983 = ORIENTED_EDGE ( 'NONE', *, *, #638, .F. ) ;
#984 = DIRECTION ( 'NONE',  ( -1.000000000000000000, 0.000000000000000000, 3.273063162220388353E-16 ) ) ;
#985 = EDGE_LOOP ( 'NONE', ( #1354, #747, #1812, #585 ) ) ;
#986 = DIRECTION ( 'NONE',  ( -0.000000000000000000, -1.000000000000000000, -0.000000000000000000 ) ) ;
#987 = ORIENTED_EDGE ( 'NONE', *, *, #615, .T. ) ;
#988 = CYLINDRICAL_SURFACE ( 'NONE', #1376, 2.000000000000001776 ) ;
#989 = CARTESIAN_POINT ( 'NONE',  ( -51.49192512106459674, 2.000000000000000000, 44.64218180872160247 ) ) ;
#990 = EDGE_CURVE ( 'NONE', #685, #147, #2127, .T. ) ;
#991 = VERTEX_POINT ( 'NONE', #1483 ) ;
#992 = LINE ( 'NONE', #1446, #2334 ) ;
#993 = DIRECTION ( 'NONE',  ( 0.000000000000000000, 0.000000000000000000, -1.000000000000000000 ) ) ;
#994 = CARTESIAN_POINT ( 'NONE',  ( 0.000000000000000000, 4.000000000000000000, 0.000000000000000000 ) ) ;
#995 = CC_DESIGN_PERSON_AND_ORGANIZATION_ASSIGNMENT ( #1616, #2437, ( #792 ) ) ;
#996 = CARTESIAN_POINT ( 'NONE',  ( -31.03663325940083695, 4.000000000000000000, 6.526057737013956487E-14 ) ) ;
#997 = FACE_OUTER_BOUND ( 'NONE', #2633, .T. ) ;
#998 = ADVANCED_FACE ( 'NONE', ( #1259 ), #2370, .F. ) ;
#999 = ORIENTED_EDGE ( 'NONE', *, *, #252, .T. ) ;
#1000 = VECTOR ( 'NONE', #1949, 1000.000000000000000 ) ;
#1001 = DIRECTION ( 'NONE',  ( 0.000000000000000000, 0.000000000000000000, -1.000000000000000000 ) ) ;
#1002 = FACE_OUTER_BOUND ( 'NONE', #2664, .T. ) ;
#1003 = AXIS2_PLACEMENT_3D ( 'NONE', #2284, #2309, #1222 ) ;
#1004 = ORIENTED_EDGE ( 'NONE', *, *, #2371, .T. ) ;
#1005 = EDGE_CURVE ( 'NONE', #1178, #1083, #213, .T. ) ;
#1006 = FACE_OUTER_BOUND ( 'NONE', #1497, .T. ) ;
#1007 = DIRECTION ( 'NONE',  ( 1.000000000000000000, 0.000000000000000000, 0.000000000000000000 ) ) ;
#1008 = DIRECTION ( 'NONE',  ( 0.000000000000000000, 0.000000000000000000, -1.000000000000000000 ) ) ;
#1009 = FACE_OUTER_BOUND ( 'NONE', #263, .T. ) ;
#1010 = ORIENTED_EDGE ( 'NONE', *, *, #1913, .T. ) ;
#1011 = LINE ( 'NONE', #2302, #2138 ) ;
#1012 = EDGE_LOOP ( 'NONE', ( #2288, #2526, #1092, #889 ) ) ;
#1013 = VECTOR ( 'NONE', #2167, 1000.000000000000000 ) ;
#1014 = LINE ( 'NONE', #397, #2508 ) ;
#1015 = DIRECTION ( 'NONE',  ( -0.000000000000000000, 0.7071067811865573427, -0.7071067811865378028 ) ) ;
#1016 = ADVANCED_FACE ( 'NONE', ( #1719 ), #1080, .F. ) ;
#1017 = VERTEX_POINT ( 'NONE', #2567 ) ;
#1018 = DIRECTION ( 'NONE',  ( -1.000000000000000000, 0.000000000000000000, -3.614007241618349264E-16 ) ) ;
#1019 = CARTESIAN_POINT ( 'NONE',  ( -31.03663325940094708, 4.000000000000000000, -51.15508619108273791 ) ) ;
#1020 = VECTOR ( 'NONE', #2619, 1000.000000000000000 ) ;
#1021 = VECTOR ( 'NONE', #2571, 1000.000000000000000 ) ;
#1022 = PLANE ( 'NONE',  #88 ) ;
#1023 = ORIENTED_EDGE ( 'NONE', *, *, #252, .F. ) ;
#1024 = CARTESIAN_POINT ( 'NONE',  ( -41.49192512106460384, 2.000000000000000000, -55.29999999999999005 ) ) ;
#1025 = VECTOR ( 'NONE', #2748, 1000.000000000000114 ) ;
#1026 = ORIENTED_EDGE ( 'NONE', *, *, #1761, .F. ) ;
#1027 = EDGE_CURVE ( 'NONE', #422, #1308, #436, .T. ) ;
#1028 = CARTESIAN_POINT ( 'NONE',  ( -37.78302379914203613, 2.000000000000000000, -24.69999999999999218 ) ) ;
#1029 = CARTESIAN_POINT ( 'NONE',  ( -53.49192512106461095, 0.000000000000000000, 46.64218180872161668 ) ) ;
#1030 = EDGE_CURVE ( 'NONE', #470, #2359, #2580, .T. ) ;
#1031 = ORIENTED_EDGE ( 'NONE', *, *, #651, .F. ) ;
#1032 = ORIENTED_EDGE ( 'NONE', *, *, #1498, .F. ) ;
#1033 = CARTESIAN_POINT ( 'NONE',  ( 8.763366740599048299, 0.000000000000000000, -54.79999999999997584 ) ) ;
#1034 = DIRECTION ( 'NONE',  ( -1.000000000000000000, 0.000000000000000000, 1.721809901713952306E-16 ) ) ;
#1035 = CYLINDRICAL_SURFACE ( 'NONE', #978, 2.000000000000001776 ) ;
#1036 = PLANE ( 'NONE',  #1643 ) ;
#1037 = CARTESIAN_POINT ( 'NONE',  ( -31.03663325940096129, 4.000000000000000000, -40.15508619108275212 ) ) ;
#1038 = EDGE_LOOP ( 'NONE', ( #2417, #2132, #216, #1172 ) ) ;
#1039 = EDGE_CURVE ( 'NONE', #2464, #1570, #205, .T. ) ;
#1040 = CARTESIAN_POINT ( 'NONE',  ( -58.99192512106459674, 2.500000000000000444, -38.25781819127838901 ) ) ;
#1041 = EDGE_CURVE ( 'NONE', #1955, #9, #916, .T. ) ;
#1042 = DIRECTION ( 'NONE',  ( 1.654086747057742358E-16, 0.000000000000000000, 1.000000000000000000 ) ) ;
#1043 = AXIS2_PLACEMENT_3D ( 'NONE', #100, #2671, #288 ) ;
#1044 = VERTEX_POINT ( 'NONE', #1566 ) ;
#1045 = AXIS2_PLACEMENT_3D ( 'NONE', #1090, #246, #1340 ) ;
#1046 = VERTEX_POINT ( 'NONE', #489 ) ;
#1047 = VECTOR ( 'NONE', #2176, 1000.000000000000000 ) ;
#1048 = LINE ( 'NONE', #1865, #690 ) ;
#1049 = AXIS2_PLACEMENT_3D ( 'NONE', #1934, #465, #1742 ) ;
#1050 = CARTESIAN_POINT ( 'NONE',  ( -58.99192512106459674, 2.000000000000000000, 44.14218180872160957 ) ) ;
#1051 = ORIENTED_EDGE ( 'NONE', *, *, #922, .T. ) ;
#1052 = DIRECTION ( 'NONE',  ( 0.000000000000000000, 0.000000000000000000, 1.000000000000000000 ) ) ;
#1053 = ORIENTED_EDGE ( 'NONE', *, *, #2142, .F. ) ;
#1054 = LINE ( 'NONE', #1951, #1649 ) ;
#1055 = CARTESIAN_POINT ( 'NONE',  ( -31.03663325940096129, 2.500000000000032863, -40.15508619108271660 ) ) ;
#1056 = ORIENTED_EDGE ( 'NONE', *, *, #629, .T. ) ;
#1057 = ORIENTED_EDGE ( 'NONE', *, *, #2121, .F. ) ;
#1058 = LINE ( 'NONE', #1960, #827 ) ;
#1059 = EDGE_CURVE ( 'NONE', #2333, #2265, #1767, .T. ) ;
#1060 = DIRECTION ( 'NONE',  ( 0.000000000000000000, 0.000000000000000000, -1.000000000000000000 ) ) ;
#1061 = VECTOR ( 'NONE', #318, 1000.000000000000000 ) ;
#1062 = LINE ( 'NONE', #1120, #2398 ) ;
#1063 = CARTESIAN_POINT ( 'NONE',  ( -38.28302379914202191, 2.500000000000000444, 0.000000000000000000 ) ) ;
#1064 = ORIENTED_EDGE ( 'NONE', *, *, #502, .T. ) ;
#1065 = LINE ( 'NONE', #1079, #439 ) ;
#1066 = DIRECTION ( 'NONE',  ( 0.000000000000000000, 0.000000000000000000, 1.000000000000000000 ) ) ;
#1067 = ORIENTED_EDGE ( 'NONE', *, *, #1059, .T. ) ;
#1068 = ORIENTED_EDGE ( 'NONE', *, *, #2645, .T. ) ;
#1069 = EDGE_CURVE ( 'NONE', #1083, #1097, #1784, .T. ) ;
#1070 = ORIENTED_EDGE ( 'NONE', *, *, #591, .T. ) ;
#1071 = ADVANCED_FACE ( 'NONE', ( #295 ), #2624, .F. ) ;
#1072 = FACE_OUTER_BOUND ( 'NONE', #345, .T. ) ;
#1073 = DIRECTION ( 'NONE',  ( -0.000000000000000000, -1.000000000000000000, -0.000000000000000000 ) ) ;
#1074 = PLANE ( 'NONE',  #138 ) ;
#1075 = DIRECTION ( 'NONE',  ( 1.000000000000000000, 0.000000000000000000, 0.000000000000000000 ) ) ;
#1076 = CARTESIAN_POINT ( 'NONE',  ( -41.49192512106452568, 2.000000000000000000, -24.19999999999997797 ) ) ;
#1077 = ORIENTED_EDGE ( 'NONE', *, *, #1141, .F. ) ;
#1078 = EDGE_CURVE ( 'NONE', #2252, #381, #83, .T. ) ;
#1079 = CARTESIAN_POINT ( 'NONE',  ( 0.000000000000000000, 4.000000000000000000, -36.85508619108274075 ) ) ;
#1080 = PLANE ( 'NONE',  #1720 ) ;
#1081 = VERTEX_POINT ( 'NONE', #1534 ) ;
#1082 = EDGE_LOOP ( 'NONE', ( #1068, #1739, #712, #1898 ) ) ;
#1083 = VERTEX_POINT ( 'NONE', #673 ) ;
#1084 = EDGE_CURVE ( 'NONE', #1243, #685, #2667, .T. ) ;
#1085 = AXIS2_PLACEMENT_3D ( 'NONE', #541, #749, #1399 ) ;
#1086 = DIRECTION ( 'NONE',  ( 0.7071067811865573427, 0.7071067811865378028, -0.000000000000000000 ) ) ;
#1087 = AXIS2_PLACEMENT_3D ( 'NONE', #1715, #1075, #2574 ) ;
#1088 = DIRECTION ( 'NONE',  ( 0.000000000000000000, 0.000000000000000000, -1.000000000000000000 ) ) ;
#1089 = DIRECTION ( 'NONE',  ( 0.000000000000000000, -0.000000000000000000, -1.000000000000000000 ) ) ;
#1090 = CARTESIAN_POINT ( 'NONE',  ( -76.89192512106460242, 4.000000000000000000, 1.271859142985092382E-14 ) ) ;
#1091 = CIRCLE ( 'NONE', #2402, 2.000000000000001776 ) ;
#1092 = ORIENTED_EDGE ( 'NONE', *, *, #2115, .F. ) ;
#1093 = DIRECTION ( 'NONE',  ( 1.000000000000000000, 0.000000000000000000, -0.000000000000000000 ) ) ;
#1094 = LINE ( 'NONE', #2641, #66 ) ;
#1095 = EDGE_LOOP ( 'NONE', ( #662, #401, #2111, #2295, #132 ) ) ;
#1096 = VECTOR ( 'NONE', #2331, 1000.000000000000000 ) ;
#1097 = VERTEX_POINT ( 'NONE', #2181 ) ;
#1098 = ORIENTED_EDGE ( 'NONE', *, *, #610, .F. ) ;
#1099 = ADVANCED_FACE ( 'NONE', ( #2415 ), #2015, .T. ) ;
#1100 = CARTESIAN_POINT ( 'NONE',  ( 0.000000000000000000, 4.000000000000000000, 0.000000000000000000 ) ) ;
#1101 = VECTOR ( 'NONE', #2027, 1000.000000000000000 ) ;
#1102 = CARTESIAN_POINT ( 'NONE',  ( -65.42525845439811860, 13.96666666666653178, 34.17551514205492680 ) ) ;
#1103 = PLANE ( 'NONE',  #1978 ) ;
#1104 = DIRECTION ( 'NONE',  ( 0.000000000000000000, 0.000000000000000000, 1.000000000000000000 ) ) ;
#1105 = CARTESIAN_POINT ( 'NONE',  ( -36.53302379914202902, 4.000000000000000000, -56.79999999999999005 ) ) ;
#1106 = ORIENTED_EDGE ( 'NONE', *, *, #499, .T. ) ;
#1107 = EDGE_CURVE ( 'NONE', #9, #1329, #1094, .T. ) ;
#1108 = CARTESIAN_POINT ( 'NONE',  ( 7.763366740599051852, 4.000000000000000000, -51.15508619108273081 ) ) ;
#1109 = CARTESIAN_POINT ( 'NONE',  ( -58.99192512106459674, 2.500000000000000444, -38.25781819127838901 ) ) ;
#1110 = EDGE_CURVE ( 'NONE', #1939, #147, #474, .T. ) ;
#1111 = AXIS2_PLACEMENT_3D ( 'NONE', #1806, #717, #484 ) ;
#1112 = VERTEX_POINT ( 'NONE', #65 ) ;
#1113 = ORIENTED_EDGE ( 'NONE', *, *, #171, .F. ) ;
#1114 = ORIENTED_EDGE ( 'NONE', *, *, #384, .F. ) ;
#1115 = ADVANCED_FACE ( 'NONE', ( #1327 ), #1970, .F. ) ;
#1116 = ORIENTED_EDGE ( 'NONE', *, *, #1445, .F. ) ;
#1117 = CARTESIAN_POINT ( 'NONE',  ( -32.18302379914200628, 2.000000000000000000, -34.85508619108274786 ) ) ;
#1118 =( NAMED_UNIT ( * ) SI_UNIT ( $, .STERADIAN. ) SOLID_ANGLE_UNIT ( ) );
#1119 = CARTESIAN_POINT ( 'NONE',  ( 6.263366740599053628, 4.000000000000000000, -40.15508619108273081 ) ) ;
#1120 = CARTESIAN_POINT ( 'NONE',  ( -38.28302379914202191, 2.500000000000000444, -25.19999999999997797 ) ) ;
#1121 = DIRECTION ( 'NONE',  ( 0.000000000000000000, 0.000000000000000000, 1.000000000000000000 ) ) ;
#1122 = ORIENTED_EDGE ( 'NONE', *, *, #805, .F. ) ;
#1123 = CARTESIAN_POINT ( 'NONE',  ( -53.99192512106459674, 4.000000000000000000, 0.000000000000000000 ) ) ;
#1124 = PLANE ( 'NONE',  #2669 ) ;
#1125 = EDGE_CURVE ( 'NONE', #236, #1046, #2211, .T. ) ;
#1126 = EDGE_CURVE ( 'NONE', #2461, #379, #158, .T. ) ;
#1127 = ORIENTED_EDGE ( 'NONE', *, *, #1251, .F. ) ;
#1128 = ORIENTED_EDGE ( 'NONE', *, *, #1929, .F. ) ;
#1129 = ORIENTED_EDGE ( 'NONE', *, *, #2572, .F. ) ;
#1130 = CARTESIAN_POINT ( 'NONE',  ( -76.89192512106458821, 2.000000000000000000, 46.14218180872162378 ) ) ;
#1131 = CARTESIAN_POINT ( 'NONE',  ( 0.000000000000000000, 2.500000000000000444, -25.19999999999997797 ) ) ;
#1132 = VECTOR ( 'NONE', #1925, 1000.000000000000000 ) ;
#1133 = DIRECTION ( 'NONE',  ( 0.000000000000000000, 0.000000000000000000, -1.000000000000000000 ) ) ;
#1134 = CARTESIAN_POINT ( 'NONE',  ( -32.18302379914200628, 4.000000000000000000, 0.000000000000000000 ) ) ;
#1135 = DIRECTION ( 'NONE',  ( 0.000000000000000000, 0.000000000000000000, -1.000000000000000000 ) ) ;
#1136 = ORIENTED_EDGE ( 'NONE', *, *, #764, .T. ) ;
#1137 = VECTOR ( 'NONE', #884, 1000.000000000000000 ) ;
#1138 = DIRECTION ( 'NONE',  ( 0.000000000000000000, 0.000000000000000000, -1.000000000000000000 ) ) ;
#1139 = VECTOR ( 'NONE', #1034, 1000.000000000000000 ) ;
#1140 = CARTESIAN_POINT ( 'NONE',  ( -52.49192512106459674, 4.000000000000000000, 0.000000000000000000 ) ) ;
#1141 = EDGE_CURVE ( 'NONE', #190, #1856, #722, .T. ) ;
#1142 = AXIS2_PLACEMENT_3D ( 'NONE', #1232, #2486, #1657 ) ;
#1143 = ORIENTED_EDGE ( 'NONE', *, *, #1107, .F. ) ;
#1144 = ORIENTED_EDGE ( 'NONE', *, *, #97, .F. ) ;
#1145 = DIRECTION ( 'NONE',  ( 0.000000000000000000, 1.000000000000000000, -0.000000000000000000 ) ) ;
#1146 = VECTOR ( 'NONE', #2566, 1000.000000000000000 ) ;
#1147 = APPROVAL_STATUS ( 'not_yet_approved' ) ;
#1148 = FACE_OUTER_BOUND ( 'NONE', #836, .T. ) ;
#1149 = CARTESIAN_POINT ( 'NONE',  ( -57.89192512106446031, 0.000000000000000000, -56.79999999999999005 ) ) ;
#1150 = CARTESIAN_POINT ( 'NONE',  ( -31.03663325940096129, 4.000000000000000000, -40.15508619108275212 ) ) ;
#1151 = ORIENTED_EDGE ( 'NONE', *, *, #2711, .F. ) ;
#1152 = ADVANCED_FACE ( 'NONE', ( #283 ), #1124, .T. ) ;
#1153 = CARTESIAN_POINT ( 'NONE',  ( 6.263366740599051852, 4.000000000000000000, 0.000000000000000000 ) ) ;
#1154 = DIRECTION ( 'NONE',  ( -1.000000000000000000, 0.000000000000000000, 0.000000000000000000 ) ) ;
#1155 = VERTEX_POINT ( 'NONE', #1996 ) ;
#1156 = CIRCLE ( 'NONE', #2026, 2.000000000000001776 ) ;
#1157 = ORIENTED_EDGE ( 'NONE', *, *, #1692, .F. ) ;
#1158 = CARTESIAN_POINT ( 'NONE',  ( -46.03302379914202191, 4.000000000000000000, -56.79999999999999005 ) ) ;
#1159 = EDGE_CURVE ( 'NONE', #694, #503, #1580, .T. ) ;
#1160 = CALENDAR_DATE ( 2026, 1, 3 ) ;
#1161 = EDGE_CURVE ( 'NONE', #2166, #2712, #955, .T. ) ;
#1162 = FACE_OUTER_BOUND ( 'NONE', #663, .T. ) ;
#1163 = LINE ( 'NONE', #1854, #2184 ) ;
#1164 = CARTESIAN_POINT ( 'NONE',  ( -31.03663325940095419, 4.000000000000000000, -54.45508619108274218 ) ) ;
#1165 = ORIENTED_EDGE ( 'NONE', *, *, #1541, .T. ) ;
#1166 = PLANE ( 'NONE',  #697 ) ;
#1167 = CARTESIAN_POINT ( 'NONE',  ( -52.10725644602009510, 2.056241550298306020, 46.08594025842330666 ) ) ;
#1168 = EDGE_CURVE ( 'NONE', #2214, #236, #2710, .T. ) ;
#1169 = DIRECTION ( 'NONE',  ( -0.000000000000000000, -0.7071067811865539010, -0.7071067811865411334 ) ) ;
#1170 = ORIENTED_EDGE ( 'NONE', *, *, #539, .T. ) ;
#1171 = DIRECTION ( 'NONE',  ( 0.7071067811865591191, 0.7071067811865359154, 2.555489027805665965E-16 ) ) ;
#1172 = ORIENTED_EDGE ( 'NONE', *, *, #1920, .F. ) ;
#1173 = COORDINATED_UNIVERSAL_TIME_OFFSET ( 5, 0, .BEHIND. ) ;
#1174 = EDGE_CURVE ( 'NONE', #1371, #1300, #1011, .T. ) ;
#1175 = CARTESIAN_POINT ( 'NONE',  ( -41.49192512106452568, 0.000000000000000000, -24.19999999999997797 ) ) ;
#1176 = DIRECTION ( 'NONE',  ( 0.000000000000000000, 0.000000000000000000, -1.000000000000000000 ) ) ;
#1177 = DIRECTION ( 'NONE',  ( -0.000000000000000000, -0.7071067811865474617, 0.7071067811865474617 ) ) ;
#1178 = VERTEX_POINT ( 'NONE', #779 ) ;
#1179 = CARTESIAN_POINT ( 'NONE',  ( 0.000000000000000000, 4.000000000000000000, -55.29999999999999716 ) ) ;
#1180 = VERTEX_POINT ( 'NONE', #2695 ) ;
#1181 = LINE ( 'NONE', #1886, #1452 ) ;
#1182 = VECTOR ( 'NONE', #78, 1000.000000000000000 ) ;
#1183 = ORIENTED_EDGE ( 'NONE', *, *, #334, .T. ) ;
#1184 = VECTOR ( 'NONE', #718, 1000.000000000000000 ) ;
#1185 = DIRECTION ( 'NONE',  ( 1.000000000000000000, -0.000000000000000000, 0.000000000000000000 ) ) ;
#1186 = AXIS2_PLACEMENT_3D ( 'NONE', #303, #1145, #714 ) ;
#1187 = ORIENTED_EDGE ( 'NONE', *, *, #1498, .T. ) ;
#1188 = PLANE ( 'NONE',  #1043 ) ;
#1189 = EDGE_LOOP ( 'NONE', ( #94, #307, #1493, #1064 ) ) ;
#1190 = ADVANCED_FACE ( 'NONE', ( #1215 ), #1227, .F. ) ;
#1191 = CARTESIAN_POINT ( 'NONE',  ( -31.48302379914201410, 2.000000000000000000, -26.19999999999999574 ) ) ;
#1192 = VECTOR ( 'NONE', #2693, 1000.000000000000000 ) ;
#1193 = LINE ( 'NONE', #2677, #299 ) ;
#1194 = CARTESIAN_POINT ( 'NONE',  ( -58.99192512106459674, 4.000000000000000000, 45.64218180872161668 ) ) ;
#1195 = ORIENTED_EDGE ( 'NONE', *, *, #546, .F. ) ;
#1196 = DIRECTION ( 'NONE',  ( 0.000000000000000000, -0.7071067811865378028, 0.7071067811865573427 ) ) ;
#1197 = ORIENTED_EDGE ( 'NONE', *, *, #1596, .F. ) ;
#1198 = DIRECTION ( 'NONE',  ( 0.000000000000000000, 0.000000000000000000, -1.000000000000000000 ) ) ;
#1199 = ORIENTED_EDGE ( 'NONE', *, *, #30, .T. ) ;
#1200 = ADVANCED_FACE ( 'NONE', ( #555 ), #2516, .F. ) ;
#1201 = DIRECTION ( 'NONE',  ( 0.000000000000000000, 0.000000000000000000, -1.000000000000000000 ) ) ;
#1202 = EDGE_CURVE ( 'NONE', #2025, #1981, #284, .T. ) ;
#1203 = DIRECTION ( 'NONE',  ( 0.000000000000000000, 0.000000000000000000, -1.000000000000000000 ) ) ;
#1204 = VECTOR ( 'NONE', #1588, 1000.000000000000000 ) ;
#1205 = ORIENTED_EDGE ( 'NONE', *, *, #1679, .T. ) ;
#1206 = CC_DESIGN_APPROVAL ( #705, ( #792 ) ) ;
#1207 = ADVANCED_FACE ( 'NONE', ( #337 ), #1414, .T. ) ;
#1208 = CARTESIAN_POINT ( 'NONE',  ( -51.88302379914203044, 4.000000000000000000, -56.79999999999999005 ) ) ;
#1209 = VECTOR ( 'NONE', #1728, 1000.000000000000000 ) ;
#1210 = DIRECTION ( 'NONE',  ( 0.000000000000000000, 0.000000000000000000, -1.000000000000000000 ) ) ;
#1211 = CARTESIAN_POINT ( 'NONE',  ( -76.89192512106458821, 4.000000000000000000, 45.64218180872161668 ) ) ;
#1212 = ORIENTED_EDGE ( 'NONE', *, *, #3, .T. ) ;
#1213 = PLANE ( 'NONE',  #842 ) ;
#1214 = EDGE_LOOP ( 'NONE', ( #1901, #399, #2668, #1605 ) ) ;
#1215 = FACE_OUTER_BOUND ( 'NONE', #2116, .T. ) ;
#1216 = ORIENTED_EDGE ( 'NONE', *, *, #1800, .T. ) ;
#1217 = LINE ( 'NONE', #172, #834 ) ;
#1218 = DIRECTION ( 'NONE',  ( 1.000000000000000000, 0.000000000000000000, 0.000000000000000000 ) ) ;
#1219 = EDGE_CURVE ( 'NONE', #1112, #906, #2084, .T. ) ;
#1220 = ORIENTED_EDGE ( 'NONE', *, *, #1059, .F. ) ;
#1221 = LINE ( 'NONE', #2106, #1386 ) ;
#1222 = DIRECTION ( 'NONE',  ( 1.000000000000000000, 0.000000000000000000, -0.000000000000000000 ) ) ;
#1223 = PLANE ( 'NONE',  #924 ) ;
#1224 =( BOUNDED_CURVE ( )  B_SPLINE_CURVE ( 3, ( #1482, #782, #1430, #2343 ),
 .UNSPECIFIED., .F., .F. ) 
 B_SPLINE_CURVE_WITH_KNOTS ( ( 4, 4 ),
 ( 5.497787143782133512, 5.560451059366171123 ),
 .UNSPECIFIED. ) 
 CURVE ( )  GEOMETRIC_REPRESENTATION_ITEM ( )  RATIONAL_B_SPLINE_CURVE ( ( 1.000000000000000000, 0.9996727962427179870, 0.9996727962427179870, 1.000000000000000000 ) ) 
 REPRESENTATION_ITEM ( '' )  );
#1225 = DIRECTION ( 'NONE',  ( -0.000000000000000000, -1.000000000000000000, -0.000000000000000000 ) ) ;
#1226 = LINE ( 'NONE', #2704, #1184 ) ;
#1227 = PLANE ( 'NONE',  #781 ) ;
#1228 = ORIENTED_EDGE ( 'NONE', *, *, #2098, .F. ) ;
#1229 = EDGE_CURVE ( 'NONE', #479, #2772, #2262, .T. ) ;
#1230 = VECTOR ( 'NONE', #1751, 1000.000000000000000 ) ;
#1231 = DIRECTION ( 'NONE',  ( 0.7071067811865474617, 0.7071067811865474617, -0.000000000000000000 ) ) ;
#1232 = CARTESIAN_POINT ( 'NONE',  ( -53.49192512106459674, 2.000000000000000000, 44.64218180872161668 ) ) ;
#1233 = CIRCLE ( 'NONE', #24, 2.000000000000001776 ) ;
#1234 = VECTOR ( 'NONE', #372, 1000.000000000000000 ) ;
#1235 = ORIENTED_EDGE ( 'NONE', *, *, #2171, .T. ) ;
#1236 = DIRECTION ( 'NONE',  ( -0.000000000000000000, -1.000000000000000000, -0.000000000000000000 ) ) ;
#1237 = EDGE_CURVE ( 'NONE', #2642, #2268, #767, .T. ) ;
#1238 = DIRECTION ( 'NONE',  ( 1.000000000000000000, 0.000000000000000000, 0.000000000000000000 ) ) ;
#1239 = VECTOR ( 'NONE', #332, 1000.000000000000000 ) ;
#1240 = DIRECTION ( 'NONE',  ( -1.000000000000000000, 0.000000000000000000, 0.000000000000000000 ) ) ;
#1241 = VERTEX_POINT ( 'NONE', #153 ) ;
#1242 = DIRECTION ( 'NONE',  ( 1.000000000000000000, -0.000000000000000000, 0.000000000000000000 ) ) ;
#1243 = VERTEX_POINT ( 'NONE', #2070 ) ;
#1244 = ADVANCED_FACE ( 'NONE', ( #997 ), #2097, .F. ) ;
#1245 = DIRECTION ( 'NONE',  ( 0.000000000000000000, 0.000000000000000000, 1.000000000000000000 ) ) ;
#1246 = CARTESIAN_POINT ( 'NONE',  ( -36.53302379914202902, 4.000000000000000000, -55.29999999999999716 ) ) ;
#1247 = ORIENTED_EDGE ( 'NONE', *, *, #1374, .T. ) ;
#1248 = VERTEX_POINT ( 'NONE', #2726 ) ;
#1249 = DIRECTION ( 'NONE',  ( -0.000000000000000000, -1.000000000000000000, -0.000000000000000000 ) ) ;
#1250 = DIRECTION ( 'NONE',  ( -2.010876612043759404E-16, 0.7071067811865510144, -0.7071067811865441310 ) ) ;
#1251 = EDGE_CURVE ( 'NONE', #1664, #1180, #1181, .T. ) ;
#1252 = AXIS2_PLACEMENT_3D ( 'NONE', #2478, #549, #388 ) ;
#1253 = EDGE_CURVE ( 'NONE', #271, #685, #795, .T. ) ;
#1254 = CARTESIAN_POINT ( 'NONE',  ( -38.28302379914202191, 4.000000000000000000, -25.19999999999997797 ) ) ;
#1255 = ORIENTED_EDGE ( 'NONE', *, *, #727, .F. ) ;
#1256 = DIRECTION ( 'NONE',  ( -0.000000000000000000, -1.000000000000000000, -0.000000000000000000 ) ) ;
#1257 = VERTEX_POINT ( 'NONE', #1440 ) ;
#1258 = CARTESIAN_POINT ( 'NONE',  ( -51.49192512106459674, 0.000000000000000000, 44.64218180872160247 ) ) ;
#1259 = FACE_OUTER_BOUND ( 'NONE', #1410, .T. ) ;
#1260 = ADVANCED_FACE ( 'NONE', ( #2503 ), #2484, .F. ) ;
#1261 = ORIENTED_EDGE ( 'NONE', *, *, #2296, .T. ) ;
#1262 = ORIENTED_EDGE ( 'NONE', *, *, #146, .F. ) ;
#1263 = ORIENTED_EDGE ( 'NONE', *, *, #1541, .F. ) ;
#1264 = DIRECTION ( 'NONE',  ( 0.000000000000000000, 1.000000000000000000, -0.000000000000000000 ) ) ;
#1265 = CARTESIAN_POINT ( 'NONE',  ( -77.89192512106460242, 0.000000000000000000, -36.79999999999984794 ) ) ;
#1266 = ORIENTED_EDGE ( 'NONE', *, *, #791, .F. ) ;
#1267 = DIRECTION ( 'NONE',  ( -1.000000000000000000, 0.000000000000000000, 0.000000000000000000 ) ) ;
#1268 = ORIENTED_EDGE ( 'NONE', *, *, #1630, .F. ) ;
#1269 = LINE ( 'NONE', #2141, #2017 ) ;
#1270 = CARTESIAN_POINT ( 'NONE',  ( 8.263366740599034088, 2.000000000000000000, -35.03221053555042630 ) ) ;
#1271 = AXIS2_PLACEMENT_3D ( 'NONE', #1551, #733, #251 ) ;
#1272 = ORIENTED_EDGE ( 'NONE', *, *, #80, .F. ) ;
#1273 = VECTOR ( 'NONE', #703, 1000.000000000000000 ) ;
#1274 = ORIENTED_EDGE ( 'NONE', *, *, #97, .T. ) ;
#1275 = CARTESIAN_POINT ( 'NONE',  ( 0.000000000000000000, 4.000000000000000000, -36.85508619108274075 ) ) ;
#1276 = AXIS2_PLACEMENT_3D ( 'NONE', #1509, #421, #2755 ) ;
#1277 = CARTESIAN_POINT ( 'NONE',  ( -57.89192512106460242, 2.000000000000000000, -36.79999999999999005 ) ) ;
#1278 = ORIENTED_EDGE ( 'NONE', *, *, #1994, .T. ) ;
#1279 = FACE_OUTER_BOUND ( 'NONE', #370, .T. ) ;
#1280 = VERTEX_POINT ( 'NONE', #368 ) ;
#1281 = LINE ( 'NONE', #2154, #174 ) ;
#1282 = CARTESIAN_POINT ( 'NONE',  ( 0.000000000000000000, 4.000000000000000000, -26.69999999999998153 ) ) ;
#1283 = VECTOR ( 'NONE', #118, 1000.000000000000114 ) ;
#1284 = EDGE_CURVE ( 'NONE', #1987, #2315, #2458, .T. ) ;
#1285 = EDGE_CURVE ( 'NONE', #1441, #1083, #2110, .T. ) ;
#1286 = ORIENTED_EDGE ( 'NONE', *, *, #215, .T. ) ;
#1287 = ORIENTED_EDGE ( 'NONE', *, *, #1872, .T. ) ;
#1288 = ORIENTED_EDGE ( 'NONE', *, *, #2524, .F. ) ;
#1289 = DIRECTION ( 'NONE',  ( -0.000000000000000000, -0.000000000000000000, -1.000000000000000000 ) ) ;
#1290 = LINE ( 'NONE', #641, #187 ) ;
#1291 = EDGE_CURVE ( 'NONE', #1257, #1755, #2124, .T. ) ;
#1292 = DIRECTION ( 'NONE',  ( 1.000000000000000000, 0.000000000000000000, 0.000000000000000000 ) ) ;
#1293 = VECTOR ( 'NONE', #244, 1000.000000000000000 ) ;
#1294 = CARTESIAN_POINT ( 'NONE',  ( 6.763366740599034976, 0.000000000000000000, -34.35508619108273365 ) ) ;
#1295 = LINE ( 'NONE', #2136, #342 ) ;
#1296 = ORIENTED_EDGE ( 'NONE', *, *, #1584, .F. ) ;
#1297 = CARTESIAN_POINT ( 'NONE',  ( 0.000000000000000000, 4.000000000000000000, -40.15508619108273081 ) ) ;
#1298 = DIRECTION ( 'NONE',  ( -0.000000000000000000, -0.7071067811865475727, -0.7071067811865475727 ) ) ;
#1299 = EDGE_CURVE ( 'NONE', #2542, #2517, #644, .T. ) ;
#1300 = VERTEX_POINT ( 'NONE', #2778 ) ;
#1301 = ORIENTED_EDGE ( 'NONE', *, *, #2665, .F. ) ;
#1302 = VERTEX_POINT ( 'NONE', #844 ) ;
#1303 = LINE ( 'NONE', #865, #1958 ) ;
#1304 =( NAMED_UNIT ( * ) PLANE_ANGLE_UNIT ( ) SI_UNIT ( $, .RADIAN. ) );
#1305 = DIRECTION ( 'NONE',  ( -0.000000000000000000, -1.000000000000000000, -0.000000000000000000 ) ) ;
#1306 = DIRECTION ( 'NONE',  ( -1.000000000000000000, 0.000000000000000000, -0.000000000000000000 ) ) ;
#1307 = CARTESIAN_POINT ( 'NONE',  ( -52.49192512106459674, 2.500000000000000444, 45.64218180872161668 ) ) ;
#1308 = VERTEX_POINT ( 'NONE', #2165 ) ;
#1309 = PLANE ( 'NONE',  #2195 ) ;
#1310 = DIRECTION ( 'NONE',  ( 0.000000000000000000, 0.000000000000000000, 1.000000000000000000 ) ) ;
#1311 = EDGE_CURVE ( 'NONE', #27, #2166, #2564, .T. ) ;
#1312 = VERTEX_POINT ( 'NONE', #2527 ) ;
#1313 = EDGE_LOOP ( 'NONE', ( #650, #2622, #113, #858, #353 ) ) ;
#1314 = ORIENTED_EDGE ( 'NONE', *, *, #629, .F. ) ;
#1315 = VECTOR ( 'NONE', #928, 1000.000000000000000 ) ;
#1316 = DIRECTION ( 'NONE',  ( -1.000000000000000000, 0.000000000000000000, -0.000000000000000000 ) ) ;
#1317 = DIRECTION ( 'NONE',  ( 1.000000000000000000, 0.000000000000000000, 0.000000000000000000 ) ) ;
#1318 = AXIS2_PLACEMENT_3D ( 'NONE', #593, #1421, #993 ) ;
#1319 = EDGE_CURVE ( 'NONE', #2042, #2359, #196, .T. ) ;
#1320 = DIRECTION ( 'NONE',  ( 0.000000000000000000, 0.7071067811865425767, 0.7071067811865524577 ) ) ;
#1321 = DIRECTION ( 'NONE',  ( 1.000000000000000000, 0.000000000000000000, -2.843808977011158816E-16 ) ) ;
#1322 = LINE ( 'NONE', #2441, #427 ) ;
#1323 = VECTOR ( 'NONE', #542, 1000.000000000000000 ) ;
#1324 = ORIENTED_EDGE ( 'NONE', *, *, #2730, .T. ) ;
#1325 = APPROVAL ( #2648, 'UNSPECIFIED' ) ;
#1326 = CARTESIAN_POINT ( 'NONE',  ( 8.117579481400515107, 2.027636711478604248, -34.88272290256134767 ) ) ;
#1327 = FACE_OUTER_BOUND ( 'NONE', #525, .T. ) ;
#1328 = EDGE_CURVE ( 'NONE', #2320, #1300, #808, .T. ) ;
#1329 = VERTEX_POINT ( 'NONE', #2575 ) ;
#1330 = VECTOR ( 'NONE', #1651, 1000.000000000000000 ) ;
#1331 = ORIENTED_EDGE ( 'NONE', *, *, #837, .T. ) ;
#1332 = ORIENTED_EDGE ( 'NONE', *, *, #125, .T. ) ;
#1333 =( BOUNDED_CURVE ( )  B_SPLINE_CURVE ( 3, ( #2180, #473, #1326, #2196 ),
 .UNSPECIFIED., .F., .T. ) 
 B_SPLINE_CURVE_WITH_KNOTS ( ( 4, 4 ),
 ( 5.497787143782138841, 5.560451059366160464 ),
 .UNSPECIFIED. ) 
 CURVE ( )  GEOMETRIC_REPRESENTATION_ITEM ( )  RATIONAL_B_SPLINE_CURVE ( ( 1.000000000000000000, 0.9996727962427183201, 0.9996727962427183201, 1.000000000000000000 ) ) 
 REPRESENTATION_ITEM ( '' )  );
#1334 = ORIENTED_EDGE ( 'NONE', *, *, #179, .F. ) ;
#1335 = CARTESIAN_POINT ( 'NONE',  ( -77.30613868343768047, 2.085786437626905965, 46.05639537109471604 ) ) ;
#1336 = DIRECTION ( 'NONE',  ( -1.000000000000000000, 0.000000000000000000, 0.000000000000000000 ) ) ;
#1337 = ADVANCED_FACE ( 'NONE', ( #818 ), #2328, .T. ) ;
#1338 = CARTESIAN_POINT ( 'NONE',  ( -77.21480077659687424, 2.000000000000000000, 46.14218180872162378 ) ) ;
#1339 = LINE ( 'NONE', #1991, #1047 ) ;
#1340 = DIRECTION ( 'NONE',  ( -1.654086747057742358E-16, 0.000000000000000000, -1.000000000000000000 ) ) ;
#1341 = EDGE_LOOP ( 'NONE', ( #709, #413, #2183, #637, #1563 ) ) ;
#1342 = EDGE_CURVE ( 'NONE', #313, #543, #1450, .T. ) ;
#1343 = LINE ( 'NONE', #120, #750 ) ;
#1344 = DIRECTION ( 'NONE',  ( 0.000000000000000000, 0.7071067811865474617, -0.7071067811865474617 ) ) ;
#1345 = CIRCLE ( 'NONE', #2558, 2.000000000000001776 ) ;
#1346 = ORIENTED_EDGE ( 'NONE', *, *, #193, .F. ) ;
#1347 = LOCAL_TIME ( 23, 18, 56.00000000000000000, #547 ) ;
#1348 = ORIENTED_EDGE ( 'NONE', *, *, #515, .T. ) ;
#1349 = ORIENTED_EDGE ( 'NONE', *, *, #754, .F. ) ;
#1350 = CARTESIAN_POINT ( 'NONE',  ( 7.763366740599051852, 2.000000000000000000, -56.45508619108272796 ) ) ;
#1351 = LINE ( 'NONE', #949, #2072 ) ;
#1352 = DIRECTION ( 'NONE',  ( 0.000000000000000000, -1.000000000000000000, 0.000000000000000000 ) ) ;
#1353 = LINE ( 'NONE', #292, #2492 ) ;
#1354 = ORIENTED_EDGE ( 'NONE', *, *, #1005, .F. ) ;
#1355 = DIRECTION ( 'NONE',  ( -0.000000000000000000, 0.7071067811865474617, -0.7071067811865474617 ) ) ;
#1356 = CARTESIAN_POINT ( 'NONE',  ( 6.263366740599053628, 2.000000000000012434, -40.65508619108270238 ) ) ;
#1357 = EDGE_LOOP ( 'NONE', ( #2743, #2548, #2391, #491 ) ) ;
#1358 = VERTEX_POINT ( 'NONE', #1677 ) ;
#1359 = LINE ( 'NONE', #1350, #73 ) ;
#1360 = ADVANCED_FACE ( 'NONE', ( #1279 ), #2152, .T. ) ;
#1361 = COORDINATED_UNIVERSAL_TIME_OFFSET ( 5, 0, .BEHIND. ) ;
#1362 = VECTOR ( 'NONE', #1135, 1000.000000000000000 ) ;
#1363 = DIRECTION ( 'NONE',  ( 2.102695122396122915E-15, 0.000000000000000000, 1.000000000000000000 ) ) ;
#1364 = CARTESIAN_POINT ( 'NONE',  ( 8.263366740599034088, 2.000000000000000000, -56.12287565553229740 ) ) ;
#1365 = FACE_OUTER_BOUND ( 'NONE', #407, .T. ) ;
#1366 = VERTEX_POINT ( 'NONE', #1716 ) ;
#1367 = AXIS2_PLACEMENT_3D ( 'NONE', #702, #234, #443 ) ;
#1368 = DIRECTION ( 'NONE',  ( 0.000000000000000000, 0.000000000000000000, 1.000000000000000000 ) ) ;
#1369 = VECTOR ( 'NONE', #599, 1000.000000000000000 ) ;
#1370 = DIRECTION ( 'NONE',  ( 0.000000000000000000, -0.000000000000000000, -1.000000000000000000 ) ) ;
#1371 = VERTEX_POINT ( 'NONE', #1506 ) ;
#1372 = EDGE_CURVE ( 'NONE', #121, #2275, #2367, .T. ) ;
#1373 = VERTEX_POINT ( 'NONE', #444 ) ;
#1374 = EDGE_CURVE ( 'NONE', #1639, #646, #1295, .T. ) ;
#1375 = CARTESIAN_POINT ( 'NONE',  ( -50.38302379914202334, 2.500000000000014211, -32.69999999999997442 ) ) ;
#1376 = AXIS2_PLACEMENT_3D ( 'NONE', #2073, #2101, #1001 ) ;
#1377 = PERSON_AND_ORGANIZATION_ROLE ( 'design_owner' ) ;
#1378 = CARTESIAN_POINT ( 'NONE',  ( -36.53302379914202902, 2.500000000000014211, -56.79999999999999005 ) ) ;
#1379 = CARTESIAN_POINT ( 'NONE',  ( -44.28302379914202191, 2.000000000000000000, -24.69999999999999218 ) ) ;
#1380 = LINE ( 'NONE', #790, #784 ) ;
#1381 = ORIENTED_EDGE ( 'NONE', *, *, #598, .T. ) ;
#1382 = EDGE_CURVE ( 'NONE', #1366, #1404, #596, .T. ) ;
#1383 = DIRECTION ( 'NONE',  ( -0.000000000000000000, -1.000000000000000000, 0.000000000000000000 ) ) ;
#1384 = DIRECTION ( 'NONE',  ( -0.000000000000000000, -1.000000000000000000, -0.000000000000000000 ) ) ;
#1385 = DESIGN_CONTEXT ( 'detailed design', #2129, 'design' ) ;
#1386 = VECTOR ( 'NONE', #360, 1000.000000000000000 ) ;
#1387 = ORIENTED_EDGE ( 'NONE', *, *, #1883, .T. ) ;
#1388 = EDGE_CURVE ( 'NONE', #885, #1765, #2750, .T. ) ;
#1389 = VECTOR ( 'NONE', #441, 1000.000000000000000 ) ;
#1390 = CARTESIAN_POINT ( 'NONE',  ( 7.763366740599038529, 2.500000000000000444, 2.805686361986396631E-15 ) ) ;
#1391 = ORIENTED_EDGE ( 'NONE', *, *, #16, .F. ) ;
#1392 = APPROVAL_DATE_TIME ( #1852, #705 ) ;
#1393 = FACE_OUTER_BOUND ( 'NONE', #189, .T. ) ;
#1394 = CARTESIAN_POINT ( 'NONE',  ( -45.53302379914200770, 2.000000000000000000, -55.29999999999999005 ) ) ;
#1395 = LINE ( 'NONE', #2495, #1330 ) ;
#1396 = ORIENTED_EDGE ( 'NONE', *, *, #515, .F. ) ;
#1397 = LINE ( 'NONE', #335, #2767 ) ;
#1398 = ORIENTED_EDGE ( 'NONE', *, *, #2699, .T. ) ;
#1399 = DIRECTION ( 'NONE',  ( 0.000000000000000000, 0.000000000000000000, 1.000000000000000000 ) ) ;
#1400 = DIRECTION ( 'NONE',  ( 0.7071067811865474617, -0.7071067811865474617, 0.000000000000000000 ) ) ;
#1401 = ORIENTED_EDGE ( 'NONE', *, *, #423, .T. ) ;
#1402 = ADVANCED_FACE ( 'NONE', ( #608 ), #619, .T. ) ;
#1403 = LINE ( 'NONE', #1375, #2768 ) ;
#1404 = VERTEX_POINT ( 'NONE', #2553 ) ;
#1405 = APPROVAL_ROLE ( '' ) ;
#1406 = DIRECTION ( 'NONE',  ( -0.000000000000000000, -1.000000000000000000, -0.000000000000000000 ) ) ;
#1407 = CARTESIAN_POINT ( 'NONE',  ( 6.263366740599051852, 4.000000000000000000, -36.85508619108274075 ) ) ;
#1408 = DIRECTION ( 'NONE',  ( 0.000000000000000000, 0.000000000000000000, 1.000000000000000000 ) ) ;
#1409 = ADVANCED_FACE ( 'NONE', ( #1480 ), #2341, .T. ) ;
#1410 = EDGE_LOOP ( 'NONE', ( #1552, #1067, #1554, #241 ) ) ;
#1411 = AXIS2_PLACEMENT_3D ( 'NONE', #127, #340, #1454 ) ;
#1412 = CARTESIAN_POINT ( 'NONE',  ( -58.49192512106459674, 2.000000000000000000, -36.75781819127838901 ) ) ;
#1413 = ORIENTED_EDGE ( 'NONE', *, *, #2338, .T. ) ;
#1414 = PLANE ( 'NONE',  #1954 ) ;
#1415 = VECTOR ( 'NONE', #380, 1000.000000000000000 ) ;
#1416 = ORIENTED_EDGE ( 'NONE', *, *, #126, .F. ) ;
#1417 = CARTESIAN_POINT ( 'NONE',  ( -46.03302379914202191, 4.000000000000000000, -56.79999999999999005 ) ) ;
#1418 = VECTOR ( 'NONE', #1727, 1000.000000000000000 ) ;
#1419 = ORIENTED_EDGE ( 'NONE', *, *, #2216, .T. ) ;
#1420 = CARTESIAN_POINT ( 'NONE',  ( -53.49192512106459674, 2.000000000000000000, 44.64218180872161668 ) ) ;
#1421 = DIRECTION ( 'NONE',  ( -0.000000000000000000, -1.000000000000000000, -0.000000000000000000 ) ) ;
#1422 = LINE ( 'NONE', #1619, #1968 ) ;
#1423 = ORIENTED_EDGE ( 'NONE', *, *, #1581, .F. ) ;
#1424 = EDGE_CURVE ( 'NONE', #2481, #1939, #1731, .T. ) ;
#1425 = PLANE ( 'NONE',  #1701 ) ;
#1426 = VERTEX_POINT ( 'NONE', #2621 ) ;
#1427 = CARTESIAN_POINT ( 'NONE',  ( -52.49192512106459674, 4.000000000000000000, 0.000000000000000000 ) ) ;
#1428 = EDGE_CURVE ( 'NONE', #2428, #1620, #456, .T. ) ;
#1429 = ORIENTED_EDGE ( 'NONE', *, *, #800, .T. ) ;
#1430 = CARTESIAN_POINT ( 'NONE',  ( -77.36428840958598130, 2.027636711478612686, 45.99639454952306039 ) ) ;
#1431 = DIRECTION ( 'NONE',  ( 0.000000000000000000, 0.000000000000000000, -1.000000000000000000 ) ) ;
#1432 = VERTEX_POINT ( 'NONE', #2233 ) ;
#1433 = SECURITY_CLASSIFICATION ( '', '', #2477 ) ;
#1434 = CYLINDRICAL_SURFACE ( 'NONE', #1610, 2.000000000000001776 ) ;
#1435 = LINE ( 'NONE', #1686, #2230 ) ;
#1436 = DIRECTION ( 'NONE',  ( 0.000000000000000000, 1.000000000000000000, -0.000000000000000000 ) ) ;
#1437 = EDGE_CURVE ( 'NONE', #2213, #2333, #870, .T. ) ;
#1438 = DIRECTION ( 'NONE',  ( -0.000000000000000000, -1.000000000000000000, -0.000000000000000000 ) ) ;
#1439 = DIRECTION ( 'NONE',  ( -0.000000000000000000, -1.000000000000000000, -0.000000000000000000 ) ) ;
#1440 = CARTESIAN_POINT ( 'NONE',  ( -37.78302379914203613, 2.000000000000000000, -26.69999999999998153 ) ) ;
#1441 = VERTEX_POINT ( 'NONE', #1150 ) ;
#1442 = DIRECTION ( 'NONE',  ( -0.000000000000000000, 0.7071067811865524577, -0.7071067811865426878 ) ) ;
#1443 = DIRECTION ( 'NONE',  ( 0.000000000000000000, 0.000000000000000000, -1.000000000000000000 ) ) ;
#1444 = VERTEX_POINT ( 'NONE', #2380 ) ;
#1445 = EDGE_CURVE ( 'NONE', #678, #2434, #262, .T. ) ;
#1446 = CARTESIAN_POINT ( 'NONE',  ( -58.99192512106459674, 4.000000000000000000, 44.14218180872160957 ) ) ;
#1447 = CARTESIAN_POINT ( 'NONE',  ( 7.763366740599051852, 4.000000000000000000, 0.000000000000000000 ) ) ;
#1448 = PLANE ( 'NONE',  #2518 ) ;
#1449 = ORIENTED_EDGE ( 'NONE', *, *, #1291, .F. ) ;
#1450 = LINE ( 'NONE', #1024, #1496 ) ;
#1451 = ORIENTED_EDGE ( 'NONE', *, *, #1672, .F. ) ;
#1452 = VECTOR ( 'NONE', #986, 1000.000000000000000 ) ;
#1453 = DIRECTION ( 'NONE',  ( 1.000000000000000000, 0.000000000000000000, 0.000000000000000000 ) ) ;
#1454 = DIRECTION ( 'NONE',  ( 0.000000000000000000, 0.000000000000000000, 1.000000000000000000 ) ) ;
#1455 = VECTOR ( 'NONE', #19, 1000.000000000000000 ) ;
#1456 = EDGE_CURVE ( 'NONE', #1966, #1404, #1562, .T. ) ;
#1457 = VECTOR ( 'NONE', #1989, 1000.000000000000000 ) ;
#1458 = EDGE_CURVE ( 'NONE', #1758, #1537, #1531, .T. ) ;
#1459 = VERTEX_POINT ( 'NONE', #1547 ) ;
#1460 = VERTEX_POINT ( 'NONE', #62 ) ;
#1461 = LINE ( 'NONE', #965, #2739 ) ;
#1462 = DIRECTION ( 'NONE',  ( -1.000000000000000000, 0.000000000000000000, -0.000000000000000000 ) ) ;
#1463 = AXIS2_PLACEMENT_3D ( 'NONE', #1940, #886, #11 ) ;
#1464 = CARTESIAN_POINT ( 'NONE',  ( 0.000000000000000000, 4.000000000000000000, -32.69999999999997442 ) ) ;
#1465 = ORIENTED_EDGE ( 'NONE', *, *, #1219, .T. ) ;
#1466 = DIRECTION ( 'NONE',  ( -0.000000000000000000, -1.000000000000000000, -0.000000000000000000 ) ) ;
#1467 = EDGE_CURVE ( 'NONE', #545, #1044, #2761, .T. ) ;
#1468 = ORIENTED_EDGE ( 'NONE', *, *, #539, .F. ) ;
#1469 = LINE ( 'NONE', #1681, #1096 ) ;
#1470 = VECTOR ( 'NONE', #1355, 1000.000000000000114 ) ;
#1471 = DIRECTION ( 'NONE',  ( -0.000000000000000000, -1.000000000000000000, -0.000000000000000000 ) ) ;
#1472 = ORIENTED_EDGE ( 'NONE', *, *, #2656, .T. ) ;
#1473 = ADVANCED_FACE ( 'NONE', ( #510 ), #2221, .T. ) ;
#1474 = ORIENTED_EDGE ( 'NONE', *, *, #531, .T. ) ;
#1475 = CARTESIAN_POINT ( 'NONE',  ( -44.28302379914202191, 4.000000000000000000, -25.19999999999997797 ) ) ;
#1476 = AXIS2_PLACEMENT_3D ( 'NONE', #176, #1018, #1673 ) ;
#1477 = AXIS2_PLACEMENT_3D ( 'NONE', #232, #1776, #1527 ) ;
#1478 = PLANE ( 'NONE',  #493 ) ;
#1479 = ORIENTED_EDGE ( 'NONE', *, *, #1202, .T. ) ;
#1480 = FACE_OUTER_BOUND ( 'NONE', #1095, .T. ) ;
#1481 = VERTEX_POINT ( 'NONE', #1307 ) ;
#1482 = CARTESIAN_POINT ( 'NONE',  ( -77.30613868343768047, 2.085786437626905965, 46.05639537109471604 ) ) ;
#1483 = CARTESIAN_POINT ( 'NONE',  ( -36.53302379914202902, 4.000000000000000000, -55.29999999999999716 ) ) ;
#1484 = ORIENTED_EDGE ( 'NONE', *, *, #1342, .T. ) ;
#1485 = ADVANCED_FACE ( 'NONE', ( #1365 ), #1980, .F. ) ;
#1486 = ORIENTED_EDGE ( 'NONE', *, *, #1931, .F. ) ;
#1487 = APPLICATION_CONTEXT ( 'configuration controlled 3d designs of mechanical parts and assemblies' ) ;
#1488 = LINE ( 'NONE', #426, #1418 ) ;
#1489 = EDGE_CURVE ( 'NONE', #1302, #1241, #1794, .T. ) ;
#1490 = DIRECTION ( 'NONE',  ( -1.217503457416095356E-16, 0.7071067811865378028, -0.7071067811865572317 ) ) ;
#1491 = DIRECTION ( 'NONE',  ( 1.000000000000000000, 0.000000000000000000, 0.000000000000000000 ) ) ;
#1492 = CARTESIAN_POINT ( 'NONE',  ( -37.78302379914203613, 2.000000000000000000, -14.19999999999997975 ) ) ;
#1493 = ORIENTED_EDGE ( 'NONE', *, *, #800, .F. ) ;
#1494 = DIRECTION ( 'NONE',  ( 0.000000000000000000, 0.000000000000000000, -1.000000000000000000 ) ) ;
#1495 = DIRECTION ( 'NONE',  ( 3.614007241618349264E-16, 0.000000000000000000, -1.000000000000000000 ) ) ;
#1496 = VECTOR ( 'NONE', #1704, 1000.000000000000000 ) ;
#1497 = EDGE_LOOP ( 'NONE', ( #656, #1577, #1053, #21 ) ) ;
#1498 = EDGE_CURVE ( 'NONE', #694, #121, #719, .T. ) ;
#1499 = EDGE_LOOP ( 'NONE', ( #128, #2259, #1985, #625, #1474, #487, #85, #1296 ) ) ;
#1500 = AXIS2_PLACEMENT_3D ( 'NONE', #2409, #485, #939 ) ;
#1501 = CARTESIAN_POINT ( 'NONE',  ( 0.000000000000000000, 4.000000000000000000, 45.64218180872161668 ) ) ;
#1502 = AXIS2_PLACEMENT_3D ( 'NONE', #1275, #58, #1316 ) ;
#1503 = DIRECTION ( 'NONE',  ( 0.000000000000000000, 0.000000000000000000, -1.000000000000000000 ) ) ;
#1504 = FACE_OUTER_BOUND ( 'NONE', #1795, .T. ) ;
#1505 = PLANE ( 'NONE',  #431 ) ;
#1506 = CARTESIAN_POINT ( 'NONE',  ( -75.39192512106460242, 4.000000000000000000, 44.14218180872160957 ) ) ;
#1507 = ORIENTED_EDGE ( 'NONE', *, *, #270, .T. ) ;
#1508 = DIRECTION ( 'NONE',  ( 1.000000000000000000, 0.000000000000000000, 0.000000000000000000 ) ) ;
#1509 = CARTESIAN_POINT ( 'NONE',  ( -58.49192512106459674, 2.000000000000000000, -14.19999999999997975 ) ) ;
#1510 = VECTOR ( 'NONE', #323, 1000.000000000000000 ) ;
#1511 = ORIENTED_EDGE ( 'NONE', *, *, #1931, .T. ) ;
#1512 = EDGE_LOOP ( 'NONE', ( #1997, #1391, #1287, #780 ) ) ;
#1513 = ORIENTED_EDGE ( 'NONE', *, *, #1942, .T. ) ;
#1514 = CARTESIAN_POINT ( 'NONE',  ( -52.49192512106459674, 4.000000000000000000, -38.25781819127838901 ) ) ;
#1515 = DIRECTION ( 'NONE',  ( -1.000000000000000000, 0.000000000000000000, -5.256737805990339828E-16 ) ) ;
#1516 = VECTOR ( 'NONE', #290, 1000.000000000000114 ) ;
#1517 = DIRECTION ( 'NONE',  ( 1.000000000000000000, 0.000000000000000000, 0.000000000000000000 ) ) ;
#1518 = DIRECTION ( 'NONE',  ( -0.000000000000000000, -1.000000000000000000, 0.000000000000000000 ) ) ;
#1519 = ORIENTED_EDGE ( 'NONE', *, *, #531, .F. ) ;
#1520 = EDGE_CURVE ( 'NONE', #1302, #2569, #1747, .T. ) ;
#1521 = FACE_OUTER_BOUND ( 'NONE', #1313, .T. ) ;
#1522 = CARTESIAN_POINT ( 'NONE',  ( 6.763366740599034976, 2.000000000000000000, -56.79999999999999005 ) ) ;
#1523 = ORIENTED_EDGE ( 'NONE', *, *, #1126, .F. ) ;
#1524 = ORIENTED_EDGE ( 'NONE', *, *, #2469, .T. ) ;
#1525 = EDGE_LOOP ( 'NONE', ( #2559, #1216, #983, #710, #675, #1725 ) ) ;
#1526 = DIRECTION ( 'NONE',  ( -1.000000000000000000, 0.000000000000000000, 0.000000000000000000 ) ) ;
#1527 = DIRECTION ( 'NONE',  ( 0.000000000000000000, 0.000000000000000000, 1.000000000000000000 ) ) ;
#1528 = EDGE_CURVE ( 'NONE', #2250, #934, #1353, .T. ) ;
#1529 = DIRECTION ( 'NONE',  ( 0.000000000000000000, 1.000000000000000000, 0.000000000000000000 ) ) ;
#1530 = CARTESIAN_POINT ( 'NONE',  ( -50.38302379914202334, 2.000000000000000000, -14.19999999999997975 ) ) ;
#1531 = LINE ( 'NONE', #20, #1182 ) ;
#1532 = ORIENTED_EDGE ( 'NONE', *, *, #716, .T. ) ;
#1533 = DIRECTION ( 'NONE',  ( 1.000000000000000000, 0.000000000000000000, -2.102695122396122915E-15 ) ) ;
#1534 = CARTESIAN_POINT ( 'NONE',  ( -50.38302379914202334, 4.000000000000000000, -32.69999999999998153 ) ) ;
#1535 = ORIENTED_EDGE ( 'NONE', *, *, #727, .T. ) ;
#1536 = ORIENTED_EDGE ( 'NONE', *, *, #1726, .T. ) ;
#1537 = VERTEX_POINT ( 'NONE', #1780 ) ;
#1538 = EDGE_CURVE ( 'NONE', #2596, #2135, #684, .T. ) ;
#1539 = EDGE_LOOP ( 'NONE', ( #217, #328, #829, #2533, #367, #572, #1507, #2456 ) ) ;
#1540 = VECTOR ( 'NONE', #122, 1000.000000000000000 ) ;
#1541 = EDGE_CURVE ( 'NONE', #2383, #2000, #1322, .T. ) ;
#1542 = DIRECTION ( 'NONE',  ( 0.000000000000000000, 0.000000000000000000, 1.000000000000000000 ) ) ;
#1543 = DIRECTION ( 'NONE',  ( -1.000000000000000000, 0.000000000000000000, 0.000000000000000000 ) ) ;
#1544 = VECTOR ( 'NONE', #2232, 1000.000000000000000 ) ;
#1545 = CARTESIAN_POINT ( 'NONE',  ( 0.000000000000000000, 4.000000000000000000, 0.000000000000000000 ) ) ;
#1546 = DIRECTION ( 'NONE',  ( 1.000000000000000000, 0.000000000000000000, 0.000000000000000000 ) ) ;
#1547 = CARTESIAN_POINT ( 'NONE',  ( -46.03302379914202191, 2.500000000000014211, -55.29999999999999716 ) ) ;
#1548 = CIRCLE ( 'NONE', #1142, 2.000000000000001776 ) ;
#1549 = ORIENTED_EDGE ( 'NONE', *, *, #126, .T. ) ;
#1550 = CARTESIAN_POINT ( 'NONE',  ( 6.263366740599053628, 2.500000000000000444, -40.15508619108273081 ) ) ;
#1551 = CARTESIAN_POINT ( 'NONE',  ( 0.000000000000000000, 4.000000000000000000, -36.75781819127838901 ) ) ;
#1552 = ORIENTED_EDGE ( 'NONE', *, *, #178, .T. ) ;
#1553 = VECTOR ( 'NONE', #746, 1000.000000000000000 ) ;
#1554 = ORIENTED_EDGE ( 'NONE', *, *, #2296, .F. ) ;
#1555 = ORIENTED_EDGE ( 'NONE', *, *, #1845, .T. ) ;
#1556 = ORIENTED_EDGE ( 'NONE', *, *, #1584, .T. ) ;
#1557 = EDGE_CURVE ( 'NONE', #379, #2333, #897, .T. ) ;
#1558 = DIRECTION ( 'NONE',  ( -0.000000000000000000, -1.000000000000000000, -0.000000000000000000 ) ) ;
#1559 = DIRECTION ( 'NONE',  ( 0.5773502691896211791, 0.5773502691896240657, -0.5773502691896320593 ) ) ;
#1560 = LINE ( 'NONE', #2465, #758 ) ;
#1561 = CARTESIAN_POINT ( 'NONE',  ( -45.53302379914200770, 2.000000000000000000, -56.79999999999999005 ) ) ;
#1562 = LINE ( 'NONE', #2638, #159 ) ;
#1563 = ORIENTED_EDGE ( 'NONE', *, *, #506, .T. ) ;
#1564 = VECTOR ( 'NONE', #442, 1000.000000000000000 ) ;
#1565 = CARTESIAN_POINT ( 'NONE',  ( -41.49192512106460384, 0.000000000000000000, -14.19999999999997975 ) ) ;
#1566 = CARTESIAN_POINT ( 'NONE',  ( -29.48302379914199989, 0.000000000000000000, -34.35508619108273365 ) ) ;
#1567 = CIRCLE ( 'NONE', #849, 2.000000000000001776 ) ;
#1568 = ADVANCED_FACE ( 'NONE', ( #486 ), #2207, .T. ) ;
#1569 = ORIENTED_EDGE ( 'NONE', *, *, #2618, .T. ) ;
#1570 = VERTEX_POINT ( 'NONE', #775 ) ;
#1571 = ORIENTED_EDGE ( 'NONE', *, *, #2513, .F. ) ;
#1572 = CARTESIAN_POINT ( 'NONE',  ( -53.99192512106459674, 4.000000000000000000, 45.64218180872161668 ) ) ;
#1573 = MECHANICAL_CONTEXT ( 'NONE', #1487, 'mechanical' ) ;
#1574 = DIRECTION ( 'NONE',  ( 0.000000000000000000, 1.000000000000000000, -0.000000000000000000 ) ) ;
#1575 = DIRECTION ( 'NONE',  ( 0.000000000000000000, 0.000000000000000000, -1.000000000000000000 ) ) ;
#1576 = CARTESIAN_POINT ( 'NONE',  ( -58.99192512106459674, 4.000000000000000000, 0.000000000000000000 ) ) ;
#1577 = ORIENTED_EDGE ( 'NONE', *, *, #1646, .T. ) ;
#1578 = ADVANCED_FACE ( 'NONE', ( #951 ), #968, .T. ) ;
#1579 = CARTESIAN_POINT ( 'NONE',  ( -77.27659379610906853, 2.056241550298312237, 46.08594025842329955 ) ) ;
#1580 = LINE ( 'NONE', #2055, #1415 ) ;
#1581 = EDGE_CURVE ( 'NONE', #823, #2130, #1380, .T. ) ;
#1582 = ORIENTED_EDGE ( 'NONE', *, *, #1039, .F. ) ;
#1583 = ORIENTED_EDGE ( 'NONE', *, *, #1999, .T. ) ;
#1584 = EDGE_CURVE ( 'NONE', #1241, #1371, #104, .T. ) ;
#1585 = LINE ( 'NONE', #2448, #2358 ) ;
#1586 = DIRECTION ( 'NONE',  ( 0.000000000000000000, 0.000000000000000000, 1.000000000000000000 ) ) ;
#1587 = VECTOR ( 'NONE', #311, 1000.000000000000000 ) ;
#1588 = DIRECTION ( 'NONE',  ( -0.000000000000000000, -1.000000000000000000, -0.000000000000000000 ) ) ;
#1589 = LINE ( 'NONE', #2257, #1873 ) ;
#1590 = LINE ( 'NONE', #2048, #612 ) ;
#1591 = ORIENTED_EDGE ( 'NONE', *, *, #270, .F. ) ;
#1592 = AXIS2_PLACEMENT_3D ( 'NONE', #2389, #1352, #1089 ) ;
#1593 = DIRECTION ( 'NONE',  ( -0.000000000000000000, -1.000000000000000000, -0.000000000000000000 ) ) ;
#1594 = VECTOR ( 'NONE', #2646, 1000.000000000000000 ) ;
#1595 = DIRECTION ( 'NONE',  ( 0.000000000000000000, 0.000000000000000000, 1.000000000000000000 ) ) ;
#1596 = EDGE_CURVE ( 'NONE', #2673, #905, #2035, .T. ) ;
#1597 = ORIENTED_EDGE ( 'NONE', *, *, #259, .T. ) ;
#1598 = DIRECTION ( 'NONE',  ( -0.7071067811865492381, 0.7071067811865457964, 1.169615955515330043E-16 ) ) ;
#1599 = ORIENTED_EDGE ( 'NONE', *, *, #1229, .F. ) ;
#1600 = PERSON_AND_ORGANIZATION ( #75, #2430 ) ;
#1601 = CIRCLE ( 'NONE', #400, 2.000000000000001776 ) ;
#1602 = CARTESIAN_POINT ( 'NONE',  ( 7.886171131438001858, 2.000000000000000000, -56.45508619108272796 ) ) ;
#1603 = LINE ( 'NONE', #2023, #735 ) ;
#1604 = DIRECTION ( 'NONE',  ( 1.000000000000000000, 0.000000000000000000, -2.102695122396127254E-15 ) ) ;
#1605 = ORIENTED_EDGE ( 'NONE', *, *, #659, .T. ) ;
#1606 = CARTESIAN_POINT ( 'NONE',  ( -51.88302379914203044, 4.000000000000000000, -32.69999999999997442 ) ) ;
#1607 = DIRECTION ( 'NONE',  ( 0.000000000000000000, 0.000000000000000000, -1.000000000000000000 ) ) ;
#1608 = EDGE_CURVE ( 'NONE', #1481, #1366, #321, .T. ) ;
#1609 = CARTESIAN_POINT ( 'NONE',  ( -32.18302379914200628, 2.500000000000000444, -40.15508619108275212 ) ) ;
#1610 = AXIS2_PLACEMENT_3D ( 'NONE', #2703, #1236, #375 ) ;
#1611 = VERTEX_POINT ( 'NONE', #362 ) ;
#1612 = EDGE_CURVE ( 'NONE', #1782, #1046, #567, .T. ) ;
#1613 = CARTESIAN_POINT ( 'NONE',  ( -77.39192512106460242, 2.000000000000000000, -14.19999999999997442 ) ) ;
#1614 = EDGE_CURVE ( 'NONE', #1481, #2025, #2066, .T. ) ;
#1615 = ORIENTED_EDGE ( 'NONE', *, *, #155, .F. ) ;
#1616 = PERSON_AND_ORGANIZATION ( #75, #2430 ) ;
#1617 = DIRECTION ( 'NONE',  ( 0.7071067811865378028, 0.7071067811865573427, -0.000000000000000000 ) ) ;
#1618 = DIRECTION ( 'NONE',  ( -1.000000000000000000, -0.000000000000000000, -0.000000000000000000 ) ) ;
#1619 = CARTESIAN_POINT ( 'NONE',  ( 24.81506213762635227, -14.55169539702789550, -34.10339079405507334 ) ) ;
#1620 = VERTEX_POINT ( 'NONE', #537 ) ;
#1621 = CC_DESIGN_PERSON_AND_ORGANIZATION_ASSIGNMENT ( #2674, #521, ( #1799 ) ) ;
#1622 = EDGE_CURVE ( 'NONE', #470, #2727, #1395, .T. ) ;
#1623 = DIRECTION ( 'NONE',  ( -1.000000000000000000, 0.000000000000000000, -0.000000000000000000 ) ) ;
#1624 = ORIENTED_EDGE ( 'NONE', *, *, #1646, .F. ) ;
#1625 = CARTESIAN_POINT ( 'NONE',  ( 8.263366740599034088, 2.000000000000000000, -35.35508619108273365 ) ) ;
#1626 = ORIENTED_EDGE ( 'NONE', *, *, #1041, .T. ) ;
#1627 = CARTESIAN_POINT ( 'NONE',  ( -57.89192512106446031, 0.000000000000000000, -56.79999999999999005 ) ) ;
#1628 = LINE ( 'NONE', #2488, #2543 ) ;
#1629 = VERTEX_POINT ( 'NONE', #730 ) ;
#1630 = EDGE_CURVE ( 'NONE', #1373, #1939, #2258, .T. ) ;
#1631 = PERSON_AND_ORGANIZATION_ROLE ( 'creator' ) ;
#1632 = EDGE_CURVE ( 'NONE', #1709, #1081, #349, .T. ) ;
#1633 = CARTESIAN_POINT ( 'NONE',  ( 0.000000000000000000, 4.000000000000000000, -26.69999999999998153 ) ) ;
#1634 = DIRECTION ( 'NONE',  ( -1.000000000000000000, 0.000000000000000000, -0.000000000000000000 ) ) ;
#1635 = DIRECTION ( 'NONE',  ( 0.000000000000000000, 0.000000000000000000, 1.000000000000000000 ) ) ;
#1636 = ORIENTED_EDGE ( 'NONE', *, *, #1737, .T. ) ;
#1637 = VECTOR ( 'NONE', #1859, 1000.000000000000000 ) ;
#1638 = CARTESIAN_POINT ( 'NONE',  ( -41.49192512106460384, 2.000000000000000000, 46.14218180872162378 ) ) ;
#1639 = VERTEX_POINT ( 'NONE', #1211 ) ;
#1640 = DIRECTION ( 'NONE',  ( -1.000000000000000000, 0.000000000000000000, 0.000000000000000000 ) ) ;
#1641 = VECTOR ( 'NONE', #2410, 1000.000000000000114 ) ;
#1642 = ORIENTED_EDGE ( 'NONE', *, *, #1328, .T. ) ;
#1643 = AXIS2_PLACEMENT_3D ( 'NONE', #2763, #261, #1306 ) ;
#1644 = DIRECTION ( 'NONE',  ( 0.000000000000000000, 0.000000000000000000, -1.000000000000000000 ) ) ;
#1645 = VECTOR ( 'NONE', #1015, 1000.000000000000000 ) ;
#1646 = EDGE_CURVE ( 'NONE', #2275, #1373, #2274, .T. ) ;
#1647 = ORIENTED_EDGE ( 'NONE', *, *, #2037, .F. ) ;
#1648 = CARTESIAN_POINT ( 'NONE',  ( -29.48302379914201765, 2.000000000000000000, -32.35508619108273365 ) ) ;
#1649 = VECTOR ( 'NONE', #1750, 1000.000000000000000 ) ;
#1650 = CARTESIAN_POINT ( 'NONE',  ( -57.89192512106446031, 2.000000000000000000, -56.79999999999999005 ) ) ;
#1651 = DIRECTION ( 'NONE',  ( 1.000000000000000000, 0.000000000000000000, -2.843808977011158816E-16 ) ) ;
#1652 = LINE ( 'NONE', #2514, #2075 ) ;
#1653 = ORIENTED_EDGE ( 'NONE', *, *, #472, .F. ) ;
#1654 = CARTESIAN_POINT ( 'NONE',  ( 0.000000000000000000, 2.500000000000000444, -40.15508619108275212 ) ) ;
#1655 = ORIENTED_EDGE ( 'NONE', *, *, #1972, .T. ) ;
#1656 = CARTESIAN_POINT ( 'NONE',  ( 8.211514266138044249, 2.051852474460994724, -56.18167083508391357 ) ) ;
#1657 = DIRECTION ( 'NONE',  ( 0.000000000000000000, 0.000000000000000000, -1.000000000000000000 ) ) ;
#1658 = EDGE_CURVE ( 'NONE', #1432, #2213, #1422, .T. ) ;
#1659 = VECTOR ( 'NONE', #1438, 1000.000000000000000 ) ;
#1660 = ORIENTED_EDGE ( 'NONE', *, *, #1161, .T. ) ;
#1661 = CARTESIAN_POINT ( 'NONE',  ( -44.28302379914202191, 2.500000000000000444, -26.69999999999998153 ) ) ;
#1662 = FACE_OUTER_BOUND ( 'NONE', #2657, .T. ) ;
#1663 = CARTESIAN_POINT ( 'NONE',  ( -53.49192512106461095, 2.000000000000000000, 46.64218180872161668 ) ) ;
#1664 = VERTEX_POINT ( 'NONE', #1194 ) ;
#1665 = DIRECTION ( 'NONE',  ( -1.000000000000000000, 0.000000000000000000, 0.000000000000000000 ) ) ;
#1666 = ORIENTED_EDGE ( 'NONE', *, *, #2089, .T. ) ;
#1667 = EDGE_CURVE ( 'NONE', #934, #1758, #1879, .T. ) ;
#1668 = LINE ( 'NONE', #2529, #1733 ) ;
#1669 = DIRECTION ( 'NONE',  ( -0.000000000000000000, -1.000000000000000000, -0.000000000000000000 ) ) ;
#1670 = MANIFOLD_SOLID_BREP ( 'Chamfer1', #112 ) ;
#1671 = EDGE_LOOP ( 'NONE', ( #445, #778, #796, #999, #2118 ) ) ;
#1672 = EDGE_CURVE ( 'NONE', #2265, #852, #377, .T. ) ;
#1673 = DIRECTION ( 'NONE',  ( -3.614007241618349264E-16, 0.000000000000000000, 1.000000000000000000 ) ) ;
#1674 = PLANE ( 'NONE',  #166 ) ;
#1675 = DIRECTION ( 'NONE',  ( -1.000000000000000000, 0.000000000000000000, 0.000000000000000000 ) ) ;
#1676 = LINE ( 'NONE', #2109, #1822 ) ;
#1677 = CARTESIAN_POINT ( 'NONE',  ( 6.263366740599051852, 2.500000000000000444, -51.15508619108273081 ) ) ;
#1678 = EDGE_LOOP ( 'NONE', ( #1332, #2777, #2476, #1973 ) ) ;
#1679 = EDGE_CURVE ( 'NONE', #1611, #1460, #1866, .T. ) ;
#1680 = AXIS2_PLACEMENT_3D ( 'NONE', #406, #1256, #2764 ) ;
#1681 = CARTESIAN_POINT ( 'NONE',  ( 6.263366740599051852, 2.000000000000000000, -50.65508619108273791 ) ) ;
#1682 = PLANE ( 'NONE',  #296 ) ;
#1683 = VECTOR ( 'NONE', #393, 1000.000000000000000 ) ;
#1684 = VECTOR ( 'NONE', #1203, 1000.000000000000000 ) ;
#1685 = EDGE_LOOP ( 'NONE', ( #1524, #517, #568, #2335 ) ) ;
#1686 = CARTESIAN_POINT ( 'NONE',  ( -38.28302379914202191, 4.000000000000000000, -25.19999999999997797 ) ) ;
#1687 = AXIS2_PLACEMENT_3D ( 'NONE', #940, #1436, #2081 ) ;
#1688 = LINE ( 'NONE', #2339, #2421 ) ;
#1689 = EDGE_LOOP ( 'NONE', ( #920, #287, #2137, #1655 ) ) ;
#1690 = DIRECTION ( 'NONE',  ( -0.000000000000000000, -1.000000000000000000, -0.000000000000000000 ) ) ;
#1691 = ORIENTED_EDGE ( 'NONE', *, *, #1110, .F. ) ;
#1692 = EDGE_CURVE ( 'NONE', #1366, #2673, #1590, .T. ) ;
#1693 = CARTESIAN_POINT ( 'NONE',  ( -51.99192512106461095, 2.000000000000000000, 45.96505746425392402 ) ) ;
#1694 = DIRECTION ( 'NONE',  ( 0.000000000000000000, 0.000000000000000000, 1.000000000000000000 ) ) ;
#1695 = ORIENTED_EDGE ( 'NONE', *, *, #1692, .T. ) ;
#1696 = ORIENTED_EDGE ( 'NONE', *, *, #1372, .F. ) ;
#1697 = EDGE_CURVE ( 'NONE', #2275, #2584, #982, .T. ) ;
#1698 = ORIENTED_EDGE ( 'NONE', *, *, #2019, .F. ) ;
#1699 = EDGE_CURVE ( 'NONE', #2135, #1444, #2705, .T. ) ;
#1700 = CARTESIAN_POINT ( 'NONE',  ( 0.000000000000000000, 4.000000000000000000, -35.35508619108273365 ) ) ;
#1701 = AXIS2_PLACEMENT_3D ( 'NONE', #1638, #2500, #151 ) ;
#1702 = DIRECTION ( 'NONE',  ( 0.000000000000000000, 1.000000000000000000, -0.000000000000000000 ) ) ;
#1703 = EDGE_LOOP ( 'NONE', ( #838, #2090, #2483, #281 ) ) ;
#1704 = DIRECTION ( 'NONE',  ( -1.000000000000000000, 0.000000000000000000, 0.000000000000000000 ) ) ;
#1705 = EDGE_LOOP ( 'NONE', ( #99, #2497, #492, #1615, #2613 ) ) ;
#1706 = ADVANCED_FACE ( 'NONE', ( #2734 ), #1223, .F. ) ;
#1707 = DIRECTION ( 'NONE',  ( -0.7071067811865474617, 0.7071067811865474617, 0.000000000000000000 ) ) ;
#1708 = DIRECTION ( 'NONE',  ( 5.256737805990339828E-16, 0.000000000000000000, -1.000000000000000000 ) ) ;
#1709 = VERTEX_POINT ( 'NONE', #164 ) ;
#1710 = ORIENTED_EDGE ( 'NONE', *, *, #2088, .F. ) ;
#1711 = CARTESIAN_POINT ( 'NONE',  ( -58.99192512106459674, 2.000000000000000000, 46.14218180872162378 ) ) ;
#1712 = ADVANCED_FACE ( 'NONE', ( #1861 ), #988, .T. ) ;
#1713 = LINE ( 'NONE', #5, #275 ) ;
#1714 = DIRECTION ( 'NONE',  ( -1.000000000000000000, 0.000000000000000000, 0.000000000000000000 ) ) ;
#1715 = CARTESIAN_POINT ( 'NONE',  ( -36.53302379914202902, 4.000000000000000000, 0.000000000000000000 ) ) ;
#1716 = CARTESIAN_POINT ( 'NONE',  ( -52.49192512106459674, 2.500000000000000444, -38.25781819127838901 ) ) ;
#1717 = EDGE_LOOP ( 'NONE', ( #1396, #763, #554, #1828, #975 ) ) ;
#1718 = CARTESIAN_POINT ( 'NONE',  ( -53.99192512106459674, 4.000000000000000000, -38.25781819127838901 ) ) ;
#1719 = FACE_OUTER_BOUND ( 'NONE', #1082, .T. ) ;
#1720 = AXIS2_PLACEMENT_3D ( 'NONE', #1928, #2781, #1066 ) ;
#1721 = ORIENTED_EDGE ( 'NONE', *, *, #1612, .F. ) ;
#1722 = VECTOR ( 'NONE', #1763, 1000.000000000000000 ) ;
#1723 = ORIENTED_EDGE ( 'NONE', *, *, #1726, .F. ) ;
#1724 = AXIS2_PLACEMENT_3D ( 'NONE', #15, #1086, #2386 ) ;
#1725 = ORIENTED_EDGE ( 'NONE', *, *, #754, .T. ) ;
#1726 = EDGE_CURVE ( 'NONE', #905, #2025, #757, .T. ) ;
#1727 = DIRECTION ( 'NONE',  ( 0.000000000000000000, 0.000000000000000000, -1.000000000000000000 ) ) ;
#1728 = DIRECTION ( 'NONE',  ( -1.000000000000000000, -0.000000000000000000, -0.000000000000000000 ) ) ;
#1729 = FACE_OUTER_BOUND ( 'NONE', #552, .T. ) ;
#1730 = CARTESIAN_POINT ( 'NONE',  ( -29.48302379914199989, 0.000000000000000000, -34.35508619108273365 ) ) ;
#1731 = LINE ( 'NONE', #670, #2577 ) ;
#1732 = ORIENTED_EDGE ( 'NONE', *, *, #1319, .T. ) ;
#1733 = VECTOR ( 'NONE', #1453, 1000.000000000000000 ) ;
#1734 = CARTESIAN_POINT ( 'NONE',  ( -38.28302379914202191, 2.500000000000000444, -25.19999999999997797 ) ) ;
#1735 = DIRECTION ( 'NONE',  ( 0.000000000000000000, 0.000000000000000000, -1.000000000000000000 ) ) ;
#1736 = VECTOR ( 'NONE', #282, 1000.000000000000000 ) ;
#1737 = EDGE_CURVE ( 'NONE', #2597, #1081, #587, .T. ) ;
#1738 = ORIENTED_EDGE ( 'NONE', *, *, #2330, .F. ) ;
#1739 = ORIENTED_EDGE ( 'NONE', *, *, #1437, .T. ) ;
#1740 = EDGE_CURVE ( 'NONE', #1441, #2628, #2740, .T. ) ;
#1741 = ORIENTED_EDGE ( 'NONE', *, *, #2450, .T. ) ;
#1742 = DIRECTION ( 'NONE',  ( 0.000000000000000000, 0.000000000000000000, 1.000000000000000000 ) ) ;
#1743 = DIRECTION ( 'NONE',  ( 0.000000000000000000, 0.7071067811865475727, 0.7071067811865475727 ) ) ;
#1744 = PLANE ( 'NONE',  #363 ) ;
#1745 = AXIS2_PLACEMENT_3D ( 'NONE', #1868, #1196, #1857 ) ;
#1746 = CARTESIAN_POINT ( 'NONE',  ( 7.763366740599051852, 4.000000000000000000, -55.95508619108274218 ) ) ;
#1747 = LINE ( 'NONE', #1576, #914 ) ;
#1748 = EDGE_LOOP ( 'NONE', ( #350, #2766, #1582, #293, #880, #1114, #529 ) ) ;
#1749 = CC_DESIGN_APPROVAL ( #1325, ( #1433 ) ) ;
#1750 = DIRECTION ( 'NONE',  ( 0.5773502691896205130, 0.5773502691896363892, -0.5773502691896205130 ) ) ;
#1751 = DIRECTION ( 'NONE',  ( -1.000000000000000000, 0.000000000000000000, 0.000000000000000000 ) ) ;
#1752 = EDGE_CURVE ( 'NONE', #1312, #1664, #1217, .T. ) ;
#1753 = ADVANCED_FACE ( 'NONE', ( #2292 ), #144, .T. ) ;
#1754 = ORIENTED_EDGE ( 'NONE', *, *, #861, .F. ) ;
#1755 = VERTEX_POINT ( 'NONE', #1028 ) ;
#1756 = ORIENTED_EDGE ( 'NONE', *, *, #1039, .T. ) ;
#1757 = PRODUCT ( 'Power System Mount V1', 'Power System Mount V1', '', ( #1573 ) ) ;
#1758 = VERTEX_POINT ( 'NONE', #1258 ) ;
#1759 = LINE ( 'NONE', #1514, #1457 ) ;
#1760 = DIRECTION ( 'NONE',  ( -0.000000000000000000, 0.7071067811865524577, -0.7071067811865426878 ) ) ;
#1761 = EDGE_CURVE ( 'NONE', #477, #1280, #1224, .T. ) ;
#1762 = LINE ( 'NONE', #330, #226 ) ;
#1763 = DIRECTION ( 'NONE',  ( 0.000000000000000000, 0.000000000000000000, 1.000000000000000000 ) ) ;
#1764 = CARTESIAN_POINT ( 'NONE',  ( 5.175577827066104142, 5.087788913533038304, -53.36729727754977404 ) ) ;
#1765 = VERTEX_POINT ( 'NONE', #185 ) ;
#1766 = CARTESIAN_POINT ( 'NONE',  ( 8.763366740599048299, 2.000000000000000000, -54.79999999999997584 ) ) ;
#1767 = LINE ( 'NONE', #2432, #514 ) ;
#1768 = EDGE_CURVE ( 'NONE', #2280, #823, #832, .T. ) ;
#1769 = ORIENTED_EDGE ( 'NONE', *, *, #1161, .F. ) ;
#1770 = VERTEX_POINT ( 'NONE', #2086 ) ;
#1771 = EDGE_LOOP ( 'NONE', ( #373, #2606, #41, #1381 ) ) ;
#1772 = VECTOR ( 'NONE', #169, 1000.000000000000000 ) ;
#1773 = ORIENTED_EDGE ( 'NONE', *, *, #659, .F. ) ;
#1774 = VECTOR ( 'NONE', #1052, 1000.000000000000000 ) ;
#1775 = PLANE ( 'NONE',  #1502 ) ;
#1776 = DIRECTION ( 'NONE',  ( 0.000000000000000000, 1.000000000000000000, 0.000000000000000000 ) ) ;
#1777 = AXIS2_PLACEMENT_3D ( 'NONE', #117, #2494, #1807 ) ;
#1778 = LINE ( 'NONE', #76, #272 ) ;
#1779 = CARTESIAN_POINT ( 'NONE',  ( 8.263366740599034088, 2.000000000000000000, -51.15508619108273081 ) ) ;
#1780 = CARTESIAN_POINT ( 'NONE',  ( -51.49192512106459674, 0.000000000000000000, -14.19999999999990692 ) ) ;
#1781 = VECTOR ( 'NONE', #1669, 1000.000000000000000 ) ;
#1782 = VERTEX_POINT ( 'NONE', #382 ) ;
#1783 = DIRECTION ( 'NONE',  ( -0.000000000000000000, -1.000000000000000000, 0.000000000000000000 ) ) ;
#1784 = LINE ( 'NONE', #943, #22 ) ;
#1785 = ORIENTED_EDGE ( 'NONE', *, *, #588, .T. ) ;
#1786 = VECTOR ( 'NONE', #2245, 1000.000000000000000 ) ;
#1787 = ORIENTED_EDGE ( 'NONE', *, *, #1125, .F. ) ;
#1788 = ORIENTED_EDGE ( 'NONE', *, *, #1999, .F. ) ;
#1789 = CARTESIAN_POINT ( 'NONE',  ( -75.89192512106458821, 0.000000000000000000, 44.64218180872161668 ) ) ;
#1790 = EDGE_CURVE ( 'NONE', #379, #285, #2360, .T. ) ;
#1791 = PERSON_AND_ORGANIZATION ( #75, #2430 ) ;
#1792 = CARTESIAN_POINT ( 'NONE',  ( -44.28302379914202191, 4.000000000000000000, -26.69999999999998153 ) ) ;
#1793 = LINE ( 'NONE', #2220, #2007 ) ;
#1794 = LINE ( 'NONE', #1965, #1273 ) ;
#1795 = EDGE_LOOP ( 'NONE', ( #1451, #1220, #490, #1523, #2185 ) ) ;
#1796 = AXIS2_PLACEMENT_3D ( 'NONE', #2378, #1292, #1088 ) ;
#1797 = DIRECTION ( 'NONE',  ( -0.000000000000000000, -1.000000000000000000, -0.000000000000000000 ) ) ;
#1798 = CARTESIAN_POINT ( 'NONE',  ( 7.960408123032620686, 2.050362102332924596, -56.40472408874979493 ) ) ;
#1799 = PRODUCT_DEFINITION_FORMATION_WITH_SPECIFIED_SOURCE ( 'ANY', '', #1757, .NOT_KNOWN. ) ;
#1800 = EDGE_CURVE ( 'NONE', #312, #918, #2555, .T. ) ;
#1801 = ORIENTED_EDGE ( 'NONE', *, *, #1953, .F. ) ;
#1802 = EDGE_LOOP ( 'NONE', ( #1691, #1268, #2059, #898 ) ) ;
#1803 = CARTESIAN_POINT ( 'NONE',  ( -36.53302379914202902, 4.000000000000000000, -56.79999999999999005 ) ) ;
#1804 = APPROVAL_DATE_TIME ( #2269, #1325 ) ;
#1805 = EDGE_CURVE ( 'NONE', #13, #2434, #371, .T. ) ;
#1806 = CARTESIAN_POINT ( 'NONE',  ( 0.000000000000000000, 4.000000000000000000, 0.000000000000000000 ) ) ;
#1807 = DIRECTION ( 'NONE',  ( 0.000000000000000000, 0.000000000000000000, -1.000000000000000000 ) ) ;
#1808 = CARTESIAN_POINT ( 'NONE',  ( -30.68302379914201339, 2.499999999999997780, -55.95508619108274218 ) ) ;
#1809 = ORIENTED_EDGE ( 'NONE', *, *, #904, .F. ) ;
#1810 = CARTESIAN_POINT ( 'NONE',  ( -77.30613868343768047, 2.085786437626905965, 46.05639537109471604 ) ) ;
#1811 = DIRECTION ( 'NONE',  ( 1.000000000000000000, 0.000000000000000000, 0.000000000000000000 ) ) ;
#1812 = ORIENTED_EDGE ( 'NONE', *, *, #835, .F. ) ;
#1813 = FACE_OUTER_BOUND ( 'NONE', #183, .T. ) ;
#1814 = EDGE_LOOP ( 'NONE', ( #1647, #1993, #1660, #1286 ) ) ;
#1815 = APPROVAL_DATE_TIME ( #948, #2707 ) ;
#1816 = EDGE_CURVE ( 'NONE', #9, #2252, #1014, .T. ) ;
#1817 = AXIS2_PLACEMENT_3D ( 'NONE', #689, #513, #1370 ) ;
#1818 = DIRECTION ( 'NONE',  ( -0.000000000000000000, -0.7071067811865425767, 0.7071067811865525687 ) ) ;
#1819 = DIRECTION ( 'NONE',  ( 0.000000000000000000, 0.000000000000000000, -1.000000000000000000 ) ) ;
#1820 = DIRECTION ( 'NONE',  ( 0.5773502691896177375, -0.5773502691896337247, 0.5773502691896257311 ) ) ;
#1821 = EDGE_LOOP ( 'NONE', ( #2381, #1710, #971, #210, #2303, #843, #1915, #2153, #1959, #1023, #1468, #1930 ) ) ;
#1822 = VECTOR ( 'NONE', #2736, 1000.000000000000000 ) ;
#1823 = CARTESIAN_POINT ( 'NONE',  ( -51.88302379914203044, 2.000000000000000000, -56.79999999999999005 ) ) ;
#1824 = CIRCLE ( 'NONE', #1186, 1.999999999999998224 ) ;
#1825 = CARTESIAN_POINT ( 'NONE',  ( -51.49192512106459674, 2.000000000000000000, 44.64218180872160247 ) ) ;
#1826 = EDGE_CURVE ( 'NONE', #918, #1481, #1668, .T. ) ;
#1827 = FACE_OUTER_BOUND ( 'NONE', #720, .T. ) ;
#1828 = ORIENTED_EDGE ( 'NONE', *, *, #1826, .F. ) ;
#1829 = VECTOR ( 'NONE', #2663, 1000.000000000000000 ) ;
#1830 = CC_DESIGN_DATE_AND_TIME_ASSIGNMENT ( #563, #1834, ( #792 ) ) ;
#1831 = LINE ( 'NONE', #560, #960 ) ;
#1832 = EDGE_CURVE ( 'NONE', #973, #991, #2318, .T. ) ;
#1833 = ORIENTED_EDGE ( 'NONE', *, *, #2115, .T. ) ;
#1834 = DATE_TIME_ROLE ( 'creation_date' ) ;
#1835 = CIRCLE ( 'NONE', #614, 1.999999999999998224 ) ;
#1836 = LINE ( 'NONE', #1191, #2470 ) ;
#1837 = CARTESIAN_POINT ( 'NONE',  ( -44.78302379914200770, 2.000000000000000000, -24.69999999999999218 ) ) ;
#1838 = DIRECTION ( 'NONE',  ( 0.000000000000000000, 0.000000000000000000, 1.000000000000000000 ) ) ;
#1839 = ORIENTED_EDGE ( 'NONE', *, *, #861, .T. ) ;
#1840 = LINE ( 'NONE', #2249, #1510 ) ;
#1841 = EDGE_LOOP ( 'NONE', ( #1056, #2226, #1151, #2433, #919, #2200, #170 ) ) ;
#1842 = DIRECTION ( 'NONE',  ( 0.000000000000000000, 0.000000000000000000, 1.000000000000000000 ) ) ;
#1843 = ORIENTED_EDGE ( 'NONE', *, *, #2306, .T. ) ;
#1844 = DIRECTION ( 'NONE',  ( -0.000000000000000000, -0.7071067811865573427, -0.7071067811865378028 ) ) ;
#1845 = EDGE_CURVE ( 'NONE', #1432, #2214, #1469, .T. ) ;
#1846 = VECTOR ( 'NONE', #1249, 1000.000000000000000 ) ;
#1847 = ORIENTED_EDGE ( 'NONE', *, *, #2645, .F. ) ;
#1848 = EDGE_CURVE ( 'NONE', #646, #1180, #409, .T. ) ;
#1849 = VECTOR ( 'NONE', #1559, 1000.000000000000000 ) ;
#1850 = DIRECTION ( 'NONE',  ( 0.000000000000000000, 0.000000000000000000, 1.000000000000000000 ) ) ;
#1851 = ORIENTED_EDGE ( 'NONE', *, *, #2757, .F. ) ;
#1852 = DATE_AND_TIME ( #759, #143 ) ;
#1853 = FACE_OUTER_BOUND ( 'NONE', #1841, .T. ) ;
#1854 = CARTESIAN_POINT ( 'NONE',  ( -77.39192512106460242, 2.000000000000000000, -38.25781819127838190 ) ) ;
#1855 = CARTESIAN_POINT ( 'NONE',  ( 19.54839547095971852, -9.285028730361059246, -23.57005746072199415 ) ) ;
#1856 = VERTEX_POINT ( 'NONE', #1040 ) ;
#1857 = DIRECTION ( 'NONE',  ( 1.000000000000000000, 0.000000000000000000, 0.000000000000000000 ) ) ;
#1858 = ORIENTED_EDGE ( 'NONE', *, *, #506, .F. ) ;
#1859 = DIRECTION ( 'NONE',  ( 0.000000000000000000, 0.000000000000000000, -1.000000000000000000 ) ) ;
#1860 = ORIENTED_EDGE ( 'NONE', *, *, #215, .F. ) ;
#1861 = FACE_OUTER_BOUND ( 'NONE', #2442, .T. ) ;
#1862 = LINE ( 'NONE', #1417, #1323 ) ;
#1863 = EDGE_LOOP ( 'NONE', ( #498, #29, #463, #1624, #254 ) ) ;
#1864 = DIRECTION ( 'NONE',  ( 0.000000000000000000, -0.000000000000000000, 1.000000000000000000 ) ) ;
#1865 = CARTESIAN_POINT ( 'NONE',  ( -31.48302379914201410, 0.000000000000000000, -26.19999999999999574 ) ) ;
#1866 = LINE ( 'NONE', #150, #32 ) ;
#1867 = VECTOR ( 'NONE', #2540, 1000.000000000000000 ) ;
#1868 = CARTESIAN_POINT ( 'NONE',  ( -41.49192512106460384, 2.000000000000000000, -40.65508619108271660 ) ) ;
#1869 = CARTESIAN_POINT ( 'NONE',  ( -31.03663325940095419, 4.000000000000000000, -36.85508619108274075 ) ) ;
#1870 = DIRECTION ( 'NONE',  ( 1.000000000000000000, 0.000000000000000000, 0.000000000000000000 ) ) ;
#1871 = ORIENTED_EDGE ( 'NONE', *, *, #1679, .F. ) ;
#1872 = EDGE_CURVE ( 'NONE', #2628, #271, #1065, .T. ) ;
#1873 = VECTOR ( 'NONE', #1238, 1000.000000000000000 ) ;
#1874 = DIRECTION ( 'NONE',  ( 1.000000000000000000, 0.000000000000000000, 0.000000000000000000 ) ) ;
#1875 = CARTESIAN_POINT ( 'NONE',  ( -53.99192512106459674, 2.499999999999992895, -38.25781819127839611 ) ) ;
#1876 = AXIS2_PLACEMENT_3D ( 'NONE', #635, #833, #1694 ) ;
#1877 = ORIENTED_EDGE ( 'NONE', *, *, #2701, .T. ) ;
#1878 = CARTESIAN_POINT ( 'NONE',  ( -31.03663325940095419, 4.000000000000000000, -36.85508619108274075 ) ) ;
#1879 = CIRCLE ( 'NONE', #1687, 2.000000000000001776 ) ;
#1880 = DIRECTION ( 'NONE',  ( -1.000000000000000000, 0.000000000000000000, 2.843808977011158816E-16 ) ) ;
#1881 = DIRECTION ( 'NONE',  ( -1.000000000000000000, 0.000000000000000000, -0.000000000000000000 ) ) ;
#1882 = EDGE_CURVE ( 'NONE', #228, #577, #1054, .T. ) ;
#1883 = EDGE_CURVE ( 'NONE', #313, #1459, #1269, .T. ) ;
#1884 = DIRECTION ( 'NONE',  ( -0.000000000000000000, -1.000000000000000000, 0.000000000000000000 ) ) ;
#1885 = DIRECTION ( 'NONE',  ( -0.000000000000000000, -1.000000000000000000, -0.000000000000000000 ) ) ;
#1886 = CARTESIAN_POINT ( 'NONE',  ( -58.99192512106459674, 4.000000000000000000, 45.64218180872161668 ) ) ;
#1887 = ORIENTED_EDGE ( 'NONE', *, *, #2631, .T. ) ;
#1888 = DIRECTION ( 'NONE',  ( 0.000000000000000000, 0.000000000000000000, -1.000000000000000000 ) ) ;
#1889 = LINE ( 'NONE', #2506, #2632 ) ;
#1890 = ADVANCED_FACE ( 'NONE', ( #1521 ), #212, .T. ) ;
#1891 = VECTOR ( 'NONE', #1617, 1000.000000000000000 ) ;
#1892 = ORIENTED_EDGE ( 'NONE', *, *, #1168, .T. ) ;
#1893 = DIRECTION ( 'NONE',  ( 0.000000000000000000, 0.000000000000000000, -1.000000000000000000 ) ) ;
#1894 = CARTESIAN_POINT ( 'NONE',  ( -75.89192512106458821, 2.000000000000000000, 44.64218180872161668 ) ) ;
#1895 = PLANE ( 'NONE',  #2205 ) ;
#1896 = CARTESIAN_POINT ( 'NONE',  ( -75.89192512106457400, 2.000000000000000000, 46.64218180872161668 ) ) ;
#1897 = CARTESIAN_POINT ( 'NONE',  ( -33.48302379914203186, 2.000000000000000000, -24.19999999999997797 ) ) ;
#1898 = ORIENTED_EDGE ( 'NONE', *, *, #326, .F. ) ;
#1899 = CARTESIAN_POINT ( 'NONE',  ( -47.46247446010325177, -8.429450660961206765, -56.79999999999999005 ) ) ;
#1900 = LINE ( 'NONE', #2143, #302 ) ;
#1901 = ORIENTED_EDGE ( 'NONE', *, *, #2730, .F. ) ;
#1902 = ORIENTED_EDGE ( 'NONE', *, *, #3, .F. ) ;
#1903 = LINE ( 'NONE', #2759, #1021 ) ;
#1904 = CYLINDRICAL_SURFACE ( 'NONE', #1318, 2.000000000000001776 ) ;
#1905 = ADVANCED_FACE ( 'NONE', ( #249 ), #2594, .F. ) ;
#1906 = CARTESIAN_POINT ( 'NONE',  ( 7.763366740599051852, 2.500000000000000444, -51.15508619108273081 ) ) ;
#1907 = EDGE_LOOP ( 'NONE', ( #1787, #2018, #2697, #2504 ) ) ;
#1908 = DIRECTION ( 'NONE',  ( -1.000000000000000000, 0.000000000000000000, 2.843808977011158816E-16 ) ) ;
#1909 = EDGE_LOOP ( 'NONE', ( #1165, #1262, #2, #168 ) ) ;
#1910 = AXIS2_PLACEMENT_3D ( 'NONE', #306, #1518, #912 ) ;
#1911 = CARTESIAN_POINT ( 'NONE',  ( -50.38302379914202334, 4.000000000000000000, 0.000000000000000000 ) ) ;
#1912 = CARTESIAN_POINT ( 'NONE',  ( -53.99192512106459674, 2.500000000000000444, 45.64218180872161668 ) ) ;
#1913 = EDGE_CURVE ( 'NONE', #201, #285, #2321, .T. ) ;
#1914 = AXIS2_PLACEMENT_3D ( 'NONE', #1134, #745, #2034 ) ;
#1915 = ORIENTED_EDGE ( 'NONE', *, *, #2188, .T. ) ;
#1916 = AXIS2_PLACEMENT_3D ( 'NONE', #2775, #1264, #203 ) ;
#1917 = VERTEX_POINT ( 'NONE', #2608 ) ;
#1918 = CC_DESIGN_PERSON_AND_ORGANIZATION_ASSIGNMENT ( #1791, #937, ( #1433 ) ) ;
#1919 = ORIENTED_EDGE ( 'NONE', *, *, #40, .T. ) ;
#1920 = EDGE_CURVE ( 'NONE', #1441, #503, #2392, .T. ) ;
#1921 = DIRECTION ( 'NONE',  ( 0.000000000000000000, 0.000000000000000000, -1.000000000000000000 ) ) ;
#1922 = AXIS2_PLACEMENT_3D ( 'NONE', #1927, #237, #672 ) ;
#1923 = LINE ( 'NONE', #841, #660 ) ;
#1924 = CARTESIAN_POINT ( 'NONE',  ( -37.03302379914204323, 2.000000000000000000, -56.79999999999999005 ) ) ;
#1925 = DIRECTION ( 'NONE',  ( -0.000000000000000000, -1.000000000000000000, -0.000000000000000000 ) ) ;
#1926 = VERTEX_POINT ( 'NONE', #1108 ) ;
#1927 = CARTESIAN_POINT ( 'NONE',  ( 6.763366740599049187, 2.000000000000000000, -54.79999999999999005 ) ) ;
#1928 = CARTESIAN_POINT ( 'NONE',  ( 7.763366740599051852, 4.000000000000000000, 0.000000000000000000 ) ) ;
#1929 = EDGE_CURVE ( 'NONE', #768, #2383, #847, .T. ) ;
#1930 = ORIENTED_EDGE ( 'NONE', *, *, #2171, .F. ) ;
#1931 = EDGE_CURVE ( 'NONE', #2727, #2268, #2382, .T. ) ;
#1932 = ORIENTED_EDGE ( 'NONE', *, *, #502, .F. ) ;
#1933 = CIRCLE ( 'NONE', #184, 9.999999999999998224 ) ;
#1934 = CARTESIAN_POINT ( 'NONE',  ( 7.763366740599051852, 2.500000000000000444, 0.000000000000000000 ) ) ;
#1935 = APPROVAL_PERSON_ORGANIZATION ( #772, #2707, #2660 ) ;
#1936 = LINE ( 'NONE', #6, #1020 ) ;
#1937 = LINE ( 'NONE', #496, #71 ) ;
#1938 = CARTESIAN_POINT ( 'NONE',  ( -76.89192512106460242, 4.000000000000000000, -38.25781819127838190 ) ) ;
#1939 = VERTEX_POINT ( 'NONE', #1550 ) ;
#1940 = CARTESIAN_POINT ( 'NONE',  ( -32.18302379914201339, 4.000000000000000000, 0.000000000000000000 ) ) ;
#1941 = CARTESIAN_POINT ( 'NONE',  ( -31.03663325940094708, 4.000000000000000000, -51.15508619108273791 ) ) ;
#1942 = EDGE_CURVE ( 'NONE', #312, #2706, #634, .T. ) ;
#1943 = EDGE_LOOP ( 'NONE', ( #1583, #2157, #941, #2684 ) ) ;
#1944 = ORIENTED_EDGE ( 'NONE', *, *, #1251, .T. ) ;
#1945 = PLANE ( 'NONE',  #1724 ) ;
#1946 = LINE ( 'NONE', #2161, #1389 ) ;
#1947 = DIRECTION ( 'NONE',  ( 1.000000000000000000, 0.000000000000000000, -1.721809901713952306E-16 ) ) ;
#1948 = CARTESIAN_POINT ( 'NONE',  ( 6.263366740599053628, 2.000000000000000000, -40.65508619108271660 ) ) ;
#1949 = DIRECTION ( 'NONE',  ( -0.000000000000000000, -1.000000000000000000, -0.000000000000000000 ) ) ;
#1950 = ORIENTED_EDGE ( 'NONE', *, *, #2162, .F. ) ;
#1951 = CARTESIAN_POINT ( 'NONE',  ( -29.52201586609495010, 17.26100793304747327, -39.96100793304704979 ) ) ;
#1952 = DIRECTION ( 'NONE',  ( -0.000000000000000000, -1.000000000000000000, -0.000000000000000000 ) ) ;
#1953 = EDGE_CURVE ( 'NONE', #268, #2194, #1281, .T. ) ;
#1954 = AXIS2_PLACEMENT_3D ( 'NONE', #1654, #354, #1870 ) ;
#1955 = VERTEX_POINT ( 'NONE', #458 ) ;
#1956 = VECTOR ( 'NONE', #2590, 1000.000000000000000 ) ;
#1957 = ORIENTED_EDGE ( 'NONE', *, *, #1699, .F. ) ;
#1958 = VECTOR ( 'NONE', #665, 1000.000000000000000 ) ;
#1959 = ORIENTED_EDGE ( 'NONE', *, *, #1832, .F. ) ;
#1960 = CARTESIAN_POINT ( 'NONE',  ( 0.000000000000000000, 4.000000000000000000, -51.15508619108273081 ) ) ;
#1961 = PLANE ( 'NONE',  #1 ) ;
#1962 = ADVANCED_FACE ( 'NONE', ( #657 ), #224, .T. ) ;
#1963 = DIRECTION ( 'NONE',  ( 1.000000000000000000, -0.000000000000000000, 0.000000000000000000 ) ) ;
#1964 = FACE_OUTER_BOUND ( 'NONE', #851, .T. ) ;
#1965 = CARTESIAN_POINT ( 'NONE',  ( 0.000000000000000000, 4.000000000000000000, -36.75781819127838901 ) ) ;
#1966 = VERTEX_POINT ( 'NONE', #1718 ) ;
#1967 = ADVANCED_FACE ( 'NONE', ( #2579 ), #1309, .T. ) ;
#1968 = VECTOR ( 'NONE', #2285, 1000.000000000000000 ) ;
#1969 = DIRECTION ( 'NONE',  ( -0.000000000000000000, -1.000000000000000000, -0.000000000000000000 ) ) ;
#1970 = PLANE ( 'NONE',  #248 ) ;
#1971 = ORIENTED_EDGE ( 'NONE', *, *, #2371, .F. ) ;
#1972 = EDGE_CURVE ( 'NONE', #2481, #175, #1983, .T. ) ;
#1973 = ORIENTED_EDGE ( 'NONE', *, *, #741, .T. ) ;
#1974 = ORIENTED_EDGE ( 'NONE', *, *, #1632, .T. ) ;
#1975 = DIRECTION ( 'NONE',  ( 0.000000000000000000, 1.000000000000000000, -0.000000000000000000 ) ) ;
#1976 = LINE ( 'NONE', #46, #2425 ) ;
#1977 = DIRECTION ( 'NONE',  ( -5.256737805990339828E-16, 0.000000000000000000, 1.000000000000000000 ) ) ;
#1978 = AXIS2_PLACEMENT_3D ( 'NONE', #855, #1515, #1977 ) ;
#1979 = DIRECTION ( 'NONE',  ( -0.000000000000000000, -1.000000000000000000, -0.000000000000000000 ) ) ;
#1980 = PLANE ( 'NONE',  #1045 ) ;
#1981 = VERTEX_POINT ( 'NONE', #874 ) ;
#1982 = EDGE_CURVE ( 'NONE', #2584, #2615, #1333, .T. ) ;
#1983 = LINE ( 'NONE', #1297, #1013 ) ;
#1984 = CARTESIAN_POINT ( 'NONE',  ( -38.28302379914202191, 4.000000000000000000, 0.000000000000000000 ) ) ;
#1985 = ORIENTED_EDGE ( 'NONE', *, *, #412, .T. ) ;
#1986 = ORIENTED_EDGE ( 'NONE', *, *, #1538, .F. ) ;
#1987 = VERTEX_POINT ( 'NONE', #1734 ) ;
#1988 = ORIENTED_EDGE ( 'NONE', *, *, #1078, .T. ) ;
#1989 = DIRECTION ( 'NONE',  ( -0.000000000000000000, -1.000000000000000000, -0.000000000000000000 ) ) ;
#1990 = DIRECTION ( 'NONE',  ( -0.000000000000000000, -1.000000000000000000, -0.000000000000000000 ) ) ;
#1991 = CARTESIAN_POINT ( 'NONE',  ( -77.89192512106458821, 2.000000000000000000, 44.64218180872160247 ) ) ;
#1992 = DIRECTION ( 'NONE',  ( -0.000000000000000000, -1.000000000000000000, -0.000000000000000000 ) ) ;
#1993 = ORIENTED_EDGE ( 'NONE', *, *, #1311, .T. ) ;
#1994 = EDGE_CURVE ( 'NONE', #2576, #201, #900, .T. ) ;
#1995 = CARTESIAN_POINT ( 'NONE',  ( 0.000000000000000000, 4.000000000000000000, 0.000000000000000000 ) ) ;
#1996 = CARTESIAN_POINT ( 'NONE',  ( -31.48302379914201410, 0.000000000000000000, -26.19999999999999574 ) ) ;
#1997 = ORIENTED_EDGE ( 'NONE', *, *, #1084, .F. ) ;
#1998 = EDGE_LOOP ( 'NONE', ( #1183, #2049, #1144, #2403 ) ) ;
#1999 = EDGE_CURVE ( 'NONE', #1302, #190, #64, .T. ) ;
#2000 = VERTEX_POINT ( 'NONE', #294 ) ;
#2001 = VECTOR ( 'NONE', #1154, 1000.000000000000000 ) ;
#2002 = EDGE_CURVE ( 'NONE', #973, #2252, #1840, .T. ) ;
#2003 = AXIS2_PLACEMENT_3D ( 'NONE', #279, #1604, #2467 ) ;
#2004 = CARTESIAN_POINT ( 'NONE',  ( 6.763366740599049187, 0.000000000000000000, -36.35508619108273365 ) ) ;
#2005 = DIRECTION ( 'NONE',  ( 1.000000000000000000, 0.000000000000000000, 0.000000000000000000 ) ) ;
#2006 = VECTOR ( 'NONE', #526, 1000.000000000000000 ) ;
#2007 = VECTOR ( 'NONE', #1176, 1000.000000000000000 ) ;
#2008 = CARTESIAN_POINT ( 'NONE',  ( -44.28302379914202191, 2.500000000000000444, 0.000000000000000000 ) ) ;
#2009 = CARTESIAN_POINT ( 'NONE',  ( -1.087979268132183381E-14, 4.000000000000000000, -38.25781819127840322 ) ) ;
#2010 = DIRECTION ( 'NONE',  ( -0.000000000000000000, -1.000000000000000000, -0.000000000000000000 ) ) ;
#2011 = VECTOR ( 'NONE', #2586, 1000.000000000000000 ) ;
#2012 = ORIENTED_EDGE ( 'NONE', *, *, #1027, .T. ) ;
#2013 = EDGE_CURVE ( 'NONE', #1537, #2517, #2549, .T. ) ;
#2014 = CARTESIAN_POINT ( 'NONE',  ( -51.88302379914203044, -13.09999999999997655, -17.09999999999997655 ) ) ;
#2015 = PLANE ( 'NONE',  #1271 ) ;
#2016 = ORIENTED_EDGE ( 'NONE', *, *, #1994, .F. ) ;
#2017 = VECTOR ( 'NONE', #1707, 1000.000000000000114 ) ;
#2018 = ORIENTED_EDGE ( 'NONE', *, *, #2031, .F. ) ;
#2019 = EDGE_CURVE ( 'NONE', #2464, #477, #2102, .T. ) ;
#2020 = DIRECTION ( 'NONE',  ( 0.000000000000000000, 0.000000000000000000, 1.000000000000000000 ) ) ;
#2021 = CALENDAR_DATE ( 2026, 1, 3 ) ;
#2022 = PLANE ( 'NONE',  #2598 ) ;
#2023 = CARTESIAN_POINT ( 'NONE',  ( 0.000000000000000000, 4.000000000000000000, -54.45508619108274218 ) ) ;
#2024 = CARTESIAN_POINT ( 'NONE',  ( 0.000000000000000000, 4.000000000000000000, -32.69999999999997442 ) ) ;
#2025 = VERTEX_POINT ( 'NONE', #2414 ) ;
#2026 = AXIS2_PLACEMENT_3D ( 'NONE', #2134, #1702, #1060 ) ;
#2027 = DIRECTION ( 'NONE',  ( 0.000000000000000000, 0.000000000000000000, -1.000000000000000000 ) ) ;
#2028 = CARTESIAN_POINT ( 'NONE',  ( 8.097909714790626268, 2.165457025808414038, -56.28962916527432014 ) ) ;
#2029 = ORIENTED_EDGE ( 'NONE', *, *, #43, .F. ) ;
#2030 = ORIENTED_EDGE ( 'NONE', *, *, #2614, .T. ) ;
#2031 = EDGE_CURVE ( 'NONE', #2322, #236, #540, .T. ) ;
#2032 = FACE_OUTER_BOUND ( 'NONE', #692, .T. ) ;
#2033 = PLANE ( 'NONE',  #622 ) ;
#2034 = DIRECTION ( 'NONE',  ( 0.000000000000000000, 0.000000000000000000, 1.000000000000000000 ) ) ;
#2035 = LINE ( 'NONE', #93, #2140 ) ;
#2036 = ORIENTED_EDGE ( 'NONE', *, *, #2631, .F. ) ;
#2037 = EDGE_CURVE ( 'NONE', #27, #1966, #2223, .T. ) ;
#2038 = DIRECTION ( 'NONE',  ( 0.000000000000000000, 0.000000000000000000, -1.000000000000000000 ) ) ;
#2039 = CARTESIAN_POINT ( 'NONE',  ( -52.07771155869151158, 2.085786437626893974, 46.05639537109471604 ) ) ;
#2040 = ADVANCED_FACE ( 'NONE', ( #2654 ), #1166, .T. ) ;
#2041 = LINE ( 'NONE', #108, #2053 ) ;
#2042 = VERTEX_POINT ( 'NONE', #2640 ) ;
#2043 = CARTESIAN_POINT ( 'NONE',  ( -51.49192512106459674, 2.000000000000000000, -14.19999999999990692 ) ) ;
#2044 = ORIENTED_EDGE ( 'NONE', *, *, #2547, .T. ) ;
#2045 = VECTOR ( 'NONE', #1198, 1000.000000000000000 ) ;
#2046 = PLANE ( 'NONE',  #1252 ) ;
#2047 = CARTESIAN_POINT ( 'NONE',  ( 6.263366740599051852, 2.000000000000000000, -54.45508619108274218 ) ) ;
#2048 = CARTESIAN_POINT ( 'NONE',  ( -65.24453118482387026, 15.25260606375962524, -25.50521212751899469 ) ) ;
#2049 = ORIENTED_EDGE ( 'NONE', *, *, #1284, .T. ) ;
#2050 = VECTOR ( 'NONE', #631, 1000.000000000000000 ) ;
#2051 = EDGE_CURVE ( 'NONE', #419, #934, #1343, .T. ) ;
#2052 = CARTESIAN_POINT ( 'NONE',  ( -29.48302379914201765, 2.000000000000000000, -32.35508619108273365 ) ) ;
#2053 = VECTOR ( 'NONE', #1185, 1000.000000000000000 ) ;
#2054 = ORIENTED_EDGE ( 'NONE', *, *, #2089, .F. ) ;
#2055 = CARTESIAN_POINT ( 'NONE',  ( -32.18302379914200628, 4.000000000000000000, 0.000000000000000000 ) ) ;
#2056 = EDGE_CURVE ( 'NONE', #2653, #2774, #1601, .T. ) ;
#2057 = ORIENTED_EDGE ( 'NONE', *, *, #2338, .F. ) ;
#2058 = CARTESIAN_POINT ( 'NONE',  ( -30.68302379914201339, 4.000000000000000000, -56.79999999999999716 ) ) ;
#2059 = ORIENTED_EDGE ( 'NONE', *, *, #2423, .T. ) ;
#2060 = AXIS2_PLACEMENT_3D ( 'NONE', #1565, #1783, #1138 ) ;
#2061 = DIRECTION ( 'NONE',  ( -1.000000000000000000, -0.000000000000000000, -0.000000000000000000 ) ) ;
#2062 = ORIENTED_EDGE ( 'NONE', *, *, #2162, .T. ) ;
#2063 = CALENDAR_DATE ( 2026, 1, 3 ) ;
#2064 = DIRECTION ( 'NONE',  ( -0.000000000000000000, -1.000000000000000000, -0.000000000000000000 ) ) ;
#2065 = LINE ( 'NONE', #1149, #344 ) ;
#2066 = LINE ( 'NONE', #2299, #2105 ) ;
#2067 = ORIENTED_EDGE ( 'NONE', *, *, #1608, .T. ) ;
#2068 = FACE_OUTER_BOUND ( 'NONE', #2639, .T. ) ;
#2069 = ORIENTED_EDGE ( 'NONE', *, *, #1790, .T. ) ;
#2070 = CARTESIAN_POINT ( 'NONE',  ( -31.03663325940095419, 2.000000000000000000, -36.85508619108274075 ) ) ;
#2071 = EDGE_LOOP ( 'NONE', ( #1532, #602, #14, #1170 ) ) ;
#2072 = VECTOR ( 'NONE', #1818, 999.9999999999998863 ) ;
#2073 = CARTESIAN_POINT ( 'NONE',  ( 6.763366740599049187, 2.000000000000000000, -54.79999999999999005 ) ) ;
#2074 = FACE_OUTER_BOUND ( 'NONE', #831, .T. ) ;
#2075 = VECTOR ( 'NONE', #194, 1000.000000000000000 ) ;
#2076 =( GEOMETRIC_REPRESENTATION_CONTEXT ( 3 ) GLOBAL_UNCERTAINTY_ASSIGNED_CONTEXT ( ( #850 ) ) GLOBAL_UNIT_ASSIGNED_CONTEXT ( ( #276, #1304, #1118 ) ) REPRESENTATION_CONTEXT ( 'NONE', 'WORKASPACE' ) );
#2077 = ORIENTED_EDGE ( 'NONE', *, *, #2121, .T. ) ;
#2078 = EDGE_CURVE ( 'NONE', #271, #2481, #2666, .T. ) ;
#2079 = FACE_OUTER_BOUND ( 'NONE', #2351, .T. ) ;
#2080 = DIRECTION ( 'NONE',  ( 0.000000000000000000, 1.000000000000000000, 0.000000000000000000 ) ) ;
#2081 = DIRECTION ( 'NONE',  ( 0.000000000000000000, 0.000000000000000000, -1.000000000000000000 ) ) ;
#2082 = DIRECTION ( 'NONE',  ( 1.000000000000000000, 0.000000000000000000, -0.000000000000000000 ) ) ;
#2083 = EDGE_LOOP ( 'NONE', ( #1695, #2147, #1349, #256 ) ) ;
#2084 = LINE ( 'NONE', #1625, #2537 ) ;
#2085 = ORIENTED_EDGE ( 'NONE', *, *, #615, .F. ) ;
#2086 = CARTESIAN_POINT ( 'NONE',  ( -31.48302379914201410, 2.000000000000000000, -26.19999999999999574 ) ) ;
#2087 = DIRECTION ( 'NONE',  ( -1.000000000000000000, 0.000000000000000000, -0.000000000000000000 ) ) ;
#2088 = EDGE_CURVE ( 'NONE', #2282, #2322, #310, .T. ) ;
#2089 = EDGE_CURVE ( 'NONE', #1444, #664, #2431, .T. ) ;
#2090 = ORIENTED_EDGE ( 'NONE', *, *, #1528, .F. ) ;
#2091 = LINE ( 'NONE', #2746, #2692 ) ;
#2092 = DIRECTION ( 'NONE',  ( -1.000000000000000000, -0.000000000000000000, -0.000000000000000000 ) ) ;
#2093 = CARTESIAN_POINT ( 'NONE',  ( -29.48302379914199989, 2.000000000000000000, -34.35508619108273365 ) ) ;
#2094 = VECTOR ( 'NONE', #1242, 1000.000000000000000 ) ;
#2095 = DIRECTION ( 'NONE',  ( 0.000000000000000000, 0.000000000000000000, -1.000000000000000000 ) ) ;
#2096 = CARTESIAN_POINT ( 'NONE',  ( -57.89192512106446031, 2.000000000000000000, -56.79999999999999005 ) ) ;
#2097 = PLANE ( 'NONE',  #1085 ) ;
#2098 = EDGE_CURVE ( 'NONE', #1629, #2597, #970, .T. ) ;
#2099 = ORIENTED_EDGE ( 'NONE', *, *, #873, .T. ) ;
#2100 = VECTOR ( 'NONE', #2061, 1000.000000000000000 ) ;
#2101 = DIRECTION ( 'NONE',  ( -0.000000000000000000, -1.000000000000000000, -0.000000000000000000 ) ) ;
#2102 =( BOUNDED_CURVE ( )  B_SPLINE_CURVE ( 3, ( #2457, #954, #1579, #1810 ),
 .UNSPECIFIED., .F., .F. ) 
 B_SPLINE_CURVE_WITH_KNOTS ( ( 4, 4 ),
 ( 0.7227342478134082260, 0.7853981633974436161 ),
 .UNSPECIFIED. ) 
 CURVE ( )  GEOMETRIC_REPRESENTATION_ITEM ( )  RATIONAL_B_SPLINE_CURVE ( ( 1.000000000000000000, 0.9996727962427179870, 0.9996727962427179870, 1.000000000000000000 ) ) 
 REPRESENTATION_ITEM ( '' )  );
#2103 = CARTESIAN_POINT ( 'NONE',  ( 0.000000000000000000, 4.000000000000000000, 45.64218180872161668 ) ) ;
#2104 = ORIENTED_EDGE ( 'NONE', *, *, #2128, .T. ) ;
#2105 = VECTOR ( 'NONE', #1820, 1000.000000000000114 ) ;
#2106 = CARTESIAN_POINT ( 'NONE',  ( 7.763366740599051852, 2.500000000000000444, -51.15508619108273081 ) ) ;
#2107 = DIRECTION ( 'NONE',  ( -0.000000000000000000, -1.000000000000000000, -0.000000000000000000 ) ) ;
#2108 = DIRECTION ( 'NONE',  ( -1.000000000000000000, 0.000000000000000000, -0.000000000000000000 ) ) ;
#2109 = CARTESIAN_POINT ( 'NONE',  ( -52.49192512106459674, 2.000000000000000000, -38.75781819127838190 ) ) ;
#2110 = LINE ( 'NONE', #1037, #1132 ) ;
#2111 = ORIENTED_EDGE ( 'NONE', *, *, #588, .F. ) ;
#2112 = CARTESIAN_POINT ( 'NONE',  ( 0.000000000000000000, 4.000000000000000000, -55.29999999999999716 ) ) ;
#2113 = CARTESIAN_POINT ( 'NONE',  ( -44.28302379914202191, 4.000000000000000000, -25.19999999999997797 ) ) ;
#2114 = VECTOR ( 'NONE', #508, 1000.000000000000000 ) ;
#2115 = EDGE_CURVE ( 'NONE', #885, #1770, #1835, .T. ) ;
#2116 = EDGE_LOOP ( 'NONE', ( #411, #1887, #2528, #457 ) ) ;
#2117 = LOCAL_TIME ( 23, 18, 56.00000000000000000, #1173 ) ;
#2118 = ORIENTED_EDGE ( 'NONE', *, *, #2002, .T. ) ;
#2119 = LINE ( 'NONE', #191, #1846 ) ;
#2120 = CARTESIAN_POINT ( 'NONE',  ( -75.89192512106457400, 0.000000000000000000, 46.64218180872161668 ) ) ;
#2121 = EDGE_CURVE ( 'NONE', #1755, #1987, #930, .T. ) ;
#2122 = DIRECTION ( 'NONE',  ( 0.000000000000000000, 0.000000000000000000, -1.000000000000000000 ) ) ;
#2123 = LINE ( 'NONE', #2096, #209 ) ;
#2124 = LINE ( 'NONE', #1492, #1774 ) ;
#2125 = ORIENTED_EDGE ( 'NONE', *, *, #2711, .T. ) ;
#2126 = CARTESIAN_POINT ( 'NONE',  ( -58.99192512106459674, 2.500000000000000444, 45.64218180872161668 ) ) ;
#2127 = LINE ( 'NONE', #398, #2489 ) ;
#2128 = EDGE_CURVE ( 'NONE', #969, #2411, #165, .T. ) ;
#2129 = APPLICATION_CONTEXT ( 'configuration controlled 3d designs of mechanical parts and assemblies' ) ;
#2130 = VERTEX_POINT ( 'NONE', #106 ) ;
#2131 = EDGE_LOOP ( 'NONE', ( #2187, #812, #1057, #1449 ) ) ;
#2132 = ORIENTED_EDGE ( 'NONE', *, *, #1069, .T. ) ;
#2133 = LINE ( 'NONE', #376, #2314 ) ;
#2134 = CARTESIAN_POINT ( 'NONE',  ( 6.763366740599049187, 2.000000000000000000, -54.79999999999999005 ) ) ;
#2135 = VERTEX_POINT ( 'NONE', #1823 ) ;
#2136 = CARTESIAN_POINT ( 'NONE',  ( -76.89192512106458821, 4.000000000000000000, 45.64218180872161668 ) ) ;
#2137 = ORIENTED_EDGE ( 'NONE', *, *, #1424, .F. ) ;
#2138 = VECTOR ( 'NONE', #1384, 1000.000000000000000 ) ;
#2139 = EDGE_CURVE ( 'NONE', #1709, #664, #748, .T. ) ;
#2140 = VECTOR ( 'NONE', #1635, 1000.000000000000000 ) ;
#2141 = CARTESIAN_POINT ( 'NONE',  ( -45.53302379914200770, 2.000000000000000000, -55.29999999999999005 ) ) ;
#2142 = EDGE_CURVE ( 'NONE', #175, #1373, #1397, .T. ) ;
#2143 = CARTESIAN_POINT ( 'NONE',  ( -51.49192512106459674, 2.000000000000000000, 44.64218180872160247 ) ) ;
#2144 = VECTOR ( 'NONE', #1491, 1000.000000000000000 ) ;
#2145 = ORIENTED_EDGE ( 'NONE', *, *, #674, .F. ) ;
#2146 = VECTOR ( 'NONE', #923, 1000.000000000000000 ) ;
#2147 = ORIENTED_EDGE ( 'NONE', *, *, #30, .F. ) ;
#2148 = LINE ( 'NONE', #881, #2675 ) ;
#2149 = VECTOR ( 'NONE', #551, 1000.000000000000000 ) ;
#2150 = DIRECTION ( 'NONE',  ( 0.000000000000000000, 0.000000000000000000, -1.000000000000000000 ) ) ;
#2151 = DIRECTION ( 'NONE',  ( 1.000000000000000000, 0.000000000000000000, 0.000000000000000000 ) ) ;
#2152 = PLANE ( 'NONE',  #734 ) ;
#2153 = ORIENTED_EDGE ( 'NONE', *, *, #708, .T. ) ;
#2154 = CARTESIAN_POINT ( 'NONE',  ( -38.28302379914202191, 4.000000000000000000, 0.000000000000000000 ) ) ;
#2155 = DIRECTION ( 'NONE',  ( -1.000000000000000000, 0.000000000000000000, 0.000000000000000000 ) ) ;
#2156 = ORIENTED_EDGE ( 'NONE', *, *, #1424, .T. ) ;
#2157 = ORIENTED_EDGE ( 'NONE', *, *, #1141, .T. ) ;
#2158 = AXIS2_PLACEMENT_3D ( 'NONE', #1545, #1574, #102 ) ;
#2159 = FACE_OUTER_BOUND ( 'NONE', #1512, .T. ) ;
#2160 = LOCAL_TIME ( 23, 18, 56.00000000000000000, #2254 ) ;
#2161 = CARTESIAN_POINT ( 'NONE',  ( -75.39192512106460242, 2.000000000000000000, 0.000000000000000000 ) ) ;
#2162 = EDGE_CURVE ( 'NONE', #2268, #190, #2482, .T. ) ;
#2163 = CARTESIAN_POINT ( 'NONE',  ( -36.53302379914202902, 2.500000000000014211, -55.29999999999999716 ) ) ;
#2164 = PLANE ( 'NONE',  #1087 ) ;
#2165 = CARTESIAN_POINT ( 'NONE',  ( -31.03663325940094708, 2.499999999999972911, -51.15508619108273791 ) ) ;
#2166 = VERTEX_POINT ( 'NONE', #569 ) ;
#2167 = DIRECTION ( 'NONE',  ( 1.000000000000000000, -0.000000000000000000, 0.000000000000000000 ) ) ;
#2168 = DIRECTION ( 'NONE',  ( -1.000000000000000000, 0.000000000000000000, -0.000000000000000000 ) ) ;
#2169 = ORIENTED_EDGE ( 'NONE', *, *, #1489, .T. ) ;
#2170 = ORIENTED_EDGE ( 'NONE', *, *, #374, .T. ) ;
#2171 = EDGE_CURVE ( 'NONE', #1782, #422, #2276, .T. ) ;
#2172 = ORIENTED_EDGE ( 'NONE', *, *, #1110, .T. ) ;
#2173 = ADVANCED_FACE ( 'NONE', ( #404 ), #352, .F. ) ;
#2174 = LINE ( 'NONE', #231, #2186 ) ;
#2175 = CARTESIAN_POINT ( 'NONE',  ( 0.000000000000000000, 4.000000000000000000, -55.29999999999999716 ) ) ;
#2176 = DIRECTION ( 'NONE',  ( -0.000000000000000000, -1.000000000000000000, -0.000000000000000000 ) ) ;
#2177 = CARTESIAN_POINT ( 'NONE',  ( -50.38302379914202334, 4.000000000000000000, 0.000000000000000000 ) ) ;
#2178 = ORIENTED_EDGE ( 'NONE', *, *, #2188, .F. ) ;
#2179 = ADVANCED_FACE ( 'NONE', ( #2068 ), #1213, .F. ) ;
#2180 = CARTESIAN_POINT ( 'NONE',  ( 8.177580302972140558, 2.085786437626896639, -34.94087262870963428 ) ) ;
#2181 = CARTESIAN_POINT ( 'NONE',  ( -32.18302379914200628, 2.500000000000000444, -40.15508619108275212 ) ) ;
#2182 = VECTOR ( 'NONE', #1811, 1000.000000000000000 ) ;
#2183 = ORIENTED_EDGE ( 'NONE', *, *, #1832, .T. ) ;
#2184 = VECTOR ( 'NONE', #135, 1000.000000000000000 ) ;
#2185 = ORIENTED_EDGE ( 'NONE', *, *, #621, .F. ) ;
#2186 = VECTOR ( 'NONE', #4, 1000.000000000000000 ) ;
#2187 = ORIENTED_EDGE ( 'NONE', *, *, #214, .F. ) ;
#2188 = EDGE_CURVE ( 'NONE', #823, #678, #366, .T. ) ;
#2189 = FACE_OUTER_BOUND ( 'NONE', #1539, .T. ) ;
#2190 = CARTESIAN_POINT ( 'NONE',  ( 0.000000000000000000, 2.500000000000014211, -32.69999999999997442 ) ) ;
#2191 = FACE_OUTER_BOUND ( 'NONE', #2644, .T. ) ;
#2192 = CARTESIAN_POINT ( 'NONE',  ( -32.18302379914200628, 2.500000000000000444, -35.35508619108273365 ) ) ;
#2193 = DIRECTION ( 'NONE',  ( 1.704004914849705069E-16, 0.000000000000000000, 1.000000000000000000 ) ) ;
#2194 = VERTEX_POINT ( 'NONE', #1254 ) ;
#2195 = AXIS2_PLACEMENT_3D ( 'NONE', #647, #1508, #2369 ) ;
#2196 = CARTESIAN_POINT ( 'NONE',  ( 8.086242396131360977, 2.000000000000000000, -34.85508619108274786 ) ) ;
#2197 = DIRECTION ( 'NONE',  ( 0.000000000000000000, 0.000000000000000000, 1.000000000000000000 ) ) ;
#2198 = ORIENTED_EDGE ( 'NONE', *, *, #264, .T. ) ;
#2199 = ORIENTED_EDGE ( 'NONE', *, *, #1458, .T. ) ;
#2200 = ORIENTED_EDGE ( 'NONE', *, *, #2699, .F. ) ;
#2201 = ORIENTED_EDGE ( 'NONE', *, *, #2754, .F. ) ;
#2202 = ADVANCED_FACE ( 'NONE', ( #2326 ), #1022, .T. ) ;
#2203 = DIRECTION ( 'NONE',  ( 0.000000000000000000, 0.000000000000000000, -1.000000000000000000 ) ) ;
#2204 = LINE ( 'NONE', #910, #2248 ) ;
#2205 = AXIS2_PLACEMENT_3D ( 'NONE', #2762, #816, #1675 ) ;
#2206 = CARTESIAN_POINT ( 'NONE',  ( -52.49192512106459674, 4.000000000000000000, 45.64218180872161668 ) ) ;
#2207 = PLANE ( 'NONE',  #2003 ) ;
#2208 = ORIENTED_EDGE ( 'NONE', *, *, #2507, .T. ) ;
#2209 = ADVANCED_FACE ( 'NONE', ( #1009 ), #1425, .T. ) ;
#2210 = DIRECTION ( 'NONE',  ( 0.000000000000000000, 1.000000000000000000, -0.000000000000000000 ) ) ;
#2211 = LINE ( 'NONE', #267, #1587 ) ;
#2212 = CC_DESIGN_PERSON_AND_ORGANIZATION_ASSIGNMENT ( #715, #1377, ( #1757 ) ) ;
#2213 = VERTEX_POINT ( 'NONE', #1906 ) ;
#2214 = VERTEX_POINT ( 'NONE', #793 ) ;
#2215 = ORIENTED_EDGE ( 'NONE', *, *, #243, .F. ) ;
#2216 = EDGE_CURVE ( 'NONE', #2576, #2585, #1652, .T. ) ;
#2217 = DIRECTION ( 'NONE',  ( 0.000000000000000000, 1.000000000000000000, 0.000000000000000000 ) ) ;
#2218 = LINE ( 'NONE', #666, #2294 ) ;
#2219 = CARTESIAN_POINT ( 'NONE',  ( -32.18302379914201339, 4.000000000000000000, -51.15508619108273791 ) ) ;
#2220 = CARTESIAN_POINT ( 'NONE',  ( -32.18302379914201339, 4.000000000000000000, 0.000000000000000000 ) ) ;
#2221 = PLANE ( 'NONE',  #2271 ) ;
#2222 = ORIENTED_EDGE ( 'NONE', *, *, #2056, .T. ) ;
#2223 = LINE ( 'NONE', #1123, #1192 ) ;
#2224 = DIRECTION ( 'NONE',  ( 3.717074949535412072E-16, -0.7071067811865573427, -0.7071067811865378028 ) ) ;
#2225 = EDGE_CURVE ( 'NONE', #2569, #1856, #2300, .T. ) ;
#2226 = ORIENTED_EDGE ( 'NONE', *, *, #2216, .F. ) ;
#2227 = ORIENTED_EDGE ( 'NONE', *, *, #1982, .F. ) ;
#2228 = LINE ( 'NONE', #2043, #1594 ) ;
#2229 = CARTESIAN_POINT ( 'NONE',  ( 0.000000000000000000, 0.000000000000000000, 0.000000000000000000 ) ) ;
#2230 = VECTOR ( 'NONE', #2107, 1000.000000000000000 ) ;
#2231 = CARTESIAN_POINT ( 'NONE',  ( -52.82525845439796797, -3.666666666666626107, -44.42448485794507462 ) ) ;
#2232 = DIRECTION ( 'NONE',  ( 0.000000000000000000, 0.000000000000000000, 1.000000000000000000 ) ) ;
#2233 = CARTESIAN_POINT ( 'NONE',  ( 8.263366740599034088, 2.000000000000000000, -50.65508619108273791 ) ) ;
#2234 = ORIENTED_EDGE ( 'NONE', *, *, #2618, .F. ) ;
#2235 = DIRECTION ( 'NONE',  ( 1.000000000000000000, 0.000000000000000000, 0.000000000000000000 ) ) ;
#2236 = DIRECTION ( 'NONE',  ( -1.000000000000000000, 0.000000000000000000, 0.000000000000000000 ) ) ;
#2237 = ADVANCED_FACE ( 'NONE', ( #806 ), #1035, .T. ) ;
#2238 = ORIENTED_EDGE ( 'NONE', *, *, #2534, .T. ) ;
#2239 = VECTOR ( 'NONE', #2753, 1000.000000000000000 ) ;
#2240 = ORIENTED_EDGE ( 'NONE', *, *, #1848, .F. ) ;
#2241 = DIRECTION ( 'NONE',  ( -0.000000000000000000, -1.000000000000000000, -0.000000000000000000 ) ) ;
#2242 = CALENDAR_DATE ( 2026, 1, 3 ) ;
#2243 = LINE ( 'NONE', #2661, #1061 ) ;
#2244 = PLANE ( 'NONE',  #1777 ) ;
#2245 = DIRECTION ( 'NONE',  ( 0.000000000000000000, 0.000000000000000000, -1.000000000000000000 ) ) ;
#2246 = ORIENTED_EDGE ( 'NONE', *, *, #1913, .F. ) ;
#2247 = EDGE_CURVE ( 'NONE', #2349, #2542, #1933, .T. ) ;
#2248 = VECTOR ( 'NONE', #2453, 999.9999999999998863 ) ;
#2249 = CARTESIAN_POINT ( 'NONE',  ( -32.18302379914201339, 4.000000000000000000, -55.29999999999999716 ) ) ;
#2250 = VERTEX_POINT ( 'NONE', #1663 ) ;
#2251 = DIRECTION ( 'NONE',  ( 2.102695122396127254E-15, 0.000000000000000000, 1.000000000000000000 ) ) ;
#2252 = VERTEX_POINT ( 'NONE', #2525 ) ;
#2253 = ADVANCED_FACE ( 'NONE', ( #594 ), #1448, .F. ) ;
#2254 = COORDINATED_UNIVERSAL_TIME_OFFSET ( 5, 0, .BEHIND. ) ;
#2255 = ADVANCED_FACE ( 'NONE', ( #180 ), #1895, .T. ) ;
#2256 = CARTESIAN_POINT ( 'NONE',  ( -41.49192512106452568, 0.000000000000000000, -24.19999999999997797 ) ) ;
#2257 = CARTESIAN_POINT ( 'NONE',  ( -41.49192512106452568, 2.000000000000000000, -24.19999999999997797 ) ) ;
#2258 = LINE ( 'NONE', #2480, #573 ) ;
#2259 = ORIENTED_EDGE ( 'NONE', *, *, #1520, .T. ) ;
#2260 = CARTESIAN_POINT ( 'NONE',  ( 6.263366740599033200, 4.000000000000000000, 3.292487673808942313E-15 ) ) ;
#2261 = ORIENTED_EDGE ( 'NONE', *, *, #10, .T. ) ;
#2262 = LINE ( 'NONE', #2681, #2045 ) ;
#2263 = ADVANCED_FACE ( 'NONE', ( #2538 ), #606, .F. ) ;
#2264 = LINE ( 'NONE', #959, #26 ) ;
#2265 = VERTEX_POINT ( 'NONE', #630 ) ;
#2266 = DIRECTION ( 'NONE',  ( 1.654086747057742358E-16, 0.000000000000000000, 1.000000000000000000 ) ) ;
#2267 = VECTOR ( 'NONE', #1495, 1000.000000000000000 ) ;
#2268 = VERTEX_POINT ( 'NONE', #454 ) ;
#2269 = DATE_AND_TIME ( #2242, #2117 ) ;
#2270 = ADVANCED_FACE ( 'NONE', ( #1504 ), #1074, .T. ) ;
#2271 = AXIS2_PLACEMENT_3D ( 'NONE', #2177, #2390, #2427 ) ;
#2272 = CARTESIAN_POINT ( 'NONE',  ( -50.38302379914202334, 4.000000000000000000, -55.29999999999999716 ) ) ;
#2273 = FACE_OUTER_BOUND ( 'NONE', #1012, .T. ) ;
#2274 = LINE ( 'NONE', #2512, #1829 ) ;
#2275 = VERTEX_POINT ( 'NONE', #220 ) ;
#2276 = LINE ( 'NONE', #996, #2400 ) ;
#2277 = VECTOR ( 'NONE', #1542, 1000.000000000000000 ) ;
#2278 = ORIENTED_EDGE ( 'NONE', *, *, #395, .T. ) ;
#2279 = CARTESIAN_POINT ( 'NONE',  ( -52.16904946553229649, 2.000000000000000000, 46.14218180872160957 ) ) ;
#2280 = VERTEX_POINT ( 'NONE', #2348 ) ;
#2281 = CARTESIAN_POINT ( 'NONE',  ( -50.38302379914202334, 4.000000000000000000, -55.29999999999999716 ) ) ;
#2282 = VERTEX_POINT ( 'NONE', #206 ) ;
#2283 = CARTESIAN_POINT ( 'NONE',  ( 8.763366740599048299, 2.000000000000000000, -36.35508619108274786 ) ) ;
#2284 = CARTESIAN_POINT ( 'NONE',  ( 0.000000000000000000, 4.000000000000000000, -54.45508619108274218 ) ) ;
#2285 = DIRECTION ( 'NONE',  ( -0.5773502691896150729, 0.5773502691896351680, -0.5773502691896271743 ) ) ;
#2286 = ORIENTED_EDGE ( 'NONE', *, *, #10, .F. ) ;
#2287 = DIRECTION ( 'NONE',  ( 0.000000000000000000, 0.7071067811865425767, 0.7071067811865524577 ) ) ;
#2288 = ORIENTED_EDGE ( 'NONE', *, *, #610, .T. ) ;
#2289 = CARTESIAN_POINT ( 'NONE',  ( -1.087979268132183381E-14, 4.000000000000000000, -38.25781819127840322 ) ) ;
#2290 = ORIENTED_EDGE ( 'NONE', *, *, #1622, .F. ) ;
#2291 = ADVANCED_FACE ( 'NONE', ( #1729 ), #1478, .T. ) ;
#2292 = FACE_OUTER_BOUND ( 'NONE', #1189, .T. ) ;
#2293 = FACE_OUTER_BOUND ( 'NONE', #1685, .T. ) ;
#2294 = VECTOR ( 'NONE', #1073, 1000.000000000000000 ) ;
#2295 = ORIENTED_EDGE ( 'NONE', *, *, #2088, .T. ) ;
#2296 = EDGE_CURVE ( 'NONE', #2280, #2265, #2365, .T. ) ;
#2297 = DIRECTION ( 'NONE',  ( 0.000000000000000000, 0.000000000000000000, -1.000000000000000000 ) ) ;
#2298 = FACE_OUTER_BOUND ( 'NONE', #300, .T. ) ;
#2299 = CARTESIAN_POINT ( 'NONE',  ( -34.99461674737688099, -14.99730837368819714, 63.13949018240958111 ) ) ;
#2300 = LINE ( 'NONE', #582, #1659 ) ;
#2301 = EDGE_LOOP ( 'NONE', ( #2599, #2396, #50, #2234 ) ) ;
#2302 = CARTESIAN_POINT ( 'NONE',  ( -75.39192512106460242, 4.000000000000000000, 44.14218180872160957 ) ) ;
#2303 = ORIENTED_EDGE ( 'NONE', *, *, #369, .T. ) ;
#2304 = CARTESIAN_POINT ( 'NONE',  ( -30.68302379914201339, 4.000000000000000000, 0.000000000000000000 ) ) ;
#2305 = CARTESIAN_POINT ( 'NONE',  ( -32.18302379914200628, 2.500000000000000444, -35.35508619108273365 ) ) ;
#2306 = EDGE_CURVE ( 'NONE', #201, #2653, #18, .T. ) ;
#2307 = ORIENTED_EDGE ( 'NONE', *, *, #1805, .F. ) ;
#2308 = FACE_OUTER_BOUND ( 'NONE', #2083, .T. ) ;
#2309 = DIRECTION ( 'NONE',  ( 0.000000000000000000, -0.000000000000000000, 1.000000000000000000 ) ) ;
#2310 = VECTOR ( 'NONE', #1607, 1000.000000000000000 ) ;
#2311 = CARTESIAN_POINT ( 'NONE',  ( 0.000000000000000000, 4.000000000000000000, -25.19999999999997797 ) ) ;
#2312 = ORIENTED_EDGE ( 'NONE', *, *, #2056, .F. ) ;
#2313 = CARTESIAN_POINT ( 'NONE',  ( 7.763366740599056293, 2.500000000000000444, -35.35508619108273365 ) ) ;
#2314 = VECTOR ( 'NONE', #1007, 1000.000000000000000 ) ;
#2315 = VERTEX_POINT ( 'NONE', #642 ) ;
#2316 = AXIS2_PLACEMENT_3D ( 'NONE', #1100, #1975, #45 ) ;
#2317 = ADVANCED_FACE ( 'NONE', ( #2551 ), #653, .F. ) ;
#2318 = LINE ( 'NONE', #2112, #2239 ) ;
#2319 = DIRECTION ( 'NONE',  ( 1.654086747057742358E-16, 0.000000000000000000, 1.000000000000000000 ) ) ;
#2320 = VERTEX_POINT ( 'NONE', #1050 ) ;
#2321 = CIRCLE ( 'NONE', #1922, 2.000000000000001776 ) ;
#2322 = VERTEX_POINT ( 'NONE', #617 ) ;
#2323 = PLANE ( 'NONE',  #2374 ) ;
#2324 = PLANE ( 'NONE',  #958 ) ;
#2325 = VECTOR ( 'NONE', #2443, 1000.000000000000000 ) ;
#2326 = FACE_OUTER_BOUND ( 'NONE', #2301, .T. ) ;
#2327 = CARTESIAN_POINT ( 'NONE',  ( -41.49192512106460384, 2.000000000000000000, -14.19999999999997975 ) ) ;
#2328 = PLANE ( 'NONE',  #2715 ) ;
#2329 = ORIENTED_EDGE ( 'NONE', *, *, #1084, .T. ) ;
#2330 = EDGE_CURVE ( 'NONE', #913, #2194, #1688, .T. ) ;
#2331 = DIRECTION ( 'NONE',  ( -1.000000000000000000, 0.000000000000000000, 0.000000000000000000 ) ) ;
#2332 = CARTESIAN_POINT ( 'NONE',  ( 7.763366740599038529, 4.000000000000000000, 2.805686361986396631E-15 ) ) ;
#2333 = VERTEX_POINT ( 'NONE', #2562 ) ;
#2334 = VECTOR ( 'NONE', #1406, 1000.000000000000000 ) ;
#2335 = ORIENTED_EDGE ( 'NONE', *, *, #1299, .T. ) ;
#2336 = FACE_OUTER_BOUND ( 'NONE', #1814, .T. ) ;
#2337 = ADVANCED_FACE ( 'NONE', ( #416 ), #1103, .T. ) ;
#2338 = EDGE_CURVE ( 'NONE', #1241, #2642, #1923, .T. ) ;
#2339 = CARTESIAN_POINT ( 'NONE',  ( 0.000000000000000000, 4.000000000000000000, -25.19999999999997797 ) ) ;
#2340 = CARTESIAN_POINT ( 'NONE',  ( -53.99192512106459674, 4.000000000000000000, 45.64218180872161668 ) ) ;
#2341 = PLANE ( 'NONE',  #822 ) ;
#2342 = ORIENTED_EDGE ( 'NONE', *, *, #1596, .T. ) ;
#2343 = CARTESIAN_POINT ( 'NONE',  ( -77.39192512106458821, 2.000000000000000000, 45.96505746425390981 ) ) ;
#2344 = DIRECTION ( 'NONE',  ( 1.000000000000000000, 0.000000000000000000, -1.721809901713952306E-16 ) ) ;
#2345 = ORIENTED_EDGE ( 'NONE', *, *, #2405, .F. ) ;
#2346 = ORIENTED_EDGE ( 'NONE', *, *, #752, .F. ) ;
#2347 = PLANE ( 'NONE',  #1049 ) ;
#2348 = CARTESIAN_POINT ( 'NONE',  ( -30.68302379914201339, 4.000000000000000000, -55.95508619108273507 ) ) ;
#2349 = VERTEX_POINT ( 'NONE', #868 ) ;
#2350 = CARTESIAN_POINT ( 'NONE',  ( 0.000000000000000000, 2.000000000000000000, 44.14218180872160957 ) ) ;
#2351 = EDGE_LOOP ( 'NONE', ( #2779, #704, #2502, #636 ) ) ;
#2352 = VECTOR ( 'NONE', #1042, 1000.000000000000000 ) ;
#2353 = VECTOR ( 'NONE', #1838, 1000.000000000000000 ) ;
#2354 = DIRECTION ( 'NONE',  ( -2.102695122396122915E-15, 0.000000000000000000, -1.000000000000000000 ) ) ;
#2355 = LINE ( 'NONE', #875, #2352 ) ;
#2356 = AXIS2_PLACEMENT_3D ( 'NONE', #305, #950, #1819 ) ;
#2357 = VERTEX_POINT ( 'NONE', #34 ) ;
#2358 = VECTOR ( 'NONE', #2241, 1000.000000000000000 ) ;
#2359 = VERTEX_POINT ( 'NONE', #882 ) ;
#2360 =( BOUNDED_CURVE ( )  B_SPLINE_CURVE ( 3, ( #156, #798, #1656, #2519 ),
 .UNSPECIFIED., .F., .T. ) 
 B_SPLINE_CURVE_WITH_KNOTS ( ( 4, 4 ),
 ( 5.442928383140543502, 5.560451059366160464 ),
 .UNSPECIFIED. ) 
 CURVE ( )  GEOMETRIC_REPRESENTATION_ITEM ( )  RATIONAL_B_SPLINE_CURVE ( ( 1.000000000000000000, 0.9988493661896957754, 0.9988493661896957754, 1.000000000000000000 ) ) 
 REPRESENTATION_ITEM ( '' )  );
#2361 = ADVANCED_FACE ( 'NONE', ( #2589 ), #1744, .T. ) ;
#2362 = LINE ( 'NONE', #452, #737 ) ;
#2363 = LINE ( 'NONE', #1102, #1849 ) ;
#2364 = VECTOR ( 'NONE', #2780, 1000.000000000000000 ) ;
#2365 = LINE ( 'NONE', #428, #1293 ) ;
#2366 = CARTESIAN_POINT ( 'NONE',  ( -50.38302379914202334, 4.000000000000000000, -32.69999999999998153 ) ) ;
#2367 = LINE ( 'NONE', #2313, #1867 ) ;
#2368 = ORIENTED_EDGE ( 'NONE', *, *, #2534, .F. ) ;
#2369 = DIRECTION ( 'NONE',  ( 0.000000000000000000, 0.000000000000000000, -1.000000000000000000 ) ) ;
#2370 = PLANE ( 'NONE',  #2447 ) ;
#2371 = EDGE_CURVE ( 'NONE', #626, #768, #711, .T. ) ;
#2372 = ORIENTED_EDGE ( 'NONE', *, *, #2593, .T. ) ;
#2373 = VERTEX_POINT ( 'NONE', #2163 ) ;
#2374 = AXIS2_PLACEMENT_3D ( 'NONE', #2510, #1864, #979 ) ;
#2375 = DIRECTION ( 'NONE',  ( -0.7071067811865474617, -0.7071067811865474617, -0.000000000000000000 ) ) ;
#2376 = CARTESIAN_POINT ( 'NONE',  ( -53.99192512106459674, 2.000000000000000000, -38.75781819127838190 ) ) ;
#2377 = ADVANCED_FACE ( 'NONE', ( #2191 ), #233, .T. ) ;
#2378 = CARTESIAN_POINT ( 'NONE',  ( -44.28302379914202191, 4.000000000000000000, 0.000000000000000000 ) ) ;
#2379 = LINE ( 'NONE', #1779, #1455 ) ;
#2380 = CARTESIAN_POINT ( 'NONE',  ( -51.88302379914203044, 2.000000000000000000, -32.19999999999996021 ) ) ;
#2381 = ORIENTED_EDGE ( 'NONE', *, *, #308, .F. ) ;
#2382 = LINE ( 'NONE', #23, #1146 ) ;
#2383 = VERTEX_POINT ( 'NONE', #1265 ) ;
#2384 = EDGE_LOOP ( 'NONE', ( #1334, #590, #1636, #356, #1205 ) ) ;
#2385 = ORIENTED_EDGE ( 'NONE', *, *, #2656, .F. ) ;
#2386 = DIRECTION ( 'NONE',  ( 0.000000000000000000, 0.000000000000000000, 1.000000000000000000 ) ) ;
#2387 = CARTESIAN_POINT ( 'NONE',  ( -52.49192512106459674, 4.000000000000000000, -38.25781819127838901 ) ) ;
#2388 = CARTESIAN_POINT ( 'NONE',  ( -9.634402145506389666E-15, 2.500000000000000444, -55.95508619108274218 ) ) ;
#2389 = CARTESIAN_POINT ( 'NONE',  ( -41.49192512106460384, 2.000000000000000000, -14.19999999999997975 ) ) ;
#2390 = DIRECTION ( 'NONE',  ( 1.000000000000000000, 0.000000000000000000, 0.000000000000000000 ) ) ;
#2391 = ORIENTED_EDGE ( 'NONE', *, *, #423, .F. ) ;
#2392 = LINE ( 'NONE', #266, #2364 ) ;
#2393 = CARTESIAN_POINT ( 'NONE',  ( -41.49192512106460384, 2.000000000000000000, -36.85508619108274075 ) ) ;
#2394 = EDGE_CURVE ( 'NONE', #2461, #601, #1156, .T. ) ;
#2395 = VECTOR ( 'NONE', #1992, 1000.000000000000000 ) ;
#2396 = ORIENTED_EDGE ( 'NONE', *, *, #1845, .F. ) ;
#2397 = ORIENTED_EDGE ( 'NONE', *, *, #2531, .T. ) ;
#2398 = VECTOR ( 'NONE', #1517, 1000.000000000000000 ) ;
#2399 = ORIENTED_EDGE ( 'NONE', *, *, #264, .F. ) ;
#2400 = VECTOR ( 'NONE', #2723, 1000.000000000000000 ) ;
#2401 = VECTOR ( 'NONE', #2471, 1000.000000000000000 ) ;
#2402 = AXIS2_PLACEMENT_3D ( 'NONE', #2004, #2217, #2020 ) ;
#2403 = ORIENTED_EDGE ( 'NONE', *, *, #1953, .T. ) ;
#2404 = LINE ( 'NONE', #481, #2625 ) ;
#2405 = EDGE_CURVE ( 'NONE', #1460, #1444, #1936, .T. ) ;
#2406 = CARTESIAN_POINT ( 'NONE',  ( -58.49192512106459674, 2.000000000000000000, -38.75781819127838901 ) ) ;
#2407 = ADVANCED_FACE ( 'NONE', ( #1148 ), #60, .T. ) ;
#2408 = DIRECTION ( 'NONE',  ( -0.7071067811865573427, 0.7071067811865378028, 0.000000000000000000 ) ) ;
#2409 = CARTESIAN_POINT ( 'NONE',  ( 0.000000000000000000, 4.000000000000000000, -40.15508619108273081 ) ) ;
#2410 = DIRECTION ( 'NONE',  ( -0.5773502691896175154, 0.5773502691896377215, 0.5773502691896219563 ) ) ;
#2411 = VERTEX_POINT ( 'NONE', #743 ) ;
#2412 = VECTOR ( 'NONE', #1797, 1000.000000000000000 ) ;
#2413 = CC_DESIGN_PERSON_AND_ORGANIZATION_ASSIGNMENT ( #89, #1631, ( #1799 ) ) ;
#2414 = CARTESIAN_POINT ( 'NONE',  ( -52.07771155869151158, 2.085786437626893974, 46.05639537109471604 ) ) ;
#2415 = FACE_OUTER_BOUND ( 'NONE', #286, .T. ) ;
#2416 = EDGE_CURVE ( 'NONE', #1629, #1459, #495, .T. ) ;
#2417 = ORIENTED_EDGE ( 'NONE', *, *, #1285, .T. ) ;
#2418 = ORIENTED_EDGE ( 'NONE', *, *, #2487, .T. ) ;
#2419 = VERTEX_POINT ( 'NONE', #2676 ) ;
#2420 = CARTESIAN_POINT ( 'NONE',  ( 6.263366740599046523, 2.000000000000000000, -36.85508619108274075 ) ) ;
#2421 = VECTOR ( 'NONE', #1963, 1000.000000000000000 ) ;
#2422 = APPLICATION_PROTOCOL_DEFINITION ( 'international standard', 'config_control_design', 1994, #1487 ) ;
#2423 = EDGE_CURVE ( 'NONE', #1373, #1112, #2204, .T. ) ;
#2424 = CARTESIAN_POINT ( 'NONE',  ( -31.48302379914201410, 2.000000000000000000, -26.19999999999999574 ) ) ;
#2425 = VECTOR ( 'NONE', #2617, 1000.000000000000000 ) ;
#2426 = DIRECTION ( 'NONE',  ( 2.843808977011158816E-16, -0.000000000000000000, 1.000000000000000000 ) ) ;
#2427 = DIRECTION ( 'NONE',  ( 0.000000000000000000, 0.000000000000000000, -1.000000000000000000 ) ) ;
#2428 = VERTEX_POINT ( 'NONE', #1792 ) ;
#2429 = ADVANCED_FACE ( 'NONE', ( #926 ), #2022, .F. ) ;
#2430 = ORGANIZATION ( 'UNSPECIFIED', 'UNSPECIFIED', '' ) ;
#2431 = LINE ( 'NONE', #2014, #1470 ) ;
#2432 = CARTESIAN_POINT ( 'NONE',  ( -30.68302379914201339, 2.500000000000000444, -55.95508619108273507 ) ) ;
#2433 = ORIENTED_EDGE ( 'NONE', *, *, #52, .T. ) ;
#2434 = VERTEX_POINT ( 'NONE', #1378 ) ;
#2435 = ORIENTED_EDGE ( 'NONE', *, *, #586, .F. ) ;
#2436 = DIRECTION ( 'NONE',  ( 0.000000000000000000, 0.000000000000000000, 1.000000000000000000 ) ) ;
#2437 = PERSON_AND_ORGANIZATION_ROLE ( 'creator' ) ;
#2438 = EDGE_CURVE ( 'NONE', #1570, #419, #2243, .T. ) ;
#2439 = CARTESIAN_POINT ( 'NONE',  ( -46.03302379914202191, 4.000000000000000000, -55.29999999999999716 ) ) ;
#2440 = CARTESIAN_POINT ( 'NONE',  ( -45.53302379914200770, 2.000000000000000000, -14.19999999999997975 ) ) ;
#2441 = CARTESIAN_POINT ( 'NONE',  ( -77.89192512106460242, 0.000000000000000000, -36.79999999999984794 ) ) ;
#2442 = EDGE_LOOP ( 'NONE', ( #2222, #809, #511, #519, #2069, #2246, #1843 ) ) ;
#2443 = DIRECTION ( 'NONE',  ( 5.256737805990339828E-16, 0.000000000000000000, -1.000000000000000000 ) ) ;
#2444 = DIRECTION ( 'NONE',  ( -1.000000000000000000, 0.000000000000000000, 1.721809901713952306E-16 ) ) ;
#2445 = ORIENTED_EDGE ( 'NONE', *, *, #155, .T. ) ;
#2446 = EDGE_LOOP ( 'NONE', ( #627, #1877, #2057, #1556 ) ) ;
#2447 = AXIS2_PLACEMENT_3D ( 'NONE', #199, #2556, #2344 ) ;
#2448 = CARTESIAN_POINT ( 'NONE',  ( -32.18302379914200628, 4.000000000000000000, -40.15508619108275212 ) ) ;
#2449 = AXIS2_PLACEMENT_3D ( 'NONE', #2327, #1439, #405 ) ;
#2450 = EDGE_CURVE ( 'NONE', #786, #2383, #2647, .T. ) ;
#2451 = APPROVAL_STATUS ( 'not_yet_approved' ) ;
#2452 = AXIS2_PLACEMENT_3D ( 'NONE', #1390, #1171, #111 ) ;
#2453 = DIRECTION ( 'NONE',  ( 0.5773502691896186256, -0.5773502691896373884, -0.5773502691896214012 ) ) ;
#2454 = LINE ( 'NONE', #1379, #915 ) ;
#2455 = DIRECTION ( 'NONE',  ( 0.5773502691896185146, -0.5773502691896343908, -0.5773502691896242878 ) ) ;
#2456 = ORIENTED_EDGE ( 'NONE', *, *, #953, .T. ) ;
#2457 = CARTESIAN_POINT ( 'NONE',  ( -77.21480077659687424, 2.000000000000000000, 46.14218180872162378 ) ) ;
#2458 = LINE ( 'NONE', #1063, #909 ) ;
#2459 = VECTOR ( 'NONE', #1201, 1000.000000000000000 ) ;
#2460 = ADVANCED_FACE ( 'NONE', ( #1162 ), #2033, .T. ) ;
#2461 = VERTEX_POINT ( 'NONE', #1602 ) ;
#2462 = ADVANCED_FACE ( 'NONE', ( #1393 ), #304, .T. ) ;
#2463 = DIRECTION ( 'NONE',  ( 0.000000000000000000, 0.000000000000000000, 1.000000000000000000 ) ) ;
#2464 = VERTEX_POINT ( 'NONE', #1338 ) ;
#2465 = CARTESIAN_POINT ( 'NONE',  ( 7.763366740599051852, 4.000000000000000000, -35.35508619108273365 ) ) ;
#2466 = LINE ( 'NONE', #2440, #1544 ) ;
#2467 = DIRECTION ( 'NONE',  ( -2.102695122396127254E-15, 0.000000000000000000, -1.000000000000000000 ) ) ;
#2468 = ORIENTED_EDGE ( 'NONE', *, *, #2405, .T. ) ;
#2469 = EDGE_CURVE ( 'NONE', #2517, #1765, #277, .T. ) ;
#2470 = VECTOR ( 'NONE', #2297, 1000.000000000000000 ) ;
#2471 = DIRECTION ( 'NONE',  ( -0.000000000000000000, -1.000000000000000000, -0.000000000000000000 ) ) ;
#2472 = DIRECTION ( 'NONE',  ( 1.000000000000000000, 0.000000000000000000, -2.843808977011158816E-16 ) ) ;
#2473 = CARTESIAN_POINT ( 'NONE',  ( -51.71247446010323756, 8.179450660961226305, -56.79999999999999005 ) ) ;
#2474 = ORIENTED_EDGE ( 'NONE', *, *, #1768, .F. ) ;
#2475 = CARTESIAN_POINT ( 'NONE',  ( -32.18302379914200628, 4.000000000000000000, -35.35508619108273365 ) ) ;
#2476 = ORIENTED_EDGE ( 'NONE', *, *, #395, .F. ) ;
#2477 = SECURITY_CLASSIFICATION_LEVEL ( 'unclassified' ) ;
#2478 = CARTESIAN_POINT ( 'NONE',  ( -1.087979268132183381E-14, 2.500000000000000444, -38.25781819127840322 ) ) ;
#2479 = LINE ( 'NONE', #103, #2498 ) ;
#2480 = CARTESIAN_POINT ( 'NONE',  ( 0.000000000000000000, 2.500000000000000444, -40.15508619108273081 ) ) ;
#2481 = VERTEX_POINT ( 'NONE', #1119 ) ;
#2482 = LINE ( 'NONE', #1412, #1025 ) ;
#2483 = ORIENTED_EDGE ( 'NONE', *, *, #40, .F. ) ;
#2484 = PLANE ( 'NONE',  #686 ) ;
#2485 = ORIENTED_EDGE ( 'NONE', *, *, #462, .F. ) ;
#2486 = DIRECTION ( 'NONE',  ( 0.000000000000000000, 1.000000000000000000, -0.000000000000000000 ) ) ;
#2487 = EDGE_CURVE ( 'NONE', #1178, #1243, #1762, .T. ) ;
#2488 = CARTESIAN_POINT ( 'NONE',  ( -32.18302379914201339, 4.000000000000000000, -51.15508619108273791 ) ) ;
#2489 = VECTOR ( 'NONE', #1708, 1000.000000000000000 ) ;
#2490 = ORIENTED_EDGE ( 'NONE', *, *, #384, .T. ) ;
#2491 = SHAPE_DEFINITION_REPRESENTATION ( #2744, #280 ) ;
#2492 = VECTOR ( 'NONE', #49, 1000.000000000000000 ) ;
#2493 = DIRECTION ( 'NONE',  ( 1.000000000000000000, -0.000000000000000000, 0.000000000000000000 ) ) ;
#2494 = DIRECTION ( 'NONE',  ( -0.7071067811865475727, 0.7071067811865475727, 0.000000000000000000 ) ) ;
#2495 = CARTESIAN_POINT ( 'NONE',  ( -58.99192512106459674, 2.000000000000000000, -38.75781819127838901 ) ) ;
#2496 = EDGE_CURVE ( 'NONE', #1426, #2275, #1560, .T. ) ;
#2497 = ORIENTED_EDGE ( 'NONE', *, *, #1437, .F. ) ;
#2498 = VECTOR ( 'NONE', #550, 1000.000000000000000 ) ;
#2499 = EDGE_CURVE ( 'NONE', #1620, #577, #1778, .T. ) ;
#2500 = DIRECTION ( 'NONE',  ( -0.000000000000000000, 0.7071067811865524577, 0.7071067811865425767 ) ) ;
#2501 = AXIS2_PLACEMENT_3D ( 'NONE', #589, #1443, #383 ) ;
#2502 = ORIENTED_EDGE ( 'NONE', *, *, #2128, .F. ) ;
#2503 = FACE_OUTER_BOUND ( 'NONE', #1943, .T. ) ;
#2504 = ORIENTED_EDGE ( 'NONE', *, *, #1612, .T. ) ;
#2505 = CARTESIAN_POINT ( 'NONE',  ( -46.03302379914202191, 4.000000000000000000, 0.000000000000000000 ) ) ;
#2506 = CARTESIAN_POINT ( 'NONE',  ( -44.78302379914200770, 2.000000000000000000, -26.69999999999998153 ) ) ;
#2507 = EDGE_CURVE ( 'NONE', #1770, #1155, #701, .T. ) ;
#2508 = VECTOR ( 'NONE', #1888, 1000.000000000000000 ) ;
#2509 = ORIENTED_EDGE ( 'NONE', *, *, #1445, .T. ) ;
#2510 = CARTESIAN_POINT ( 'NONE',  ( 0.000000000000000000, 4.000000000000000000, -51.15508619108273791 ) ) ;
#2511 = CARTESIAN_POINT ( 'NONE',  ( -31.03663325940096129, 2.000000000000000000, -40.65508619108273791 ) ) ;
#2512 = CARTESIAN_POINT ( 'NONE',  ( 7.763366740599053628, 2.500000000000000444, -40.15508619108273081 ) ) ;
#2513 = EDGE_CURVE ( 'NONE', #1180, #461, #1351, .T. ) ;
#2514 = CARTESIAN_POINT ( 'NONE',  ( 8.763366740599048299, 2.000000000000000000, -36.35508619108274786 ) ) ;
#2515 = VERTEX_POINT ( 'NONE', #2219 ) ;
#2516 = PLANE ( 'NONE',  #385 ) ;
#2517 = VERTEX_POINT ( 'NONE', #1175 ) ;
#2518 = AXIS2_PLACEMENT_3D ( 'NONE', #2311, #392, #2108 ) ;
#2519 = CARTESIAN_POINT ( 'NONE',  ( 8.263366740599034088, 2.000000000000000000, -56.12287565553229740 ) ) ;
#2520 = CARTESIAN_POINT ( 'NONE',  ( -77.89192512106460242, 2.000000000000000000, -36.79999999999984794 ) ) ;
#2521 = ORIENTED_EDGE ( 'NONE', *, *, #1882, .F. ) ;
#2522 = FACE_OUTER_BOUND ( 'NONE', #2071, .T. ) ;
#2523 = CARTESIAN_POINT ( 'NONE',  ( -41.49192512106461095, 2.000000000000000000, -38.75781819127839611 ) ) ;
#2524 = EDGE_CURVE ( 'NONE', #2727, #1856, #47, .T. ) ;
#2525 = CARTESIAN_POINT ( 'NONE',  ( -32.18302379914201339, 2.000000000000000000, -55.29999999999999716 ) ) ;
#2526 = ORIENTED_EDGE ( 'NONE', *, *, #2507, .F. ) ;
#2527 = CARTESIAN_POINT ( 'NONE',  ( -58.99192512106459674, 4.000000000000000000, 44.14218180872160957 ) ) ;
#2528 = ORIENTED_EDGE ( 'NONE', *, *, #1319, .F. ) ;
#2529 = CARTESIAN_POINT ( 'NONE',  ( -52.49192512106459674, 2.500000000000000444, 45.64218180872161668 ) ) ;
#2530 = LINE ( 'NONE', #1875, #211 ) ;
#2531 = EDGE_CURVE ( 'NONE', #147, #1112, #938, .T. ) ;
#2532 = ORIENTED_EDGE ( 'NONE', *, *, #638, .T. ) ;
#2533 = ORIENTED_EDGE ( 'NONE', *, *, #1740, .F. ) ;
#2534 = EDGE_CURVE ( 'NONE', #2615, #479, #2688, .T. ) ;
#2535 = CARTESIAN_POINT ( 'NONE',  ( -75.39192512106460242, 2.000000000000000000, -36.75781819127838901 ) ) ;
#2536 = DIRECTION ( 'NONE',  ( -1.000000000000000000, 0.000000000000000000, 0.000000000000000000 ) ) ;
#2537 = VECTOR ( 'NONE', #107, 1000.000000000000000 ) ;
#2538 = FACE_OUTER_BOUND ( 'NONE', #731, .T. ) ;
#2539 = CARTESIAN_POINT ( 'NONE',  ( 8.207125190300729400, 2.056241550298308240, -34.97041751603822490 ) ) ;
#2540 = DIRECTION ( 'NONE',  ( 1.000000000000000000, 0.000000000000000000, 0.000000000000000000 ) ) ;
#2541 = VECTOR ( 'NONE', #2747, 1000.000000000000000 ) ;
#2542 = VERTEX_POINT ( 'NONE', #148 ) ;
#2543 = VECTOR ( 'NONE', #2700, 1000.000000000000000 ) ;
#2544 = CARTESIAN_POINT ( 'NONE',  ( -52.04816667136291386, 2.056241550298310461, 46.02685048376612542 ) ) ;
#2545 = LINE ( 'NONE', #1522, #681 ) ;
#2546 = ADVANCED_FACE ( 'NONE', ( #2522 ), #2323, .T. ) ;
#2547 = EDGE_CURVE ( 'NONE', #905, #2419, #1345, .T. ) ;
#2548 = ORIENTED_EDGE ( 'NONE', *, *, #2499, .T. ) ;
#2549 = CIRCLE ( 'NONE', #2060, 9.999999999999998224 ) ;
#2550 = CARTESIAN_POINT ( 'NONE',  ( -9.634402145506389666E-15, 4.000000000000000000, -55.95508619108274218 ) ) ;
#2551 = FACE_OUTER_BOUND ( 'NONE', #1357, .T. ) ;
#2552 = CARTESIAN_POINT ( 'NONE',  ( -32.18302379914201339, 2.000000000000000000, -50.65508619108275923 ) ) ;
#2553 = CARTESIAN_POINT ( 'NONE',  ( -53.99192512106459674, 2.500000000000000444, -38.25781819127838901 ) ) ;
#2554 = ORIENTED_EDGE ( 'NONE', *, *, #1456, .F. ) ;
#2555 = LINE ( 'NONE', #810, #2773 ) ;
#2556 = DIRECTION ( 'NONE',  ( 1.721809901713952306E-16, -0.000000000000000000, 1.000000000000000000 ) ) ;
#2557 = ORIENTED_EDGE ( 'NONE', *, *, #2051, .F. ) ;
#2558 = AXIS2_PLACEMENT_3D ( 'NONE', #1420, #347, #1893 ) ;
#2559 = ORIENTED_EDGE ( 'NONE', *, *, #1942, .F. ) ;
#2560 = AXIS2_PLACEMENT_3D ( 'NONE', #1131, #33, #1543 ) ;
#2561 = CARTESIAN_POINT ( 'NONE',  ( 8.097909714790626268, 2.165457025808414038, -56.28962916527432014 ) ) ;
#2562 = CARTESIAN_POINT ( 'NONE',  ( 7.763366740599051852, 2.500000000000000444, -55.95508619108274218 ) ) ;
#2563 = ORIENTED_EDGE ( 'NONE', *, *, #1699, .T. ) ;
#2564 = LINE ( 'NONE', #235, #2094 ) ;
#2565 = ORIENTED_EDGE ( 'NONE', *, *, #351, .T. ) ;
#2566 = DIRECTION ( 'NONE',  ( 0.000000000000000000, 0.000000000000000000, 1.000000000000000000 ) ) ;
#2567 = CARTESIAN_POINT ( 'NONE',  ( -46.03302379914202191, 2.500000000000014211, -56.79999999999999005 ) ) ;
#2568 = ORIENTED_EDGE ( 'NONE', *, *, #2757, .T. ) ;
#2569 = VERTEX_POINT ( 'NONE', #773 ) ;
#2570 = LINE ( 'NONE', #274, #564 ) ;
#2571 = DIRECTION ( 'NONE',  ( 0.000000000000000000, 0.000000000000000000, -1.000000000000000000 ) ) ;
#2572 = EDGE_CURVE ( 'NONE', #1312, #2320, #992, .T. ) ;
#2573 = DIRECTION ( 'NONE',  ( 0.000000000000000000, -0.000000000000000000, 1.000000000000000000 ) ) ;
#2574 = DIRECTION ( 'NONE',  ( 0.000000000000000000, 0.000000000000000000, -1.000000000000000000 ) ) ;
#2575 = CARTESIAN_POINT ( 'NONE',  ( -32.18302379914201339, 2.499999999999972911, -51.15508619108273791 ) ) ;
#2576 = VERTEX_POINT ( 'NONE', #2283 ) ;
#2577 = VECTOR ( 'NONE', #2652, 1000.000000000000000 ) ;
#2578 = EDGE_CURVE ( 'NONE', #1770, #969, #1836, .T. ) ;
#2579 = FACE_OUTER_BOUND ( 'NONE', #2446, .T. ) ;
#2580 = LINE ( 'NONE', #648, #110 ) ;
#2581 = VECTOR ( 'NONE', #2720, 1000.000000000000000 ) ;
#2582 = ORIENTED_EDGE ( 'NONE', *, *, #1528, .T. ) ;
#2583 = EDGE_CURVE ( 'NONE', #1917, #137, #1461, .T. ) ;
#2584 = VERTEX_POINT ( 'NONE', #2719 ) ;
#2585 = VERTEX_POINT ( 'NONE', #802 ) ;
#2586 = DIRECTION ( 'NONE',  ( 1.000000000000000000, -0.000000000000000000, 0.000000000000000000 ) ) ;
#2587 = CARTESIAN_POINT ( 'NONE',  ( -32.18302379914200628, 2.000000000000000000, -40.65508619108273791 ) ) ;
#2588 = VECTOR ( 'NONE', #2713, 1000.000000000000000 ) ;
#2589 = FACE_OUTER_BOUND ( 'NONE', #1717, .T. ) ;
#2590 = DIRECTION ( 'NONE',  ( -0.000000000000000000, -1.000000000000000000, -0.000000000000000000 ) ) ;
#2591 = CARTESIAN_POINT ( 'NONE',  ( 7.763366740599051852, 2.500000000000000444, -55.95508619108274218 ) ) ;
#2592 = ORIENTED_EDGE ( 'NONE', *, *, #472, .T. ) ;
#2593 = EDGE_CURVE ( 'NONE', #695, #1620, #760, .T. ) ;
#2594 = PLANE ( 'NONE',  #309 ) ;
#2595 = CARTESIAN_POINT ( 'NONE',  ( -51.99192512106461095, 2.000000000000000000, 45.96505746425392402 ) ) ;
#2596 = VERTEX_POINT ( 'NONE', #1208 ) ;
#2597 = VERTEX_POINT ( 'NONE', #2272 ) ;
#2598 = AXIS2_PLACEMENT_3D ( 'NONE', #534, #2649, #522 ) ;
#2599 = ORIENTED_EDGE ( 'NONE', *, *, #2752, .F. ) ;
#2600 = CARTESIAN_POINT ( 'NONE',  ( -77.39192512106460242, 2.000000000000000000, -38.75781819127838190 ) ) ;
#2601 = CARTESIAN_POINT ( 'NONE',  ( -51.99192512106461095, 2.000000000000000000, -38.75781819127838190 ) ) ;
#2602 = ADVANCED_FACE ( 'NONE', ( #2079 ), #134, .F. ) ;
#2603 = DIRECTION ( 'NONE',  ( 1.000000000000000000, 0.000000000000000000, -0.000000000000000000 ) ) ;
#2604 = DIRECTION ( 'NONE',  ( -0.000000000000000000, -1.000000000000000000, -0.000000000000000000 ) ) ;
#2605 = DIRECTION ( 'NONE',  ( -0.000000000000000000, -1.000000000000000000, -0.000000000000000000 ) ) ;
#2606 = ORIENTED_EDGE ( 'NONE', *, *, #1299, .F. ) ;
#2607 = ADVANCED_FACE ( 'NONE', ( #2308 ), #2046, .T. ) ;
#2608 = CARTESIAN_POINT ( 'NONE',  ( 6.763366740599034976, 2.000000000000000000, -34.35508619108273365 ) ) ;
#2609 = DIRECTION ( 'NONE',  ( -1.000000000000000000, 0.000000000000000000, 0.000000000000000000 ) ) ;
#2610 = ORIENTED_EDGE ( 'NONE', *, *, #1041, .F. ) ;
#2611 = ORIENTED_EDGE ( 'NONE', *, *, #873, .F. ) ;
#2612 = ADVANCED_FACE ( 'NONE', ( #1853 ), #1434, .T. ) ;
#2613 = ORIENTED_EDGE ( 'NONE', *, *, #1790, .F. ) ;
#2614 = EDGE_CURVE ( 'NONE', #2428, #268, #402, .T. ) ;
#2615 = VERTEX_POINT ( 'NONE', #565 ) ;
#2616 = CARTESIAN_POINT ( 'NONE',  ( -44.28302379914202191, 2.500000000000000444, -25.19999999999997797 ) ) ;
#2617 = DIRECTION ( 'NONE',  ( 0.000000000000000000, 0.000000000000000000, 1.000000000000000000 ) ) ;
#2618 = EDGE_CURVE ( 'NONE', #1358, #2213, #1221, .T. ) ;
#2619 = DIRECTION ( 'NONE',  ( -1.000000000000000000, 0.000000000000000000, 0.000000000000000000 ) ) ;
#2620 = FACE_OUTER_BOUND ( 'NONE', #1689, .T. ) ;
#2621 = CARTESIAN_POINT ( 'NONE',  ( 7.763366740599051852, 4.000000000000000000, -35.35508619108273365 ) ) ;
#2622 = ORIENTED_EDGE ( 'NONE', *, *, #1005, .T. ) ;
#2623 = CARTESIAN_POINT ( 'NONE',  ( -31.03663325940087603, 4.000000000000000000, 6.526057737013951438E-14 ) ) ;
#2624 = PLANE ( 'NONE',  #1817 ) ;
#2625 = VECTOR ( 'NONE', #544, 1000.000000000000000 ) ;
#2626 = VECTOR ( 'NONE', #2224, 1000.000000000000000 ) ;
#2627 = ORIENTED_EDGE ( 'NONE', *, *, #1030, .F. ) ;
#2628 = VERTEX_POINT ( 'NONE', #1878 ) ;
#2629 = VECTOR ( 'NONE', #2604, 1000.000000000000000 ) ;
#2630 = ORIENTED_EDGE ( 'NONE', *, *, #1697, .F. ) ;
#2631 = EDGE_CURVE ( 'NONE', #1856, #2359, #2091, .T. ) ;
#2632 = VECTOR ( 'NONE', #1431, 1000.000000000000000 ) ;
#2633 = EDGE_LOOP ( 'NONE', ( #1261, #2758, #1324, #1423, #2474 ) ) ;
#2634 = ADVANCED_FACE ( 'NONE', ( #1006 ), #2732, .F. ) ;
#2635 = CARTESIAN_POINT ( 'NONE',  ( -44.78302379914200770, 2.000000000000000000, -26.69999999999998153 ) ) ;
#2636 = DIRECTION ( 'NONE',  ( 0.000000000000000000, 0.000000000000000000, 1.000000000000000000 ) ) ;
#2637 = LINE ( 'NONE', #1746, #2629 ) ;
#2638 = CARTESIAN_POINT ( 'NONE',  ( -53.99192512106459674, 4.000000000000000000, -38.25781819127838901 ) ) ;
#2639 = EDGE_LOOP ( 'NONE', ( #1851, #532, #1116, #2178, #879, #1773, #2716, #845, #1902, #56, #1986, #1266, #1429, #964 ) ) ;
#2640 = CARTESIAN_POINT ( 'NONE',  ( -76.89192512106460242, 4.000000000000000000, -38.25781819127838190 ) ) ;
#2641 = CARTESIAN_POINT ( 'NONE',  ( -32.18302379914201339, 2.000000000000000000, -50.65508619108275923 ) ) ;
#2642 = VERTEX_POINT ( 'NONE', #2535 ) ;
#2643 = ORIENTED_EDGE ( 'NONE', *, *, #1622, .T. ) ;
#2644 = EDGE_LOOP ( 'NONE', ( #1944, #2679, #1472, #1129, #947 ) ) ;
#2645 = EDGE_CURVE ( 'NONE', #1926, #2213, #2119, .T. ) ;
#2646 = DIRECTION ( 'NONE',  ( -0.000000000000000000, -1.000000000000000000, -0.000000000000000000 ) ) ;
#2647 = CIRCLE ( 'NONE', #804, 20.00000000000000000 ) ;
#2648 = APPROVAL_STATUS ( 'not_yet_approved' ) ;
#2649 = DIRECTION ( 'NONE',  ( 1.000000000000000000, 0.000000000000000000, -1.704004914849705069E-16 ) ) ;
#2650 = APPROVAL_PERSON_ORGANIZATION ( #133, #705, #2687 ) ;
#2651 = PLANE ( 'NONE',  #1914 ) ;
#2652 = DIRECTION ( 'NONE',  ( -0.000000000000000000, -1.000000000000000000, -0.000000000000000000 ) ) ;
#2653 = VERTEX_POINT ( 'NONE', #1033 ) ;
#2654 = FACE_OUTER_BOUND ( 'NONE', #1821, .T. ) ;
#2655 = CARTESIAN_POINT ( 'NONE',  ( 8.031094108197212478, 2.105597632326970725, -56.34948855875575902 ) ) ;
#2656 = EDGE_CURVE ( 'NONE', #461, #2320, #1903, .T. ) ;
#2657 = EDGE_LOOP ( 'NONE', ( #396, #738, #2771, #1536, #1479, #2346, #2582 ) ) ;
#2658 = ORIENTED_EDGE ( 'NONE', *, *, #2701, .F. ) ;
#2659 = CARTESIAN_POINT ( 'NONE',  ( -31.03663325940086892, 2.000000000000000000, -14.20000000000000284 ) ) ;
#2660 = APPROVAL_ROLE ( '' ) ;
#2661 = CARTESIAN_POINT ( 'NONE',  ( -75.89192512106457400, 2.000000000000000000, 46.64218180872161668 ) ) ;
#2662 = CARTESIAN_POINT ( 'NONE',  ( -58.99192512106459674, 2.500000000000000444, -36.75781819127838901 ) ) ;
#2663 = DIRECTION ( 'NONE',  ( 3.614007241618349264E-16, 0.000000000000000000, -1.000000000000000000 ) ) ;
#2664 = EDGE_LOOP ( 'NONE', ( #54, #609, #2016, #1419 ) ) ;
#2665 = EDGE_CURVE ( 'NONE', #2434, #2373, #1976, .T. ) ;
#2666 = LINE ( 'NONE', #2260, #2325 ) ;
#2667 = LINE ( 'NONE', #2393, #2182 ) ;
#2668 = ORIENTED_EDGE ( 'NONE', *, *, #2394, .T. ) ;
#2669 = AXIS2_PLACEMENT_3D ( 'NONE', #1984, #51, #901 ) ;
#2670 = ADVANCED_FACE ( 'NONE', ( #59 ), #1961, .T. ) ;
#2671 = DIRECTION ( 'NONE',  ( 0.000000000000000000, 0.000000000000000000, -1.000000000000000000 ) ) ;
#2672 = VECTOR ( 'NONE', #455, 1000.000000000000000 ) ;
#2673 = VERTEX_POINT ( 'NONE', #2601 ) ;
#2674 = PERSON_AND_ORGANIZATION ( #75, #2430 ) ;
#2675 = VECTOR ( 'NONE', #640, 1000.000000000000000 ) ;
#2676 = CARTESIAN_POINT ( 'NONE',  ( -51.49192512106459674, 2.000000000000000000, 44.64218180872160247 ) ) ;
#2677 = CARTESIAN_POINT ( 'NONE',  ( -31.03663325940094708, 2.000000000000011102, -50.65508619108277344 ) ) ;
#2678 = CARTESIAN_POINT ( 'NONE',  ( -52.49192512106459674, 2.500000000000000444, -38.25781819127839611 ) ) ;
#2679 = ORIENTED_EDGE ( 'NONE', *, *, #2513, .T. ) ;
#2680 = DIRECTION ( 'NONE',  ( 0.000000000000000000, 1.000000000000000000, -0.000000000000000000 ) ) ;
#2681 = CARTESIAN_POINT ( 'NONE',  ( -32.18302379914200628, 2.000000000000000000, -14.19999999999997975 ) ) ;
#2682 = VECTOR ( 'NONE', #1969, 1000.000000000000000 ) ;
#2683 = LINE ( 'NONE', #558, #1369 ) ;
#2684 = ORIENTED_EDGE ( 'NONE', *, *, #1520, .F. ) ;
#2685 = DIRECTION ( 'NONE',  ( 0.000000000000000000, 1.000000000000000000, 0.000000000000000000 ) ) ;
#2686 = ORIENTED_EDGE ( 'NONE', *, *, #2665, .T. ) ;
#2687 = APPROVAL_ROLE ( '' ) ;
#2688 = LINE ( 'NONE', #788, #888 ) ;
#2689 = CYLINDRICAL_SURFACE ( 'NONE', #2356, 1.999999999999998224 ) ;
#2690 = DIRECTION ( 'NONE',  ( -0.000000000000000000, -1.000000000000000000, -0.000000000000000000 ) ) ;
#2691 = ORIENTED_EDGE ( 'NONE', *, *, #1291, .T. ) ;
#2692 = VECTOR ( 'NONE', #813, 1000.000000000000000 ) ;
#2693 = DIRECTION ( 'NONE',  ( 0.000000000000000000, 0.000000000000000000, -1.000000000000000000 ) ) ;
#2694 = EDGE_LOOP ( 'NONE', ( #1741, #1128, #1971, #1212 ) ) ;
#2695 = CARTESIAN_POINT ( 'NONE',  ( -58.99192512106459674, 2.500000000000000444, 45.64218180872161668 ) ) ;
#2696 = EDGE_CURVE ( 'NONE', #969, #545, #2218, .T. ) ;
#2697 = ORIENTED_EDGE ( 'NONE', *, *, #308, .T. ) ;
#2698 = LINE ( 'NONE', #1609, #346 ) ;
#2699 = EDGE_CURVE ( 'NONE', #1917, #2615, #713, .T. ) ;
#2700 = DIRECTION ( 'NONE',  ( -0.000000000000000000, -1.000000000000000000, -0.000000000000000000 ) ) ;
#2701 = EDGE_CURVE ( 'NONE', #1300, #2642, #1946, .T. ) ;
#2702 = ORIENTED_EDGE ( 'NONE', *, *, #591, .F. ) ;
#2703 = CARTESIAN_POINT ( 'NONE',  ( 6.763366740599049187, 2.000000000000000000, -36.35508619108273365 ) ) ;
#2704 = CARTESIAN_POINT ( 'NONE',  ( -37.78302379914203613, 2.000000000000000000, -26.69999999999998153 ) ) ;
#2705 = LINE ( 'NONE', #524, #2149 ) ;
#2706 = VERTEX_POINT ( 'NONE', #2376 ) ;
#2707 = APPROVAL ( #1147, 'UNSPECIFIED' ) ;
#2708 = DIRECTION ( 'NONE',  ( 0.000000000000000000, 0.000000000000000000, 1.000000000000000000 ) ) ;
#2709 = EDGE_LOOP ( 'NONE', ( #504, #247, #142, #2156, #2172 ) ) ;
#2710 = LINE ( 'NONE', #527, #2310 ) ;
#2711 = EDGE_CURVE ( 'NONE', #906, #2576, #1567, .T. ) ;
#2712 = VERTEX_POINT ( 'NONE', #2387 ) ;
#2713 = DIRECTION ( 'NONE',  ( 0.000000000000000000, 0.000000000000000000, 1.000000000000000000 ) ) ;
#2714 = PLANE ( 'NONE',  #475 ) ;
#2715 = AXIS2_PLACEMENT_3D ( 'NONE', #182, #857, #430 ) ;
#2716 = ORIENTED_EDGE ( 'NONE', *, *, #944, .T. ) ;
#2717 = ADVANCED_FACE ( 'NONE', ( #680 ), #258, .T. ) ;
#2718 = AXIS2_PLACEMENT_3D ( 'NONE', #994, #2721, #1408 ) ;
#2719 = CARTESIAN_POINT ( 'NONE',  ( 8.177580302972140558, 2.085786437626896639, -34.94087262870963428 ) ) ;
#2720 = DIRECTION ( 'NONE',  ( 1.000000000000000000, 0.000000000000000000, 0.000000000000000000 ) ) ;
#2721 = DIRECTION ( 'NONE',  ( 0.000000000000000000, 1.000000000000000000, -0.000000000000000000 ) ) ;
#2722 = VECTOR ( 'NONE', #523, 1000.000000000000000 ) ;
#2723 = DIRECTION ( 'NONE',  ( 2.102695122396127254E-15, 0.000000000000000000, 1.000000000000000000 ) ) ;
#2724 = AXIS2_PLACEMENT_3D ( 'NONE', #448, #1298, #2155 ) ;
#2725 = CARTESIAN_POINT ( 'NONE',  ( 8.263366740599034088, 2.000000000000000000, -35.03221053555042630 ) ) ;
#2726 = CARTESIAN_POINT ( 'NONE',  ( 7.763366740599051852, 4.000000000000000000, -55.95508619108274218 ) ) ;
#2727 = VERTEX_POINT ( 'NONE', #2406 ) ;
#2728 = DIRECTION ( 'NONE',  ( 0.000000000000000000, 0.000000000000000000, -1.000000000000000000 ) ) ;
#2729 = DIRECTION ( 'NONE',  ( 0.000000000000000000, 0.000000000000000000, -1.000000000000000000 ) ) ;
#2730 = EDGE_CURVE ( 'NONE', #852, #2130, #1290, .T. ) ;
#2731 = ORIENTED_EDGE ( 'NONE', *, *, #1030, .T. ) ;
#2732 = PLANE ( 'NONE',  #1476 ) ;
#2733 = CARTESIAN_POINT ( 'NONE',  ( -1.087979268132183381E-14, 4.000000000000000000, -38.25781819127840322 ) ) ;
#2734 = FACE_OUTER_BOUND ( 'NONE', #1678, .T. ) ;
#2735 = DIRECTION ( 'NONE',  ( 0.000000000000000000, 0.000000000000000000, -1.000000000000000000 ) ) ;
#2736 = DIRECTION ( 'NONE',  ( 1.000000000000000000, 0.000000000000000000, -2.843808977011158816E-16 ) ) ;
#2737 = DIRECTION ( 'NONE',  ( -1.000000000000000000, 0.000000000000000000, 0.000000000000000000 ) ) ;
#2738 = EDGE_LOOP ( 'NONE', ( #1187, #570, #671, #1591 ) ) ;
#2739 = VECTOR ( 'NONE', #2064, 1000.000000000000000 ) ;
#2740 = LINE ( 'NONE', #820, #877 ) ;
#2741 = LINE ( 'NONE', #989, #1684 ) ;
#2742 = EDGE_CURVE ( 'NONE', #695, #1257, #17, .T. ) ;
#2743 = ORIENTED_EDGE ( 'NONE', *, *, #1428, .T. ) ;
#2744 = PRODUCT_DEFINITION_SHAPE ( 'NONE', 'NONE',  #792 ) ;
#2745 = ORIENTED_EDGE ( 'NONE', *, *, #2572, .T. ) ;
#2746 = CARTESIAN_POINT ( 'NONE',  ( -76.89192512106460242, 2.500000000000000444, -38.25781819127838190 ) ) ;
#2747 = DIRECTION ( 'NONE',  ( -0.000000000000000000, -1.000000000000000000, -0.000000000000000000 ) ) ;
#2748 = DIRECTION ( 'NONE',  ( -0.7071067811865474617, 0.7071067811865474617, 0.000000000000000000 ) ) ;
#2749 = FACE_OUTER_BOUND ( 'NONE', #1771, .T. ) ;
#2750 = LINE ( 'NONE', #1897, #956 ) ;
#2751 = ORIENTED_EDGE ( 'NONE', *, *, #2742, .T. ) ;
#2752 = EDGE_CURVE ( 'NONE', #2214, #1358, #1713, .T. ) ;
#2753 = DIRECTION ( 'NONE',  ( -1.000000000000000000, 0.000000000000000000, 0.000000000000000000 ) ) ;
#2754 = EDGE_CURVE ( 'NONE', #477, #646, #2363, .T. ) ;
#2755 = DIRECTION ( 'NONE',  ( 0.000000000000000000, 0.000000000000000000, -1.000000000000000000 ) ) ;
#2756 = ORIENTED_EDGE ( 'NONE', *, *, #2578, .T. ) ;
#2757 = EDGE_CURVE ( 'NONE', #13, #72, #866, .T. ) ;
#2758 = ORIENTED_EDGE ( 'NONE', *, *, #1672, .T. ) ;
#2759 = CARTESIAN_POINT ( 'NONE',  ( -58.99192512106459674, 2.000000000000000000, 0.000000000000000000 ) ) ;
#2760 = LINE ( 'NONE', #1650, #785 ) ;
#2761 = CIRCLE ( 'NONE', #1910, 2.000000000000001776 ) ;
#2762 = CARTESIAN_POINT ( 'NONE',  ( 0.000000000000000000, 2.500000000000000444, -35.35508619108273365 ) ) ;
#2763 = CARTESIAN_POINT ( 'NONE',  ( -75.89192512106457400, 2.000000000000000000, 46.64218180872161668 ) ) ;
#2764 = DIRECTION ( 'NONE',  ( 0.000000000000000000, 0.000000000000000000, -1.000000000000000000 ) ) ;
#2765 = AXIS2_PLACEMENT_3D ( 'NONE', #643, #2426, #1321 ) ;
#2766 = ORIENTED_EDGE ( 'NONE', *, *, #2438, .F. ) ;
#2767 = VECTOR ( 'NONE', #765, 1000.000000000000000 ) ;
#2768 = VECTOR ( 'NONE', #86, 1000.000000000000000 ) ;
#2769 = CARTESIAN_POINT ( 'NONE',  ( -52.01956183254321076, 2.027636711478605136, 45.99639454952308171 ) ) ;
#2770 = LINE ( 'NONE', #1246, #434 ) ;
#2771 = ORIENTED_EDGE ( 'NONE', *, *, #2547, .F. ) ;
#2772 = VERTEX_POINT ( 'NONE', #2587 ) ;
#2773 = VECTOR ( 'NONE', #1442, 1000.000000000000000 ) ;
#2774 = VERTEX_POINT ( 'NONE', #483 ) ;
#2775 = CARTESIAN_POINT ( 'NONE',  ( 0.000000000000000000, 4.000000000000000000, 0.000000000000000000 ) ) ;
#2776 = DIRECTION ( 'NONE',  ( 1.000000000000000000, 0.000000000000000000, 0.000000000000000000 ) ) ;
#2777 = ORIENTED_EDGE ( 'NONE', *, *, #2583, .F. ) ;
#2778 = CARTESIAN_POINT ( 'NONE',  ( -75.39192512106460242, 2.000000000000000000, 44.14218180872160957 ) ) ;
#2779 = ORIENTED_EDGE ( 'NONE', *, *, #1467, .T. ) ;
#2780 = DIRECTION ( 'NONE',  ( -1.000000000000000000, 0.000000000000000000, 0.000000000000000000 ) ) ;
#2781 = DIRECTION ( 'NONE',  ( -1.000000000000000000, 0.000000000000000000, 0.000000000000000000 ) ) ;
#2782 = VECTOR ( 'NONE', #984, 1000.000000000000000 ) ;
#2783 = ORIENTED_EDGE ( 'NONE', *, *, #239, .T. ) ;
ENDSEC;
END-ISO-10303-21;
