ISO-10303-21;
HEADER;
FILE_DESCRIPTION (( 'STEP AP203' ),
    '1' );
FILE_NAME ('Power System Mount V3.STEP',
    '2026-03-12T23:55:21',
    ( '' ),
    ( '' ),
    'SwSTEP 2.0',
    'SolidWorks 2024',
    '' );
FILE_SCHEMA (( 'CONFIG_CONTROL_DESIGN' ));
ENDSEC;

DATA;
#1 = LINE ( 'NONE', #816, #977 ) ;
#2 = ORIENTED_EDGE ( 'NONE', *, *, #1025, .T. ) ;
#3 = EDGE_LOOP ( 'NONE', ( #321, #1002, #2276, #519, #104, #1553, #1689, #337, #2155, #1130, #1735, #982 ) ) ;
#4 = DIRECTION ( 'NONE',  ( -1.000000000000000000, 0.000000000000000000, 0.000000000000000000 ) ) ;
#5 = CARTESIAN_POINT ( 'NONE',  ( -58.87307481965228106, 4.000000000000000000, 0.000000000000000000 ) ) ;
#6 = EDGE_CURVE ( 'NONE', #1934, #1622, #1101, .T. ) ;
#7 = ORIENTED_EDGE ( 'NONE', *, *, #1372, .T. ) ;
#8 = DIRECTION ( 'NONE',  ( -1.000000000000000000, 0.000000000000000000, 2.206386033293608535E-15 ) ) ;
#9 = DIRECTION ( 'NONE',  ( -7.252882527098619258E-15, 0.000000000000000000, -1.000000000000000000 ) ) ;
#10 = CARTESIAN_POINT ( 'NONE',  ( -37.14529042290990191, 0.000000000000000000, -51.41076601422216896 ) ) ;
#11 = CARTESIAN_POINT ( 'NONE',  ( 3.270619643041879243, 0.000000000000000000, 5.042680325669674347E-15 ) ) ;
#12 = EDGE_LOOP ( 'NONE', ( #2355, #2559, #2446, #2091, #189, #370 ) ) ;
#13 = CARTESIAN_POINT ( 'NONE',  ( -49.37307481965228817, -2.000000000000000000, -24.19999999999996376 ) ) ;
#14 = DIRECTION ( 'NONE',  ( 1.000000000000000000, 0.000000000000000000, 2.775557561562889379E-15 ) ) ;
#15 = EDGE_CURVE ( 'NONE', #1620, #417, #229, .T. ) ;
#16 = ORIENTED_EDGE ( 'NONE', *, *, #1894, .T. ) ;
#17 = EDGE_CURVE ( 'NONE', #1272, #1727, #2236, .T. ) ;
#18 = ORIENTED_EDGE ( 'NONE', *, *, #644, .F. ) ;
#19 = DIRECTION ( 'NONE',  ( -0.000000000000000000, -1.000000000000000000, -0.000000000000000000 ) ) ;
#20 = EDGE_CURVE ( 'NONE', #618, #1332, #2278, .T. ) ;
#21 = CLOSED_SHELL ( 'NONE', ( #1129, #232, #1800, #1922, #448, #2185, #1898, #789, #2365, #1120, #2345, #1610, #126, #1884, #888, #248, #270, #515, #2442, #631, #700, #1795, #877, #943, #2044, #1529, #1100, #1323, #261, #2353, #505, #1815, #1133, #1022, #1640, #1517, #1688, #2115, #2072, #1718, #2545, #484, #2284, #1595, #2154, #434, #289, #1569, #1748, #179, #2427, #333, #2169, #50, #1951, #1096, #1875, #1452, #1653, #1762, #2472, #1217, #2420, #571, #2270, #1211, #1271, #1319, #675, #102, #2238, #2067, #931, #1060, #973, #568 ) ) ;
#22 = EDGE_LOOP ( 'NONE', ( #70, #1146, #2482, #2085 ) ) ;
#23 = CARTESIAN_POINT ( 'NONE',  ( 3.270619643041930757, 4.000000000000000000, -52.41076601422216896 ) ) ;
#24 = CARTESIAN_POINT ( 'NONE',  ( 1.286921014509858463E-14, 4.000000000000000000, 39.68948090559993602 ) ) ;
#25 = VECTOR ( 'NONE', #880, 1000.000000000000000 ) ;
#26 = CALENDAR_DATE ( 2026, 12, 3 ) ;
#27 = CARTESIAN_POINT ( 'NONE',  ( -77.70020855947120708, -2.000000000000000000, 48.42005930127555757 ) ) ;
#28 = EDGE_CURVE ( 'NONE', #1431, #523, #634, .T. ) ;
#29 = AXIS2_PLACEMENT_3D ( 'NONE', #740, #2390, #2212 ) ;
#30 = EDGE_CURVE ( 'NONE', #721, #698, #420, .T. ) ;
#31 = DIRECTION ( 'NONE',  ( 0.000000000000000000, 1.000000000000000000, 0.000000000000000000 ) ) ;
#32 = AXIS2_PLACEMENT_3D ( 'NONE', #1418, #2020, #1038 ) ;
#33 = DIRECTION ( 'NONE',  ( 0.000000000000000000, 0.000000000000000000, -1.000000000000000000 ) ) ;
#34 = AXIS2_PLACEMENT_3D ( 'NONE', #219, #166, #946 ) ;
#35 = AXIS2_PLACEMENT_3D ( 'NONE', #390, #1197, #1969 ) ;
#36 = EDGE_CURVE ( 'NONE', #148, #1934, #2265, .T. ) ;
#37 = ORIENTED_EDGE ( 'NONE', *, *, #1597, .T. ) ;
#38 = DIRECTION ( 'NONE',  ( -8.577124726708563381E-17, 0.000000000000000000, -1.000000000000000000 ) ) ;
#39 = CARTESIAN_POINT ( 'NONE',  ( -72.23274228355673188, -2.000000000000000000, -52.03567395292353837 ) ) ;
#40 = DIRECTION ( 'NONE',  ( -0.000000000000000000, -1.000000000000000000, -0.000000000000000000 ) ) ;
#41 = ORIENTED_EDGE ( 'NONE', *, *, #1723, .F. ) ;
#42 = CARTESIAN_POINT ( 'NONE',  ( -34.02938035695802199, 4.000000000000000000, 4.418265599710848625E-14 ) ) ;
#43 = CARTESIAN_POINT ( 'NONE',  ( -40.24529042290989622, 0.000000000000000000, -25.69999999999998153 ) ) ;
#44 = DIRECTION ( 'NONE',  ( 0.7071067811865573427, -0.7071067811865378028, 0.000000000000000000 ) ) ;
#45 = CALENDAR_DATE ( 2026, 12, 3 ) ;
#46 = CARTESIAN_POINT ( 'NONE',  ( -34.02938035695807173, 0.000000000000000000, -52.41076601422216896 ) ) ;
#47 = ORIENTED_EDGE ( 'NONE', *, *, #1423, .F. ) ;
#48 = DIRECTION ( 'NONE',  ( 0.000000000000000000, 0.000000000000000000, -1.000000000000000000 ) ) ;
#49 = FACE_OUTER_BOUND ( 'NONE', #1350, .T. ) ;
#50 = ADVANCED_FACE ( 'NONE', ( #1821 ), #641, .F. ) ;
#51 = ORIENTED_EDGE ( 'NONE', *, *, #2166, .F. ) ;
#52 = CARTESIAN_POINT ( 'NONE',  ( 3.270619643041932978, 4.000000000000000000, -34.81076601422218175 ) ) ;
#53 = DIRECTION ( 'NONE',  ( -1.000000000000000000, 0.000000000000000000, 3.687780117775668647E-16 ) ) ;
#54 = COORDINATED_UNIVERSAL_TIME_OFFSET ( 5, 0, .BEHIND. ) ;
#55 = CARTESIAN_POINT ( 'NONE',  ( -79.65842423297959840, 0.000000000000000000, 46.00952613604409436 ) ) ;
#56 = DIRECTION ( 'NONE',  ( -1.000000000000000000, 0.000000000000000000, 0.000000000000000000 ) ) ;
#57 = EDGE_CURVE ( 'NONE', #845, #1442, #1041, .T. ) ;
#58 = ORIENTED_EDGE ( 'NONE', *, *, #2460, .T. ) ;
#59 = CARTESIAN_POINT ( 'NONE',  ( -52.37307481965228106, -2.000000000000000000, 51.00000000000000711 ) ) ;
#60 = EDGE_CURVE ( 'NONE', #1300, #1923, #2060, .T. ) ;
#61 = LINE ( 'NONE', #1233, #2380 ) ;
#62 = ORIENTED_EDGE ( 'NONE', *, *, #1411, .T. ) ;
#63 = ORIENTED_EDGE ( 'NONE', *, *, #755, .F. ) ;
#64 = CARTESIAN_POINT ( 'NONE',  ( -55.37307481965227396, -2.000000000000000000, 54.00000000000002132 ) ) ;
#65 = FACE_OUTER_BOUND ( 'NONE', #560, .T. ) ;
#66 = CARTESIAN_POINT ( 'NONE',  ( -34.02938035695807173, 0.000000000000000000, -34.81076601422217465 ) ) ;
#67 = DIRECTION ( 'NONE',  ( 0.000000000000000000, 0.000000000000000000, 1.000000000000000000 ) ) ;
#68 = DIRECTION ( 'NONE',  ( 1.000000000000000000, 0.000000000000000000, -0.000000000000000000 ) ) ;
#69 = AXIS2_PLACEMENT_3D ( 'NONE', #2543, #746, #196 ) ;
#70 = ORIENTED_EDGE ( 'NONE', *, *, #920, .T. ) ;
#71 = CARTESIAN_POINT ( 'NONE',  ( 0.000000000000000000, 0.000000000000000000, -25.69999999999998153 ) ) ;
#72 = AXIS2_PLACEMENT_3D ( 'NONE', #1855, #1873, #1459 ) ;
#73 = CIRCLE ( 'NONE', #402, 2.999999999999995559 ) ;
#74 = CARTESIAN_POINT ( 'NONE',  ( -52.84529042290991896, 4.000000000000000000, 0.000000000000000000 ) ) ;
#75 = AXIS2_PLACEMENT_3D ( 'NONE', #2023, #1448, #1837 ) ;
#76 = ORIENTED_EDGE ( 'NONE', *, *, #1254, .T. ) ;
#77 = DIRECTION ( 'NONE',  ( 0.000000000000000000, 0.000000000000000000, 1.000000000000000000 ) ) ;
#78 = CC_DESIGN_APPROVAL ( #1534, ( #539 ) ) ;
#79 = CARTESIAN_POINT ( 'NONE',  ( -40.24529042290989622, 0.000000000000000000, -24.19999999999997797 ) ) ;
#80 = VERTEX_POINT ( 'NONE', #432 ) ;
#81 = CARTESIAN_POINT ( 'NONE',  ( -79.23101892005928448, -2.000000000000000000, -46.62986039972359720 ) ) ;
#82 = LINE ( 'NONE', #1476, #241 ) ;
#83 = CYLINDRICAL_SURFACE ( 'NONE', #1446, 2.999999999999995559 ) ;
#84 = CARTESIAN_POINT ( 'NONE',  ( -81.49999999999998579, 0.000000000000000000, -39.99999999999999289 ) ) ;
#85 = LINE ( 'NONE', #1628, #2466 ) ;
#86 = EDGE_LOOP ( 'NONE', ( #1098, #357, #676, #1076 ) ) ;
#87 = LINE ( 'NONE', #1674, #2038 ) ;
#88 = FACE_OUTER_BOUND ( 'NONE', #1519, .T. ) ;
#89 = ORIENTED_EDGE ( 'NONE', *, *, #1266, .T. ) ;
#90 = EDGE_LOOP ( 'NONE', ( #2046, #1508, #2479, #1291, #832, #1903 ) ) ;
#91 = DIRECTION ( 'NONE',  ( -1.000000000000000000, 0.000000000000000000, 1.214390062501570411E-15 ) ) ;
#92 = CARTESIAN_POINT ( 'NONE',  ( -80.09234972370505545, -2.000000000000000000, -45.28936000476173263 ) ) ;
#93 = EDGE_CURVE ( 'NONE', #445, #750, #1849, .T. ) ;
#94 = CARTESIAN_POINT ( 'NONE',  ( -69.04298740812522794, 0.000000000000000000, -53.15505685206051112 ) ) ;
#95 = CARTESIAN_POINT ( 'NONE',  ( -73.50627083540364026, 0.000000000000000000, -51.41427897112708223 ) ) ;
#96 = DIRECTION ( 'NONE',  ( -3.242473786872536307E-16, 0.000000000000000000, -1.000000000000000000 ) ) ;
#97 = EDGE_CURVE ( 'NONE', #833, #1747, #1838, .T. ) ;
#98 = VERTEX_POINT ( 'NONE', #1433 ) ;
#99 = CARTESIAN_POINT ( 'NONE',  ( -58.87307481965229528, 4.000000000000000000, -42.71051909440004835 ) ) ;
#100 = EDGE_CURVE ( 'NONE', #927, #2018, #651, .T. ) ;
#101 = LINE ( 'NONE', #871, #1102 ) ;
#102 = ADVANCED_FACE ( 'NONE', ( #827 ), #1422, .F. ) ;
#103 = CARTESIAN_POINT ( 'NONE',  ( -67.47229581902067252, -2.000000000000000000, 53.52482905883329778 ) ) ;
#104 = ORIENTED_EDGE ( 'NONE', *, *, #1565, .T. ) ;
#105 = DIRECTION ( 'NONE',  ( 1.000000000000000000, 0.000000000000000000, 0.000000000000000000 ) ) ;
#106 = DIRECTION ( 'NONE',  ( 0.000000000000000000, 0.000000000000000000, 1.000000000000000000 ) ) ;
#107 = VECTOR ( 'NONE', #1304, 1000.000000000000000 ) ;
#108 = VECTOR ( 'NONE', #2156, 1000.000000000000000 ) ;
#109 = ORIENTED_EDGE ( 'NONE', *, *, #645, .F. ) ;
#110 = CARTESIAN_POINT ( 'NONE',  ( -37.94529042290989906, -2.000000000000000000, -24.19999999999997797 ) ) ;
#111 = LINE ( 'NONE', #1713, #528 ) ;
#112 = VECTOR ( 'NONE', #2513, 1000.000000000000000 ) ;
#113 = DIRECTION ( 'NONE',  ( 0.000000000000000000, -1.000000000000000000, 0.000000000000000000 ) ) ;
#114 = VECTOR ( 'NONE', #1607, 1000.000000000000000 ) ;
#115 = CARTESIAN_POINT ( 'NONE',  ( -34.94529042290990617, 0.000000000000000000, -30.31076601422216754 ) ) ;
#116 = VECTOR ( 'NONE', #996, 1000.000000000000000 ) ;
#117 = CARTESIAN_POINT ( 'NONE',  ( -73.50627083540364026, 0.000000000000000000, -51.41427897112708223 ) ) ;
#118 = CARTESIAN_POINT ( 'NONE',  ( 0.000000000000000000, 4.000000000000000000, -40.15508619108273791 ) ) ;
#119 = ORIENTED_EDGE ( 'NONE', *, *, #1722, .F. ) ;
#120 = PLANE ( 'NONE',  #1106 ) ;
#121 = ORIENTED_EDGE ( 'NONE', *, *, #413, .T. ) ;
#122 = CARTESIAN_POINT ( 'NONE',  ( -50.34529042290991896, 2.000000000000000000, -51.41076601422215475 ) ) ;
#123 = DIRECTION ( 'NONE',  ( -0.000000000000000000, -1.000000000000000000, -0.000000000000000000 ) ) ;
#124 = ORIENTED_EDGE ( 'NONE', *, *, #2560, .F. ) ;
#125 = CARTESIAN_POINT ( 'NONE',  ( 3.270619643041930757, 0.000000000000000000, -52.41076601422216896 ) ) ;
#126 = ADVANCED_FACE ( 'NONE', ( #2252 ), #1450, .T. ) ;
#127 = DIRECTION ( 'NONE',  ( -5.526005734932251062E-15, 0.000000000000000000, 1.000000000000000000 ) ) ;
#128 = VERTEX_POINT ( 'NONE', #66 ) ;
#129 = CARTESIAN_POINT ( 'NONE',  ( -78.63526213086399252, 0.000000000000000000, -47.40033677362624331 ) ) ;
#130 = CARTESIAN_POINT ( 'NONE',  ( -76.62065128991200424, 0.000000000000000000, -49.37122408486720104 ) ) ;
#131 = EDGE_CURVE ( 'NONE', #1892, #132, #858, .T. ) ;
#132 = VERTEX_POINT ( 'NONE', #10 ) ;
#133 = FACE_OUTER_BOUND ( 'NONE', #2594, .T. ) ;
#134 = ORIENTED_EDGE ( 'NONE', *, *, #834, .T. ) ;
#135 = CARTESIAN_POINT ( 'NONE',  ( -81.49977868556240423, 0.000000000000000000, 41.17960809326590521 ) ) ;
#136 = CARTESIAN_POINT ( 'NONE',  ( -39.24871654643521168, -19.12435827321761295, 60.81383917881702672 ) ) ;
#137 = EDGE_CURVE ( 'NONE', #2523, #1493, #1608, .T. ) ;
#138 = VERTEX_POINT ( 'NONE', #1284 ) ;
#139 = LINE ( 'NONE', #1736, #2576 ) ;
#140 = PLANE ( 'NONE',  #1187 ) ;
#141 = EDGE_CURVE ( 'NONE', #98, #1277, #2109, .T. ) ;
#142 = DIRECTION ( 'NONE',  ( 0.000000000000000000, 1.000000000000000000, -0.000000000000000000 ) ) ;
#143 = PLANE ( 'NONE',  #285 ) ;
#144 = ORIENTED_EDGE ( 'NONE', *, *, #1621, .F. ) ;
#145 = PLANE ( 'NONE',  #69 ) ;
#146 = CARTESIAN_POINT ( 'NONE',  ( -62.49999999999999289, -2.000000000000000000, 54.00000000000002132 ) ) ;
#147 = DIRECTION ( 'NONE',  ( -8.270433735288711788E-17, 0.000000000000000000, -1.000000000000000000 ) ) ;
#148 = VERTEX_POINT ( 'NONE', #115 ) ;
#149 = VECTOR ( 'NONE', #2566, 1000.000000000000000 ) ;
#150 = ORIENTED_EDGE ( 'NONE', *, *, #955, .T. ) ;
#151 = CARTESIAN_POINT ( 'NONE',  ( -34.64529042290990191, 4.000000000000000000, -40.15508619108273791 ) ) ;
#152 = EDGE_CURVE ( 'NONE', #1802, #2550, #903, .T. ) ;
#153 = VECTOR ( 'NONE', #19, 1000.000000000000000 ) ;
#154 = EDGE_CURVE ( 'NONE', #845, #1769, #1477, .T. ) ;
#155 = VERTEX_POINT ( 'NONE', #1338 ) ;
#156 = CARTESIAN_POINT ( 'NONE',  ( -58.37307481965228817, -6.434605072549295473E-15, 39.68948090559995734 ) ) ;
#157 = AXIS2_PLACEMENT_3D ( 'NONE', #887, #1494, #105 ) ;
#158 = CARTESIAN_POINT ( 'NONE',  ( 4.770619643041928981, 4.000000000000000000, -51.15508619108274502 ) ) ;
#159 = CIRCLE ( 'NONE', #1749, 2.999999999999995559 ) ;
#160 = VERTEX_POINT ( 'NONE', #1005 ) ;
#161 = CARTESIAN_POINT ( 'NONE',  ( 3.270619643041939639, 0.5000000000000122125, -51.15508619108275923 ) ) ;
#162 = DIRECTION ( 'NONE',  ( 1.000000000000000000, 0.000000000000000000, -1.860293271824993963E-16 ) ) ;
#163 = APPROVAL_PERSON_ORGANIZATION ( #481, #1810, #1467 ) ;
#164 = VERTEX_POINT ( 'NONE', #301 ) ;
#165 = DIRECTION ( 'NONE',  ( -4.192333745099719506E-17, 0.000000000000000000, 1.000000000000000000 ) ) ;
#166 = DIRECTION ( 'NONE',  ( 0.000000000000000000, -0.000000000000000000, 1.000000000000000000 ) ) ;
#167 = VERTEX_POINT ( 'NONE', #1085 ) ;
#168 = ORIENTED_EDGE ( 'NONE', *, *, #1518, .F. ) ;
#169 = FACE_OUTER_BOUND ( 'NONE', #1410, .T. ) ;
#170 = ORIENTED_EDGE ( 'NONE', *, *, #224, .F. ) ;
#171 = DIRECTION ( 'NONE',  ( -0.7071067811865474617, 0.7071067811865474617, 8.587034482004156950E-16 ) ) ;
#172 = DIRECTION ( 'NONE',  ( 0.000000000000000000, 0.000000000000000000, 1.000000000000000000 ) ) ;
#173 = ORIENTED_EDGE ( 'NONE', *, *, #1940, .F. ) ;
#174 = VERTEX_POINT ( 'NONE', #1901 ) ;
#175 = CARTESIAN_POINT ( 'NONE',  ( -81.50000000000001421, 0.000000000000000000, 40.00000000000001421 ) ) ;
#176 = CC_DESIGN_PERSON_AND_ORGANIZATION_ASSIGNMENT ( #1451, #257, ( #2589 ) ) ;
#177 = ORIENTED_EDGE ( 'NONE', *, *, #796, .F. ) ;
#178 = CARTESIAN_POINT ( 'NONE',  ( -76.77307481965229385, 0.5000000000000004441, 0.000000000000000000 ) ) ;
#179 = ADVANCED_FACE ( 'NONE', ( #1095 ), #711, .T. ) ;
#180 = DIRECTION ( 'NONE',  ( 0.000000000000000000, 1.000000000000000000, -0.000000000000000000 ) ) ;
#181 = ORIENTED_EDGE ( 'NONE', *, *, #997, .T. ) ;
#182 = CARTESIAN_POINT ( 'NONE',  ( -40.74529042290991043, 4.000000000000000000, -24.19999999999997797 ) ) ;
#183 = EDGE_CURVE ( 'NONE', #1812, #618, #111, .T. ) ;
#184 = CARTESIAN_POINT ( 'NONE',  ( -34.02938035695807883, 4.000000000000000000, -51.15508619108273791 ) ) ;
#185 = DIRECTION ( 'NONE',  ( 0.000000000000000000, -1.000000000000000000, 0.000000000000000000 ) ) ;
#186 = ORIENTED_EDGE ( 'NONE', *, *, #1714, .F. ) ;
#187 = EDGE_LOOP ( 'NONE', ( #726, #387, #286, #792 ) ) ;
#188 = VECTOR ( 'NONE', #1725, 1000.000000000000000 ) ;
#189 = ORIENTED_EDGE ( 'NONE', *, *, #840, .F. ) ;
#190 = CARTESIAN_POINT ( 'NONE',  ( 0.000000000000000000, 0.000000000000000000, -40.65508619108275212 ) ) ;
#191 = EDGE_CURVE ( 'NONE', #2282, #1486, #2505, .T. ) ;
#192 = VECTOR ( 'NONE', #1046, 1000.000000000000000 ) ;
#193 = LINE ( 'NONE', #5, #2214 ) ;
#194 = VECTOR ( 'NONE', #2119, 1000.000000000000114 ) ;
#195 = ORIENTED_EDGE ( 'NONE', *, *, #1643, .F. ) ;
#196 = DIRECTION ( 'NONE',  ( 1.000000000000000000, 0.000000000000000000, -0.000000000000000000 ) ) ;
#197 = CARTESIAN_POINT ( 'NONE',  ( -73.51482480314236057, -2.000000000000000000, 51.40967444085330840 ) ) ;
#198 = DIRECTION ( 'NONE',  ( -0.000000000000000000, -1.000000000000000000, -0.000000000000000000 ) ) ;
#199 = VECTOR ( 'NONE', #1853, 1000.000000000000000 ) ;
#200 = ORIENTED_EDGE ( 'NONE', *, *, #1701, .T. ) ;
#201 = VECTOR ( 'NONE', #964, 1000.000000000000000 ) ;
#202 = LINE ( 'NONE', #596, #1489 ) ;
#203 = VECTOR ( 'NONE', #1011, 1000.000000000000000 ) ;
#204 = VERTEX_POINT ( 'NONE', #509 ) ;
#205 = EDGE_LOOP ( 'NONE', ( #2354, #1902, #2348, #263, #1656 ) ) ;
#206 = CARTESIAN_POINT ( 'NONE',  ( -79.23030715850369177, 0.000000000000000000, 46.63057415862235899 ) ) ;
#207 = LINE ( 'NONE', #1364, #2045 ) ;
#208 = PLANE ( 'NONE',  #2260 ) ;
#209 = DIRECTION ( 'NONE',  ( 0.000000000000000000, 0.000000000000000000, -1.000000000000000000 ) ) ;
#210 = CARTESIAN_POINT ( 'NONE',  ( 3.270619643041940972, 0.5000000000000004441, -40.15508619108274502 ) ) ;
#211 = ORIENTED_EDGE ( 'NONE', *, *, #1695, .F. ) ;
#212 = DIRECTION ( 'NONE',  ( 3.147541781542150434E-16, 0.000000000000000000, -1.000000000000000000 ) ) ;
#213 = DIRECTION ( 'NONE',  ( -0.000000000000000000, -1.000000000000000000, 0.000000000000000000 ) ) ;
#214 = DIRECTION ( 'NONE',  ( -3.469446951953614189E-16, 0.000000000000000000, 1.000000000000000000 ) ) ;
#215 = EDGE_CURVE ( 'NONE', #761, #554, #1269, .T. ) ;
#216 = FACE_OUTER_BOUND ( 'NONE', #86, .T. ) ;
#217 = CARTESIAN_POINT ( 'NONE',  ( -52.84529042290991896, 2.000000000000000000, -53.91076601422216186 ) ) ;
#218 = EDGE_CURVE ( 'NONE', #998, #80, #1460, .T. ) ;
#219 = CARTESIAN_POINT ( 'NONE',  ( 0.000000000000000000, 4.000000000000000000, -41.21051909440004124 ) ) ;
#220 = ORIENTED_EDGE ( 'NONE', *, *, #463, .T. ) ;
#221 = VERTEX_POINT ( 'NONE', #1258 ) ;
#222 = CARTESIAN_POINT ( 'NONE',  ( -81.50000000000001421, 0.000000000000000000, 40.00000000000001421 ) ) ;
#223 = LINE ( 'NONE', #2081, #578 ) ;
#224 = EDGE_CURVE ( 'NONE', #1111, #852, #2269, .T. ) ;
#225 = DIRECTION ( 'NONE',  ( 0.000000000000000000, 0.000000000000000000, 1.000000000000000000 ) ) ;
#226 = ORIENTED_EDGE ( 'NONE', *, *, #1960, .F. ) ;
#227 = DIRECTION ( 'NONE',  ( 2.206386033293608535E-15, 0.000000000000000000, 1.000000000000000000 ) ) ;
#228 = DIRECTION ( 'NONE',  ( 1.000000000000000000, -0.000000000000000000, 0.000000000000000000 ) ) ;
#229 = LINE ( 'NONE', #1010, #1696 ) ;
#230 = CARTESIAN_POINT ( 'NONE',  ( -54.34529042290991896, 4.000000000000000000, -53.91076601422216186 ) ) ;
#231 = LINE ( 'NONE', #71, #1915 ) ;
#232 = ADVANCED_FACE ( 'NONE', ( #1059 ), #1869, .T. ) ;
#233 = PLANE ( 'NONE',  #660 ) ;
#234 = LINE ( 'NONE', #1868, #2000 ) ;
#235 = ORIENTED_EDGE ( 'NONE', *, *, #1983, .F. ) ;
#236 = ORIENTED_EDGE ( 'NONE', *, *, #1398, .F. ) ;
#237 = CARTESIAN_POINT ( 'NONE',  ( 4.770619643041930757, 4.000000000000000000, -40.15508619108274502 ) ) ;
#238 = CARTESIAN_POINT ( 'NONE',  ( 3.270619643041939639, 4.000000000000000000, -51.15508619108274502 ) ) ;
#239 = DIRECTION ( 'NONE',  ( -1.298367925999405132E-15, 0.000000000000000000, -1.000000000000000000 ) ) ;
#240 = CARTESIAN_POINT ( 'NONE',  ( 3.270619643041930757, 4.000000000000000000, -52.41076601422216896 ) ) ;
#241 = VECTOR ( 'NONE', #1679, 1000.000000000000000 ) ;
#242 = PERSON_AND_ORGANIZATION ( #2172, #1110 ) ;
#243 = CARTESIAN_POINT ( 'NONE',  ( -75.04672654840710777, -2.000000000000000000, 50.50680036477715618 ) ) ;
#244 = VECTOR ( 'NONE', #1841, 1000.000000000000000 ) ;
#245 = PLANE ( 'NONE',  #897 ) ;
#246 = DIRECTION ( 'NONE',  ( -0.000000000000000000, 0.7071067811865475727, 0.7071067811865475727 ) ) ;
#247 = VECTOR ( 'NONE', #2099, 1000.000000000000000 ) ;
#248 = ADVANCED_FACE ( 'NONE', ( #1684 ), #1012, .T. ) ;
#249 = VECTOR ( 'NONE', #386, 1000.000000000000000 ) ;
#250 = ORIENTED_EDGE ( 'NONE', *, *, #1614, .F. ) ;
#251 = VERTEX_POINT ( 'NONE', #513 ) ;
#252 = CARTESIAN_POINT ( 'NONE',  ( -70.70921396366992440, 0.000000000000000000, 52.63839261905194888 ) ) ;
#253 = ORIENTED_EDGE ( 'NONE', *, *, #2549, .F. ) ;
#254 = FACE_OUTER_BOUND ( 'NONE', #22, .T. ) ;
#255 = LINE ( 'NONE', #620, #1148 ) ;
#256 = DIRECTION ( 'NONE',  ( 1.000000000000000000, 0.000000000000000000, -3.242473786872536307E-16 ) ) ;
#257 = PERSON_AND_ORGANIZATION_ROLE ( 'creator' ) ;
#258 = CARTESIAN_POINT ( 'NONE',  ( -80.10505384680583063, -2.000000000000000000, 45.26921742754029054 ) ) ;
#259 = CARTESIAN_POINT ( 'NONE',  ( -34.02938035695807883, 0.5000000000000143219, -40.15508619108273791 ) ) ;
#260 = DIRECTION ( 'NONE',  ( 0.000000000000000000, 0.000000000000000000, 1.000000000000000000 ) ) ;
#261 = ADVANCED_FACE ( 'NONE', ( #875 ), #1682, .T. ) ;
#262 = EDGE_CURVE ( 'NONE', #1796, #1727, #1542, .T. ) ;
#263 = ORIENTED_EDGE ( 'NONE', *, *, #1007, .T. ) ;
#264 = DIRECTION ( 'NONE',  ( -1.000000000000000000, 0.000000000000000000, 0.000000000000000000 ) ) ;
#265 = VERTEX_POINT ( 'NONE', #340 ) ;
#266 = CARTESIAN_POINT ( 'NONE',  ( -54.34529042290991896, 0.5000000000000004441, -53.91076601422216186 ) ) ;
#267 = DIRECTION ( 'NONE',  ( 0.000000000000000000, 0.000000000000000000, 1.000000000000000000 ) ) ;
#268 = SHAPE_DEFINITION_REPRESENTATION ( #2014, #1543 ) ;
#269 = CARTESIAN_POINT ( 'NONE',  ( -74.38632336355544794, -2.000000000000000000, 50.91602728947103174 ) ) ;
#270 = ADVANCED_FACE ( 'NONE', ( #925 ), #1579, .T. ) ;
#271 = DIRECTION ( 'NONE',  ( 0.000000000000000000, -0.000000000000000000, 1.000000000000000000 ) ) ;
#272 = LINE ( 'NONE', #1652, #1444 ) ;
#273 = ORIENTED_EDGE ( 'NONE', *, *, #1404, .T. ) ;
#274 = CARTESIAN_POINT ( 'NONE',  ( -81.50000000000000000, -2.000000000000000000, -2.827599265842195564E-14 ) ) ;
#275 = PLANE ( 'NONE',  #1624 ) ;
#276 = ORIENTED_EDGE ( 'NONE', *, *, #463, .F. ) ;
#277 = EDGE_CURVE ( 'NONE', #1168, #350, #2387, .T. ) ;
#278 = DIRECTION ( 'NONE',  ( -0.000000000000000000, -1.000000000000000000, -0.000000000000000000 ) ) ;
#279 = DIRECTION ( 'NONE',  ( 0.000000000000000000, 0.000000000000000000, 1.000000000000000000 ) ) ;
#280 = AXIS2_PLACEMENT_3D ( 'NONE', #418, #8, #227 ) ;
#281 = CARTESIAN_POINT ( 'NONE',  ( -81.50224334381871927, 0.000000000000000000, -41.17384543370265249 ) ) ;
#282 = CARTESIAN_POINT ( 'NONE',  ( -46.74529042290991043, 4.000000000000000000, -24.19999999999997797 ) ) ;
#283 = VECTOR ( 'NONE', #2242, 1000.000000000000000 ) ;
#284 = VECTOR ( 'NONE', #2192, 1000.000000000000000 ) ;
#285 = AXIS2_PLACEMENT_3D ( 'NONE', #1089, #512, #1905 ) ;
#286 = ORIENTED_EDGE ( 'NONE', *, *, #1007, .F. ) ;
#287 = CARTESIAN_POINT ( 'NONE',  ( -50.34529042290991896, 0.000000000000000000, -53.91076601422216186 ) ) ;
#288 = VECTOR ( 'NONE', #1993, 1000.000000000000000 ) ;
#289 = ADVANCED_FACE ( 'NONE', ( #2138 ), #983, .T. ) ;
#290 = FACE_OUTER_BOUND ( 'NONE', #1186, .T. ) ;
#291 = ORIENTED_EDGE ( 'NONE', *, *, #455, .F. ) ;
#292 = CARTESIAN_POINT ( 'NONE',  ( -54.84529042290990475, 0.000000000000000000, -42.71051909440004835 ) ) ;
#293 = DIRECTION ( 'NONE',  ( -1.000000000000000000, 0.000000000000000000, 2.843808977011158816E-16 ) ) ;
#294 = ORIENTED_EDGE ( 'NONE', *, *, #1816, .F. ) ;
#295 = EDGE_CURVE ( 'NONE', #332, #517, #2148, .T. ) ;
#296 = CARTESIAN_POINT ( 'NONE',  ( -74.37936063857178226, 0.000000000000000000, -50.92022590584644348 ) ) ;
#297 = EDGE_CURVE ( 'NONE', #1538, #1045, #1351, .T. ) ;
#298 = EDGE_CURVE ( 'NONE', #204, #429, #1943, .T. ) ;
#299 = ORIENTED_EDGE ( 'NONE', *, *, #373, .F. ) ;
#300 = FACE_OUTER_BOUND ( 'NONE', #1511, .T. ) ;
#301 = CARTESIAN_POINT ( 'NONE',  ( -54.34529042290991896, 4.000000000000000000, -42.71051909440004835 ) ) ;
#302 = ORIENTED_EDGE ( 'NONE', *, *, #2432, .F. ) ;
#303 = ORIENTED_EDGE ( 'NONE', *, *, #796, .T. ) ;
#304 = CARTESIAN_POINT ( 'NONE',  ( -70.69470082765045049, -2.000000000000000000, -52.64357415837342558 ) ) ;
#305 = LINE ( 'NONE', #1958, #1619 ) ;
#306 = CARTESIAN_POINT ( 'NONE',  ( -37.94529042290989906, -2.000000000000000000, -27.19999999999997797 ) ) ;
#307 = EDGE_CURVE ( 'NONE', #2467, #1057, #2162, .T. ) ;
#308 = ORIENTED_EDGE ( 'NONE', *, *, #1381, .F. ) ;
#309 = CARTESIAN_POINT ( 'NONE',  ( -50.34529042290991896, 2.000000000000000000, -53.91076601422216186 ) ) ;
#310 = CARTESIAN_POINT ( 'NONE',  ( -76.77307481965229385, 4.000000000000000000, 0.000000000000000000 ) ) ;
#311 = ORIENTED_EDGE ( 'NONE', *, *, #936, .T. ) ;
#312 = LINE ( 'NONE', #1273, #2255 ) ;
#313 = ORIENTED_EDGE ( 'NONE', *, *, #30, .T. ) ;
#314 = VECTOR ( 'NONE', #2430, 1000.000000000000000 ) ;
#315 = AXIS2_PLACEMENT_3D ( 'NONE', #1322, #2537, #1363 ) ;
#316 = AXIS2_PLACEMENT_3D ( 'NONE', #657, #1264, #2074 ) ;
#317 = ORIENTED_EDGE ( 'NONE', *, *, #1471, .T. ) ;
#318 = CARTESIAN_POINT ( 'NONE',  ( 0.000000000000000000, 4.000000000000000000, -42.71051909440004835 ) ) ;
#319 = EDGE_CURVE ( 'NONE', #1673, #160, #1527, .T. ) ;
#320 = VECTOR ( 'NONE', #650, 1000.000000000000000 ) ;
#321 = ORIENTED_EDGE ( 'NONE', *, *, #790, .T. ) ;
#322 = AXIS2_PLACEMENT_3D ( 'NONE', #1437, #705, #2304 ) ;
#323 = ORIENTED_EDGE ( 'NONE', *, *, #2285, .T. ) ;
#324 = DIRECTION ( 'NONE',  ( -4.192333745099719506E-17, 0.000000000000000000, 1.000000000000000000 ) ) ;
#325 = EDGE_CURVE ( 'NONE', #221, #1414, #565, .T. ) ;
#326 = PLANE ( 'NONE',  #1705 ) ;
#327 = VECTOR ( 'NONE', #1975, 1000.000000000000000 ) ;
#328 = LINE ( 'NONE', #2526, #247 ) ;
#329 = ORIENTED_EDGE ( 'NONE', *, *, #1213, .T. ) ;
#330 = CARTESIAN_POINT ( 'NONE',  ( -75.04071717175864364, -2.000000000000000000, -50.51071787016096692 ) ) ;
#331 = CARTESIAN_POINT ( 'NONE',  ( -67.45819656606923331, 0.000000000000000000, -53.52759642514835292 ) ) ;
#332 = VERTEX_POINT ( 'NONE', #1990 ) ;
#333 = ADVANCED_FACE ( 'NONE', ( #1153 ), #145, .F. ) ;
#334 = ORIENTED_EDGE ( 'NONE', *, *, #2460, .F. ) ;
#335 = PLANE ( 'NONE',  #2372 ) ;
#336 = CARTESIAN_POINT ( 'NONE',  ( 1.426935403565144297E-13, 2.000000000000000000, -51.41076601422206238 ) ) ;
#337 = ORIENTED_EDGE ( 'NONE', *, *, #867, .F. ) ;
#338 = DIRECTION ( 'NONE',  ( -0.000000000000000000, -1.000000000000000000, -0.000000000000000000 ) ) ;
#339 = ORIENTED_EDGE ( 'NONE', *, *, #1643, .T. ) ;
#340 = CARTESIAN_POINT ( 'NONE',  ( 4.770619643041928981, 0.5000000000000004441, -51.15508619108274502 ) ) ;
#341 = CARTESIAN_POINT ( 'NONE',  ( -70.69470082765045049, 0.000000000000000000, -52.64357415837342558 ) ) ;
#342 = ORIENTED_EDGE ( 'NONE', *, *, #2244, .T. ) ;
#343 = ORIENTED_EDGE ( 'NONE', *, *, #815, .F. ) ;
#344 = FACE_OUTER_BOUND ( 'NONE', #564, .T. ) ;
#345 = ORIENTED_EDGE ( 'NONE', *, *, #2532, .T. ) ;
#346 = CARTESIAN_POINT ( 'NONE',  ( -34.64529042290990191, 4.000000000000000000, -33.31076601422216754 ) ) ;
#347 = DIRECTION ( 'NONE',  ( 0.000000000000000000, 0.000000000000000000, 1.000000000000000000 ) ) ;
#349 = CARTESIAN_POINT ( 'NONE',  ( -54.34529042290991896, 0.5000000000000004441, 0.000000000000000000 ) ) ;
#348 = CARTESIAN_POINT ( 'NONE',  ( 3.270619643041940972, 4.000000000000000000, -40.15508619108274502 ) ) ;
#350 = VERTEX_POINT ( 'NONE', #1790 ) ;
#351 = DIRECTION ( 'NONE',  ( -5.128562418060786836E-15, 0.7071067811865573427, -0.7071067811865378028 ) ) ;
#352 = CARTESIAN_POINT ( 'NONE',  ( -6.475823380333168071E-15, 0.000000000000000000, -34.81076601422218175 ) ) ;
#353 = CARTESIAN_POINT ( 'NONE',  ( -52.37307481965228106, 4.000000000000000000, 4.331480448092519981E-15 ) ) ;
#354 = ORIENTED_EDGE ( 'NONE', *, *, #28, .F. ) ;
#355 = DIRECTION ( 'NONE',  ( 0.000000000000000000, 0.000000000000000000, 1.000000000000000000 ) ) ;
#356 = VECTOR ( 'NONE', #1646, 1000.000000000000000 ) ;
#357 = ORIENTED_EDGE ( 'NONE', *, *, #948, .F. ) ;
#358 = VECTOR ( 'NONE', #48, 1000.000000000000000 ) ;
#359 = EDGE_LOOP ( 'NONE', ( #1303, #2508, #2234, #2394 ) ) ;
#360 = DIRECTION ( 'NONE',  ( 0.000000000000000000, 1.000000000000000000, 0.000000000000000000 ) ) ;
#361 = AXIS2_PLACEMENT_3D ( 'NONE', #1712, #710, #1159 ) ;
#362 = DIRECTION ( 'NONE',  ( -0.000000000000000000, -1.000000000000000000, -0.000000000000000000 ) ) ;
#363 = VECTOR ( 'NONE', #1537, 1000.000000000000000 ) ;
#364 = LINE ( 'NONE', #1405, #579 ) ;
#365 = VERTEX_POINT ( 'NONE', #1561 ) ;
#366 = LINE ( 'NONE', #1765, #2157 ) ;
#367 = CARTESIAN_POINT ( 'NONE',  ( -78.63447484788562747, -2.000000000000000000, 47.40113923388754102 ) ) ;
#368 = CARTESIAN_POINT ( 'NONE',  ( 4.770619643041929869, 0.000000000000000000, -53.91076601422216896 ) ) ;
#369 = AXIS2_PLACEMENT_3D ( 'NONE', #2292, #279, #459 ) ;
#370 = ORIENTED_EDGE ( 'NONE', *, *, #152, .T. ) ;
#371 = EDGE_CURVE ( 'NONE', #464, #1755, #2349, .T. ) ;
#372 = EDGE_LOOP ( 'NONE', ( #1971, #391, #1963, #550 ) ) ;
#373 = EDGE_CURVE ( 'NONE', #2590, #383, #378, .T. ) ;
#374 = ORIENTED_EDGE ( 'NONE', *, *, #1411, .F. ) ;
#375 = FACE_OUTER_BOUND ( 'NONE', #1294, .T. ) ;
#376 = CARTESIAN_POINT ( 'NONE',  ( -58.87307481965229528, 23.60525954720007391, -19.60525954720061392 ) ) ;
#377 = ORIENTED_EDGE ( 'NONE', *, *, #658, .F. ) ;
#378 = LINE ( 'NONE', #2554, #2207 ) ;
#379 = LINE ( 'NONE', #184, #490 ) ;
#380 = FACE_OUTER_BOUND ( 'NONE', #972, .T. ) ;
#381 = ORIENTED_EDGE ( 'NONE', *, *, #2195, .F. ) ;
#382 = VERTEX_POINT ( 'NONE', #1756 ) ;
#383 = VERTEX_POINT ( 'NONE', #941 ) ;
#384 = FACE_OUTER_BOUND ( 'NONE', #587, .T. ) ;
#385 = CARTESIAN_POINT ( 'NONE',  ( 4.770619643041936087, -2.000000000000000000, -54.00000000000000711 ) ) ;
#386 = DIRECTION ( 'NONE',  ( -0.7071067811865378028, -0.7071067811865573427, 0.000000000000000000 ) ) ;
#387 = ORIENTED_EDGE ( 'NONE', *, *, #672, .T. ) ;
#388 = DIRECTION ( 'NONE',  ( 0.000000000000000000, 0.000000000000000000, -1.000000000000000000 ) ) ;
#389 = LINE ( 'NONE', #1378, #284 ) ;
#390 = CARTESIAN_POINT ( 'NONE',  ( 0.000000000000000000, 2.000000000000000000, 0.000000000000000000 ) ) ;
#391 = ORIENTED_EDGE ( 'NONE', *, *, #955, .F. ) ;
#392 = DIRECTION ( 'NONE',  ( 0.000000000000000000, 0.000000000000000000, -1.000000000000000000 ) ) ;
#393 = EDGE_CURVE ( 'NONE', #1108, #1486, #757, .T. ) ;
#394 = LINE ( 'NONE', #627, #1026 ) ;
#395 = ORIENTED_EDGE ( 'NONE', *, *, #2123, .F. ) ;
#396 = VECTOR ( 'NONE', #442, 1000.000000000000000 ) ;
#397 = EDGE_CURVE ( 'NONE', #382, #204, #366, .T. ) ;
#398 = ORIENTED_EDGE ( 'NONE', *, *, #2244, .F. ) ;
#399 = CARTESIAN_POINT ( 'NONE',  ( 4.770619643041933422, 0.000000000000000000, 2.000002971456027508E-16 ) ) ;
#400 = AXIS2_PLACEMENT_3D ( 'NONE', #318, #1109, #1721 ) ;
#401 = EDGE_CURVE ( 'NONE', #1414, #265, #1978, .T. ) ;
#402 = AXIS2_PLACEMENT_3D ( 'NONE', #562, #552, #1337 ) ;
#403 = VERTEX_POINT ( 'NONE', #182 ) ;
#404 = DIRECTION ( 'NONE',  ( -0.000000000000000000, -1.000000000000000000, -0.000000000000000000 ) ) ;
#405 = DIRECTION ( 'NONE',  ( 0.7071067811865474617, -0.7071067811865474617, -0.000000000000000000 ) ) ;
#406 = LINE ( 'NONE', #1544, #1876 ) ;
#407 = LINE ( 'NONE', #11, #203 ) ;
#408 = VECTOR ( 'NONE', #9, 1000.000000000000000 ) ;
#409 = FACE_BOUND ( 'NONE', #90, .T. ) ;
#410 = FACE_OUTER_BOUND ( 'NONE', #2503, .T. ) ;
#411 = EDGE_CURVE ( 'NONE', #2542, #132, #966, .T. ) ;
#412 = ORIENTED_EDGE ( 'NONE', *, *, #667, .F. ) ;
#413 = EDGE_CURVE ( 'NONE', #1633, #1526, #1847, .T. ) ;
#414 = ORIENTED_EDGE ( 'NONE', *, *, #1461, .T. ) ;
#415 = DIRECTION ( 'NONE',  ( 0.000000000000000000, 1.000000000000000000, -0.000000000000000000 ) ) ;
#416 = DIRECTION ( 'NONE',  ( -0.000000000000000000, -1.000000000000000000, -0.000000000000000000 ) ) ;
#417 = VERTEX_POINT ( 'NONE', #810 ) ;
#418 = CARTESIAN_POINT ( 'NONE',  ( -34.64529042290979532, 4.000000000000000000, 7.644088490850898393E-14 ) ) ;
#419 = CARTESIAN_POINT ( 'NONE',  ( 0.000000000000000000, 0.5000000000000143219, -40.15508619108273791 ) ) ;
#420 = LINE ( 'NONE', #1805, #2075 ) ;
#421 = LINE ( 'NONE', #985, #116 ) ;
#422 = VERTEX_POINT ( 'NONE', #2412 ) ;
#423 = DIRECTION ( 'NONE',  ( 0.000000000000000000, 0.000000000000000000, 1.000000000000000000 ) ) ;
#424 = DIRECTION ( 'NONE',  ( 0.7071067811865378028, 0.7071067811865573427, 0.000000000000000000 ) ) ;
#425 = ORIENTED_EDGE ( 'NONE', *, *, #713, .F. ) ;
#426 = ORIENTED_EDGE ( 'NONE', *, *, #141, .F. ) ;
#427 = CARTESIAN_POINT ( 'NONE',  ( -49.37307481965228817, 0.000000000000000000, -24.19999999999996376 ) ) ;
#428 = CARTESIAN_POINT ( 'NONE',  ( 1.171350155577748202E-14, 0.5000000000000004441, 41.18948090559994313 ) ) ;
#429 = VERTEX_POINT ( 'NONE', #457 ) ;
#430 = DIRECTION ( 'NONE',  ( 1.000000000000000000, -0.000000000000000000, 0.000000000000000000 ) ) ;
#431 = FACE_OUTER_BOUND ( 'NONE', #2574, .T. ) ;
#432 = CARTESIAN_POINT ( 'NONE',  ( -54.84529042290990475, 0.000000000000000000, -53.91076601422216186 ) ) ;
#433 = APPROVAL_DATE_TIME ( #2050, #720 ) ;
#434 = ADVANCED_FACE ( 'NONE', ( #1606 ), #1803, .T. ) ;
#435 = LINE ( 'NONE', #1227, #199 ) ;
#436 = DIRECTION ( 'NONE',  ( -1.000000000000000000, 0.000000000000000000, -2.775557561562889379E-15 ) ) ;
#437 = VERTEX_POINT ( 'NONE', #1009 ) ;
#438 = CARTESIAN_POINT ( 'NONE',  ( -62.49999999999999289, 0.000000000000000000, 54.00000000000002132 ) ) ;
#439 = DIRECTION ( 'NONE',  ( 0.000000000000000000, 0.000000000000000000, 1.000000000000000000 ) ) ;
#440 = CARTESIAN_POINT ( 'NONE',  ( -75.04071717175864364, -2.000000000000000000, -50.51071787016096692 ) ) ;
#441 = ORIENTED_EDGE ( 'NONE', *, *, #1825, .T. ) ;
#442 = DIRECTION ( 'NONE',  ( -4.192333745099719506E-17, 0.000000000000000000, 1.000000000000000000 ) ) ;
#443 = DIRECTION ( 'NONE',  ( 0.000000000000000000, -0.7071067811865475727, 0.7071067811865475727 ) ) ;
#444 = EDGE_CURVE ( 'NONE', #1282, #2307, #2440, .T. ) ;
#445 = VERTEX_POINT ( 'NONE', #23 ) ;
#446 = AXIS2_PLACEMENT_3D ( 'NONE', #2305, #500, #2095 ) ;
#447 = APPLICATION_PROTOCOL_DEFINITION ( 'international standard', 'config_control_design', 1994, #2346 ) ;
#448 = ADVANCED_FACE ( 'NONE', ( #254 ), #2263, .F. ) ;
#449 = VECTOR ( 'NONE', #2319, 1000.000000000000000 ) ;
#450 = AXIS2_PLACEMENT_3D ( 'NONE', #540, #142, #521 ) ;
#451 = VECTOR ( 'NONE', #1806, 1000.000000000000000 ) ;
#452 = ORIENTED_EDGE ( 'NONE', *, *, #413, .F. ) ;
#453 = DIRECTION ( 'NONE',  ( -2.010876612043796875E-16, -0.7071067811865378028, -0.7071067811865573427 ) ) ;
#454 = LINE ( 'NONE', #497, #2167 ) ;
#455 = EDGE_CURVE ( 'NONE', #221, #750, #2204, .T. ) ;
#456 = VERTEX_POINT ( 'NONE', #1407 ) ;
#457 = CARTESIAN_POINT ( 'NONE',  ( -52.37307481965228106, 0.000000000000000000, 41.68948090559997155 ) ) ;
#458 = CARTESIAN_POINT ( 'NONE',  ( 0.000000000000000000, 2.000000000000000000, -30.69999999999998153 ) ) ;
#459 = DIRECTION ( 'NONE',  ( 1.000000000000000000, 0.000000000000000000, 0.000000000000000000 ) ) ;
#460 = DIRECTION ( 'NONE',  ( 0.000000000000000000, 0.000000000000000000, 1.000000000000000000 ) ) ;
#461 = CARTESIAN_POINT ( 'NONE',  ( -34.02938035695807173, 4.000000000000000000, -52.41076601422216896 ) ) ;
#462 = DIRECTION ( 'NONE',  ( 0.000000000000000000, 1.000000000000000000, 0.000000000000000000 ) ) ;
#463 = EDGE_CURVE ( 'NONE', #2497, #1555, #2429, .T. ) ;
#464 = VERTEX_POINT ( 'NONE', #266 ) ;
#465 = DIRECTION ( 'NONE',  ( -3.469446951953614189E-16, 0.000000000000000000, 1.000000000000000000 ) ) ;
#466 = CARTESIAN_POINT ( 'NONE',  ( -75.27307481965227964, 4.000000000000000000, 39.68948090559996444 ) ) ;
#467 = DIRECTION ( 'NONE',  ( 0.000000000000000000, 0.000000000000000000, 1.000000000000000000 ) ) ;
#468 = APPROVAL_STATUS ( 'not_yet_approved' ) ;
#469 = CARTESIAN_POINT ( 'NONE',  ( -81.04772789494249707, -2.000000000000000000, -43.12437037635454828 ) ) ;
#470 = ORIENTED_EDGE ( 'NONE', *, *, #2357, .F. ) ;
#471 = CARTESIAN_POINT ( 'NONE',  ( -80.54933313011208895, 0.000000000000000000, -44.39850171451900707 ) ) ;
#472 = DIRECTION ( 'NONE',  ( 1.000000000000000000, -0.000000000000000000, 0.000000000000000000 ) ) ;
#473 = DIRECTION ( 'NONE',  ( 0.000000000000000000, 1.000000000000000000, 0.000000000000000000 ) ) ;
#474 = EDGE_CURVE ( 'NONE', #1376, #128, #1421, .T. ) ;
#475 = ORIENTED_EDGE ( 'NONE', *, *, #763, .T. ) ;
#476 = DIRECTION ( 'NONE',  ( 1.000000000000000000, 0.000000000000000000, -2.843808977011158816E-16 ) ) ;
#477 = EDGE_CURVE ( 'NONE', #2447, #778, #619, .T. ) ;
#478 = ORIENTED_EDGE ( 'NONE', *, *, #2560, .T. ) ;
#479 = FACE_OUTER_BOUND ( 'NONE', #1546, .T. ) ;
#480 = CARTESIAN_POINT ( 'NONE',  ( 0.000000000000000000, 2.000000000000000000, -48.69999999999998153 ) ) ;
#481 = PERSON_AND_ORGANIZATION ( #2172, #1110 ) ;
#482 = VECTOR ( 'NONE', #2049, 1000.000000000000000 ) ;
#483 = LINE ( 'NONE', #1080, #1072 ) ;
#484 = ADVANCED_FACE ( 'NONE', ( #1222 ), #1029, .T. ) ;
#485 = VECTOR ( 'NONE', #1176, 1000.000000000000000 ) ;
#486 = CARTESIAN_POINT ( 'NONE',  ( -72.23274228355673188, -2.000000000000000000, -52.03567395292353837 ) ) ;
#487 = CARTESIAN_POINT ( 'NONE',  ( -75.27307481965227964, 0.000000000000000000, 0.000000000000000000 ) ) ;
#488 = VECTOR ( 'NONE', #476, 1000.000000000000000 ) ;
#489 = EDGE_CURVE ( 'NONE', #1633, #2523, #1836, .T. ) ;
#490 = VECTOR ( 'NONE', #967, 1000.000000000000000 ) ;
#491 = DIRECTION ( 'NONE',  ( -1.000000000000000000, 0.000000000000000000, 1.889887487861004136E-16 ) ) ;
#492 = VECTOR ( 'NONE', #1709, 1000.000000000000000 ) ;
#493 = ORIENTED_EDGE ( 'NONE', *, *, #2150, .F. ) ;
#494 = DIRECTION ( 'NONE',  ( -8.577124726708563381E-17, 0.000000000000000000, -1.000000000000000000 ) ) ;
#495 = EDGE_CURVE ( 'NONE', #365, #1280, #1432, .T. ) ;
#496 = DIRECTION ( 'NONE',  ( -0.000000000000000000, -1.000000000000000000, -0.000000000000000000 ) ) ;
#497 = CARTESIAN_POINT ( 'NONE',  ( -76.77307481965229385, 4.000000000000000000, 41.18948090559996444 ) ) ;
#498 = EDGE_CURVE ( 'NONE', #1629, #1802, #1237, .T. ) ;
#499 = ORIENTED_EDGE ( 'NONE', *, *, #1588, .F. ) ;
#500 = DIRECTION ( 'NONE',  ( 0.000000000000000000, 1.000000000000000000, 0.000000000000000000 ) ) ;
#501 = CARTESIAN_POINT ( 'NONE',  ( -62.49999999999999289, 0.000000000000000000, 54.00000000000002132 ) ) ;
#502 = DIRECTION ( 'NONE',  ( 1.000000000000000000, 0.000000000000000000, 0.000000000000000000 ) ) ;
#503 = ORIENTED_EDGE ( 'NONE', *, *, #2491, .T. ) ;
#504 = CARTESIAN_POINT ( 'NONE',  ( -76.62065128991200424, 0.000000000000000000, -49.37122408486720104 ) ) ;
#505 = ADVANCED_FACE ( 'NONE', ( #2047 ), #1591, .F. ) ;
#506 = CARTESIAN_POINT ( 'NONE',  ( -52.84529042290991896, 4.000000000000000000, -42.71051909440004835 ) ) ;
#507 = ORIENTED_EDGE ( 'NONE', *, *, #1125, .F. ) ;
#508 = CYLINDRICAL_SURFACE ( 'NONE', #72, 2.999999999999999112 ) ;
#509 = CARTESIAN_POINT ( 'NONE',  ( -52.37307481965228106, 0.5000000000000143219, 41.18948090559995734 ) ) ;
#510 = FACE_OUTER_BOUND ( 'NONE', #673, .T. ) ;
#511 = ORIENTED_EDGE ( 'NONE', *, *, #36, .F. ) ;
#512 = DIRECTION ( 'NONE',  ( -1.000000000000000000, 0.000000000000000000, 0.000000000000000000 ) ) ;
#513 = CARTESIAN_POINT ( 'NONE',  ( -40.24529042290989622, 0.000000000000000000, -25.69999999999998153 ) ) ;
#514 = CARTESIAN_POINT ( 'NONE',  ( -75.04071717175864364, 0.000000000000000000, -50.51071787016096692 ) ) ;
#515 = ADVANCED_FACE ( 'NONE', ( #2009 ), #993, .F. ) ;
#516 = LINE ( 'NONE', #2557, #1573 ) ;
#517 = VERTEX_POINT ( 'NONE', #2517 ) ;
#518 = PLANE ( 'NONE',  #1524 ) ;
#519 = ORIENTED_EDGE ( 'NONE', *, *, #1933, .T. ) ;
#520 = CARTESIAN_POINT ( 'NONE',  ( 4.770619643041929869, 4.000000000000000000, -53.91076601422216896 ) ) ;
#521 = DIRECTION ( 'NONE',  ( 0.000000000000000000, 0.000000000000000000, 1.000000000000000000 ) ) ;
#522 = EDGE_CURVE ( 'NONE', #1622, #2590, #312, .T. ) ;
#523 = VERTEX_POINT ( 'NONE', #857 ) ;
#524 = CARTESIAN_POINT ( 'NONE',  ( -58.37307481965229528, 0.000000000000000000, 41.18948090559995734 ) ) ;
#525 = EDGE_CURVE ( 'NONE', #688, #164, #2086, .T. ) ;
#526 = PLANE ( 'NONE',  #865 ) ;
#527 = VERTEX_POINT ( 'NONE', #2471 ) ;
#528 = VECTOR ( 'NONE', #123, 1000.000000000000000 ) ;
#529 = VECTOR ( 'NONE', #1798, 1000.000000000000000 ) ;
#530 = LINE ( 'NONE', #1315, #327 ) ;
#531 = CC_DESIGN_DATE_AND_TIME_ASSIGNMENT ( #1042, #847, ( #539 ) ) ;
#532 = VECTOR ( 'NONE', #127, 1000.000000000000000 ) ;
#533 = ORIENTED_EDGE ( 'NONE', *, *, #2003, .F. ) ;
#534 = CARTESIAN_POINT ( 'NONE',  ( 0.000000000000000000, 2.000000000000000000, -48.69999999999998153 ) ) ;
#535 = AXIS2_PLACEMENT_3D ( 'NONE', #2457, #1468, #2487 ) ;
#536 = VECTOR ( 'NONE', #502, 1000.000000000000000 ) ;
#537 = ORIENTED_EDGE ( 'NONE', *, *, #455, .T. ) ;
#538 = DIRECTION ( 'NONE',  ( 1.000000000000000000, 0.000000000000000000, 0.000000000000000000 ) ) ;
#539 = SECURITY_CLASSIFICATION ( '', '', #828 ) ;
#540 = CARTESIAN_POINT ( 'NONE',  ( -49.37307481965228817, 0.000000000000000000, -21.19999999999996376 ) ) ;
#541 = PLANE ( 'NONE',  #1785 ) ;
#542 = EDGE_LOOP ( 'NONE', ( #2392, #1547, #2546, #1950, #1585, #7 ) ) ;
#543 = CARTESIAN_POINT ( 'NONE',  ( 1.426935403565144297E-13, 0.000000000000000000, -51.41076601422206238 ) ) ;
#544 = CARTESIAN_POINT ( 'NONE',  ( 4.770619643041935198, 0.000000000000000000, -40.65508619108274502 ) ) ;
#545 = VERTEX_POINT ( 'NONE', #292 ) ;
#546 = CARTESIAN_POINT ( 'NONE',  ( -76.77307481965229385, 4.000000000000000000, 41.18948090559996444 ) ) ;
#547 = ORIENTED_EDGE ( 'NONE', *, *, #298, .T. ) ;
#548 = CARTESIAN_POINT ( 'NONE',  ( -76.77307481965229385, 0.5000000000000004441, 0.000000000000000000 ) ) ;
#549 = EDGE_CURVE ( 'NONE', #2017, #132, #1087, .T. ) ;
#550 = ORIENTED_EDGE ( 'NONE', *, *, #2039, .T. ) ;
#551 = DIRECTION ( 'NONE',  ( 0.000000000000000000, 0.000000000000000000, 1.000000000000000000 ) ) ;
#552 = DIRECTION ( 'NONE',  ( 0.000000000000000000, 1.000000000000000000, -0.000000000000000000 ) ) ;
#553 = CARTESIAN_POINT ( 'NONE',  ( -34.64529042290990901, 4.000000000000000000, -53.91076601422216896 ) ) ;
#554 = VERTEX_POINT ( 'NONE', #64 ) ;
#555 = CARTESIAN_POINT ( 'NONE',  ( -40.74529042290991043, 4.000000000000000000, -25.69999999999998153 ) ) ;
#556 = CARTESIAN_POINT ( 'NONE',  ( -34.64529042290979532, 0.000000000000000000, 7.644088490850898393E-14 ) ) ;
#557 = ORIENTED_EDGE ( 'NONE', *, *, #319, .F. ) ;
#558 = EDGE_CURVE ( 'NONE', #429, #1028, #1262, .T. ) ;
#559 = EDGE_LOOP ( 'NONE', ( #947, #919, #41, #1248, #1156, #547, #1462, #917, #1878 ) ) ;
#560 = EDGE_LOOP ( 'NONE', ( #2352, #177, #2209, #2439 ) ) ;
#561 = DIRECTION ( 'NONE',  ( 0.000000000000000000, -1.000000000000000000, 0.000000000000000000 ) ) ;
#562 = CARTESIAN_POINT ( 'NONE',  ( -31.94529042290990972, 0.000000000000000000, -30.31076601422216754 ) ) ;
#563 = DIRECTION ( 'NONE',  ( -1.000000000000000000, 0.000000000000000000, 0.000000000000000000 ) ) ;
#564 = EDGE_LOOP ( 'NONE', ( #1420, #303, #1346, #62, #345, #749, #1428, #1970, #537, #1501, #339, #992, #414, #1896, #2132, #1256, #817, #1093, #2200, #1313, #475, #2218, #742, #1560, #1716, #881, #58, #441, #2489, #1328, #1966, #1131, #969, #1126, #2194, #511, #211, #1678 ) ) ;
#565 = LINE ( 'NONE', #161, #1305 ) ;
#566 = CARTESIAN_POINT ( 'NONE',  ( -63.04324785111921159, 14.22982696853344819, 27.45965393706689284 ) ) ;
#567 = CARTESIAN_POINT ( 'NONE',  ( -76.77307481965229385, 0.5000000000000004441, 41.18948090559996444 ) ) ;
#568 = ADVANCED_FACE ( 'NONE', ( #883 ), #2509, .T. ) ;
#569 = ORIENTED_EDGE ( 'NONE', *, *, #477, .T. ) ;
#570 = EDGE_CURVE ( 'NONE', #1300, #721, #1502, .T. ) ;
#571 = ADVANCED_FACE ( 'NONE', ( #1662 ), #2312, .T. ) ;
#572 = VECTOR ( 'NONE', #1205, 1000.000000000000000 ) ;
#573 = VERTEX_POINT ( 'NONE', #1295 ) ;
#574 = VECTOR ( 'NONE', #820, 1000.000000000000000 ) ;
#575 = CARTESIAN_POINT ( 'NONE',  ( -52.37307481965228106, 0.000000000000000000, -21.19999999999996376 ) ) ;
#576 = ORIENTED_EDGE ( 'NONE', *, *, #154, .F. ) ;
#577 = CARTESIAN_POINT ( 'NONE',  ( -58.87307481965228106, 0.5000000000000003331, 39.68948090559995734 ) ) ;
#578 = VECTOR ( 'NONE', #496, 1000.000000000000000 ) ;
#579 = VECTOR ( 'NONE', #2221, 1000.000000000000114 ) ;
#580 = DIRECTION ( 'NONE',  ( -1.000000000000000000, 0.000000000000000000, -0.000000000000000000 ) ) ;
#581 = ORIENTED_EDGE ( 'NONE', *, *, #769, .F. ) ;
#582 = CARTESIAN_POINT ( 'NONE',  ( -52.37307481965228106, 19.84474045279998577, 21.84474045279998577 ) ) ;
#583 = CARTESIAN_POINT ( 'NONE',  ( -75.78131196643016665, -2.000000000000000000, 50.00594953844024104 ) ) ;
#584 = VECTOR ( 'NONE', #2389, 1000.000000000000000 ) ;
#585 = ORIENTED_EDGE ( 'NONE', *, *, #397, .F. ) ;
#586 = ORIENTED_EDGE ( 'NONE', *, *, #1972, .T. ) ;
#587 = EDGE_LOOP ( 'NONE', ( #2407, #1362, #2533, #2374 ) ) ;
#588 = DIRECTION ( 'NONE',  ( -1.000000000000000000, 0.000000000000000000, 0.000000000000000000 ) ) ;
#589 = PLANE ( 'NONE',  #2584 ) ;
#590 = CARTESIAN_POINT ( 'NONE',  ( -54.34529042290991896, 0.5000000000000004441, -42.71051909440004835 ) ) ;
#591 = ORIENTED_EDGE ( 'NONE', *, *, #929, .T. ) ;
#592 = CARTESIAN_POINT ( 'NONE',  ( -1.199040866595169221E-14, -2.000000000000000000, -54.00000000000000711 ) ) ;
#593 = CARTESIAN_POINT ( 'NONE',  ( -81.07289568252090817, -2.000000000000000000, 43.06600327984599375 ) ) ;
#594 = CARTESIAN_POINT ( 'NONE',  ( 0.000000000000000000, 4.000000000000000000, 0.000000000000000000 ) ) ;
#595 = DIRECTION ( 'NONE',  ( -0.000000000000000000, -1.000000000000000000, 0.000000000000000000 ) ) ;
#596 = CARTESIAN_POINT ( 'NONE',  ( -62.49999999999999289, -2.000000000000000000, 54.00000000000002132 ) ) ;
#597 = CARTESIAN_POINT ( 'NONE',  ( -52.37307481965228106, 0.000000000000000000, -31.69999999999997087 ) ) ;
#598 = ORIENTED_EDGE ( 'NONE', *, *, #2134, .T. ) ;
#599 = EDGE_CURVE ( 'NONE', #2018, #2147, #101, .T. ) ;
#600 = PLANE ( 'NONE',  #2088 ) ;
#601 = ORIENTED_EDGE ( 'NONE', *, *, #183, .T. ) ;
#602 = CARTESIAN_POINT ( 'NONE',  ( -79.65842423297959840, 0.000000000000000000, 46.00952613604409436 ) ) ;
#603 = ORIENTED_EDGE ( 'NONE', *, *, #298, .F. ) ;
#604 = LINE ( 'NONE', #1195, #408 ) ;
#605 = CARTESIAN_POINT ( 'NONE',  ( -41.74529042290991043, 0.000000000000000000, -0.000000000000000000 ) ) ;
#606 =( LENGTH_UNIT ( ) NAMED_UNIT ( * ) SI_UNIT ( .MILLI., .METRE. ) );
#607 = B_SPLINE_SURFACE_WITH_KNOTS ( 'NONE', 2, 1, ( 
 ( #2184, #175 ),
 ( #724, #135 ),
 ( #2322, #1436 ),
 ( #2488, #2458 ),
 ( #258, #1043 ),
 ( #1055, #55 ),
 ( #2027, #2431 ),
 ( #848, #1666 ),
 ( #27, #1650 ),
 ( #1425, #1225 ),
 ( #654, #2035 ),
 ( #243, #2062 ),
 ( #269, #1704 ),
 ( #1088, #703 ),
 ( #1917, #1692 ),
 ( #1726, #1895 ),
 ( #2306, #1715 ),
 ( #103, #2313 ),
 ( #2334, #691 ),
 ( #1297, #1514 ) ),
 .UNSPECIFIED., .F., .F., .F.,
 ( 3, 1, 1, 1, 1, 1, 1, 1, 1, 1, 1, 1, 1, 1, 1, 1, 1, 1, 3 ),
 ( 2, 2 ),
 ( 0.000000000000000000, 0.09375000000000000000, 0.1562500000000000000, 0.2031250000000000000, 0.2343750000000000000, 0.2656250000000000000, 0.2968750000000000000, 0.3437500000000000000, 0.4062500000000000000, 0.4531250000000000000, 0.4843750000000000000, 0.5156250000000000000, 0.5468750000000000000, 0.5937500000000000000, 0.6562500000000000000, 0.7187500000000000000, 0.7812500000000000000, 0.8437500000000000000, 1.000000000000000000 ),
 ( 0.000000000000000000, 1.000000000000000000 ),
 .UNSPECIFIED. ) ;
#608 = EDGE_CURVE ( 'NONE', #1989, #332, #82, .T. ) ;
#609 = PLANE ( 'NONE',  #695 ) ;
#610 = ORIENTED_EDGE ( 'NONE', *, *, #1180, .F. ) ;
#611 = VECTOR ( 'NONE', #53, 1000.000000000000000 ) ;
#612 = CC_DESIGN_PERSON_AND_ORGANIZATION_ASSIGNMENT ( #2061, #2071, ( #2589 ) ) ;
#613 = ORIENTED_EDGE ( 'NONE', *, *, #2110, .F. ) ;
#614 = CARTESIAN_POINT ( 'NONE',  ( 0.000000000000000000, 4.000000000000000000, -53.91076601422216896 ) ) ;
#615 = VECTOR ( 'NONE', #1374, 1000.000000000000000 ) ;
#616 = LINE ( 'NONE', #1192, #1745 ) ;
#617 = AXIS2_PLACEMENT_3D ( 'NONE', #1558, #1151, #2396 ) ;
#618 = VERTEX_POINT ( 'NONE', #2485 ) ;
#619 = LINE ( 'NONE', #2235, #893 ) ;
#620 = CARTESIAN_POINT ( 'NONE',  ( 0.000000000000000000, 4.000000000000000000, -40.15508619108274502 ) ) ;
#621 = DIRECTION ( 'NONE',  ( 0.000000000000000000, 0.000000000000000000, -1.000000000000000000 ) ) ;
#622 = DIRECTION ( 'NONE',  ( -0.000000000000000000, -1.000000000000000000, -0.000000000000000000 ) ) ;
#623 = VECTOR ( 'NONE', #1324, 1000.000000000000000 ) ;
#624 = CARTESIAN_POINT ( 'NONE',  ( -50.34529042290991896, 2.000000000000000000, 0.000000000000000000 ) ) ;
#625 = PLANE ( 'NONE',  #322 ) ;
#626 = LINE ( 'NONE', #2433, #782 ) ;
#627 = CARTESIAN_POINT ( 'NONE',  ( 0.000000000000000000, 4.000000000000000000, -51.15508619108273791 ) ) ;
#628 = EDGE_LOOP ( 'NONE', ( #1365, #226, #1135, #940 ) ) ;
#629 = ORIENTED_EDGE ( 'NONE', *, *, #1987, .T. ) ;
#630 = DIRECTION ( 'NONE',  ( 0.000000000000000000, 0.000000000000000000, -1.000000000000000000 ) ) ;
#631 = ADVANCED_FACE ( 'NONE', ( #479 ), #1488, .F. ) ;
#632 = DIRECTION ( 'NONE',  ( 1.000000000000000000, -0.000000000000000000, 0.000000000000000000 ) ) ;
#633 = CARTESIAN_POINT ( 'NONE',  ( -34.64529042290990191, 0.5000000000000143219, -40.15508619108273791 ) ) ;
#634 = LINE ( 'NONE', #2024, #611 ) ;
#635 = DIRECTION ( 'NONE',  ( 1.090225658377285271E-15, -0.7071067811865474617, -0.7071067811865474617 ) ) ;
#636 = ORIENTED_EDGE ( 'NONE', *, *, #1427, .F. ) ;
#637 = CARTESIAN_POINT ( 'NONE',  ( -78.63447484788562747, 0.000000000000000000, 47.40113923388754102 ) ) ;
#638 = ORIENTED_EDGE ( 'NONE', *, *, #1490, .F. ) ;
#639 = CARTESIAN_POINT ( 'NONE',  ( -34.02938035695807173, 4.000000000000000000, -34.81076601422217465 ) ) ;
#640 = PLANE ( 'NONE',  #829 ) ;
#641 = PLANE ( 'NONE',  #1778 ) ;
#642 = CALENDAR_DATE ( 2026, 12, 3 ) ;
#643 = CARTESIAN_POINT ( 'NONE',  ( -2.938823951253803507E-14, 0.000000000000000000, -24.20000000000002416 ) ) ;
#644 = EDGE_CURVE ( 'NONE', #1639, #2327, #1938, .T. ) ;
#645 = EDGE_CURVE ( 'NONE', #517, #545, #1522, .T. ) ;
#646 = EDGE_LOOP ( 'NONE', ( #780, #2367, #2360, #2386 ) ) ;
#647 = CARTESIAN_POINT ( 'NONE',  ( -72.24395661443091399, 0.000000000000000000, 52.03065685242712846 ) ) ;
#648 = DIRECTION ( 'NONE',  ( 1.000000000000000000, -0.000000000000000000, -2.843808977011158816E-16 ) ) ;
#649 = VECTOR ( 'NONE', #2455, 1000.000000000000000 ) ;
#650 = DIRECTION ( 'NONE',  ( 0.000000000000000000, 1.000000000000000000, 0.000000000000000000 ) ) ;
#651 = LINE ( 'NONE', #995, #2117 ) ;
#652 = VECTOR ( 'NONE', #954, 1000.000000000000000 ) ;
#653 = CARTESIAN_POINT ( 'NONE',  ( -37.14529042290990191, 2.000000000000000000, 0.000000000000000000 ) ) ;
#654 = CARTESIAN_POINT ( 'NONE',  ( -75.78131196643016665, -2.000000000000000000, 50.00594953844024104 ) ) ;
#655 = VECTOR ( 'NONE', #2007, 1000.000000000000000 ) ;
#656 = CARTESIAN_POINT ( 'NONE',  ( -52.37307481965228106, 4.000000000000000000, -31.69999999999997087 ) ) ;
#657 = CARTESIAN_POINT ( 'NONE',  ( -37.14529042290990191, 2.000000000000000000, 0.000000000000000000 ) ) ;
#658 = EDGE_CURVE ( 'NONE', #1769, #456, #139, .T. ) ;
#659 = VECTOR ( 'NONE', #2538, 1000.000000000000000 ) ;
#660 = AXIS2_PLACEMENT_3D ( 'NONE', #1671, #671, #1015 ) ;
#661 =( GEOMETRIC_REPRESENTATION_CONTEXT ( 3 ) GLOBAL_UNCERTAINTY_ASSIGNED_CONTEXT ( ( #1808 ) ) GLOBAL_UNIT_ASSIGNED_CONTEXT ( ( #606, #957, #2568 ) ) REPRESENTATION_CONTEXT ( 'NONE', 'WORKASPACE' ) );
#662 = VERTEX_POINT ( 'NONE', #1136 ) ;
#663 = LINE ( 'NONE', #99, #1827 ) ;
#664 = DIRECTION ( 'NONE',  ( -0.000000000000000000, -1.000000000000000000, -0.000000000000000000 ) ) ;
#665 = ORIENTED_EDGE ( 'NONE', *, *, #722, .F. ) ;
#666 = CARTESIAN_POINT ( 'NONE',  ( -37.14529042290990191, 0.000000000000000000, 0.000000000000000000 ) ) ;
#667 = EDGE_CURVE ( 'NONE', #1019, #1956, #921, .T. ) ;
#668 = CARTESIAN_POINT ( 'NONE',  ( 4.770619643041936087, 0.000000000000000000, -54.00000000000000711 ) ) ;
#669 = CARTESIAN_POINT ( 'NONE',  ( -64.61266391560803868, -2.000000000000000000, -54.00037041766562140 ) ) ;
#670 = LINE ( 'NONE', #1210, #2159 ) ;
#671 = DIRECTION ( 'NONE',  ( 1.000000000000000000, 0.000000000000000000, 0.000000000000000000 ) ) ;
#672 = EDGE_CURVE ( 'NONE', #2031, #2130, #2171, .T. ) ;
#673 = EDGE_LOOP ( 'NONE', ( #2341, #1574, #701, #323, #1545, #2168 ) ) ;
#674 = LINE ( 'NONE', #1062, #930 ) ;
#675 = ADVANCED_FACE ( 'NONE', ( #169 ), #2331, .T. ) ;
#676 = ORIENTED_EDGE ( 'NONE', *, *, #2393, .T. ) ;
#677 = DIRECTION ( 'NONE',  ( -0.000000000000000000, -1.000000000000000000, -0.000000000000000000 ) ) ;
#678 = COORDINATED_UNIVERSAL_TIME_OFFSET ( 5, 0, .BEHIND. ) ;
#679 = CARTESIAN_POINT ( 'NONE',  ( 1.171350155577748202E-14, 4.000000000000000000, 41.18948090559994313 ) ) ;
#680 = ORIENTED_EDGE ( 'NONE', *, *, #549, .F. ) ;
#681 = CARTESIAN_POINT ( 'NONE',  ( 0.000000000000000000, 4.000000000000000000, -31.69999999999997087 ) ) ;
#682 = CARTESIAN_POINT ( 'NONE',  ( -52.84529042290991896, 2.000000000000000000, 0.000000000000000000 ) ) ;
#683 = CARTESIAN_POINT ( 'NONE',  ( -40.74529042290991043, 0.5000000000000143219, -25.69999999999998153 ) ) ;
#684 = EDGE_CURVE ( 'NONE', #164, #1755, #2136, .T. ) ;
#685 = ORIENTED_EDGE ( 'NONE', *, *, #411, .F. ) ;
#686 = LINE ( 'NONE', #110, #192 ) ;
#687 = EDGE_CURVE ( 'NONE', #2282, #2591, #1974, .T. ) ;
#688 = VERTEX_POINT ( 'NONE', #743 ) ;
#689 = EDGE_LOOP ( 'NONE', ( #1811, #1661, #1914, #1521 ) ) ;
#690 = DIRECTION ( 'NONE',  ( -0.000000000000000000, -1.000000000000000000, -0.000000000000000000 ) ) ;
#691 = CARTESIAN_POINT ( 'NONE',  ( -64.61890200291973940, 0.000000000000000000, 54.00029470047077496 ) ) ;
#692 = VECTOR ( 'NONE', #1165, 1000.000000000000000 ) ;
#693 = ORIENTED_EDGE ( 'NONE', *, *, #277, .F. ) ;
#694 = CARTESIAN_POINT ( 'NONE',  ( -80.54933313011208895, 0.000000000000000000, -44.39850171451900707 ) ) ;
#695 = AXIS2_PLACEMENT_3D ( 'NONE', #2534, #1936, #2548 ) ;
#696 = VECTOR ( 'NONE', #1919, 1000.000000000000000 ) ;
#697 = AXIS2_PLACEMENT_3D ( 'NONE', #594, #1981, #423 ) ;
#698 = VERTEX_POINT ( 'NONE', #2562 ) ;
#699 = FACE_OUTER_BOUND ( 'NONE', #1504, .T. ) ;
#700 = ADVANCED_FACE ( 'NONE', ( #384 ), #962, .F. ) ;
#701 = ORIENTED_EDGE ( 'NONE', *, *, #722, .T. ) ;
#702 = DIRECTION ( 'NONE',  ( 0.7071067811865573427, 0.7071067811865378028, 0.000000000000000000 ) ) ;
#703 = CARTESIAN_POINT ( 'NONE',  ( -73.51482480314236057, 0.000000000000000000, 51.40967444085330840 ) ) ;
#704 = ORIENTED_EDGE ( 'NONE', *, *, #2273, .T. ) ;
#705 = DIRECTION ( 'NONE',  ( -1.000000000000000000, 0.000000000000000000, -0.000000000000000000 ) ) ;
#706 = CARTESIAN_POINT ( 'NONE',  ( -81.04772789494249707, 0.000000000000000000, -43.12437037635454828 ) ) ;
#707 = CARTESIAN_POINT ( 'NONE',  ( -55.37307481965227396, 0.000000000000000000, 51.00000000000000711 ) ) ;
#708 = ORIENTED_EDGE ( 'NONE', *, *, #2317, .F. ) ;
#709 = DIRECTION ( 'NONE',  ( -1.000000000000000000, 0.000000000000000000, 1.214390062501570411E-15 ) ) ;
#710 = DIRECTION ( 'NONE',  ( -1.000000000000000000, 0.000000000000000000, -1.541811912124293705E-15 ) ) ;
#711 = PLANE ( 'NONE',  #2462 ) ;
#712 = EDGE_CURVE ( 'NONE', #2384, #1892, #1124, .T. ) ;
#713 = EDGE_CURVE ( 'NONE', #1342, #714, #2356, .T. ) ;
#714 = VERTEX_POINT ( 'NONE', #1575 ) ;
#715 = CARTESIAN_POINT ( 'NONE',  ( -37.14529042290990191, 2.000000000000000000, -51.41076601422216896 ) ) ;
#716 = CARTESIAN_POINT ( 'NONE',  ( -34.94529042290990617, -2.000000000000000000, -27.19999999999997797 ) ) ;
#717 = ORIENTED_EDGE ( 'NONE', *, *, #1481, .F. ) ;
#718 = CARTESIAN_POINT ( 'NONE',  ( -78.63526213086399252, -2.000000000000000000, -47.40033677362624331 ) ) ;
#719 = DIRECTION ( 'NONE',  ( 0.000000000000000000, 0.000000000000000000, 1.000000000000000000 ) ) ;
#720 = APPROVAL ( #839, 'UNSPECIFIED' ) ;
#721 = VERTEX_POINT ( 'NONE', #950 ) ;
#722 = EDGE_CURVE ( 'NONE', #1538, #833, #2385, .T. ) ;
#723 = ORIENTED_EDGE ( 'NONE', *, *, #1695, .T. ) ;
#724 = CARTESIAN_POINT ( 'NONE',  ( -81.49977868556240423, -2.000000000000000000, 41.17960809326590521 ) ) ;
#725 = DIRECTION ( 'NONE',  ( 0.000000000000000000, 0.000000000000000000, -1.000000000000000000 ) ) ;
#726 = ORIENTED_EDGE ( 'NONE', *, *, #2570, .T. ) ;
#727 = DIRECTION ( 'NONE',  ( -1.000000000000000000, 0.000000000000000000, 0.000000000000000000 ) ) ;
#728 = DIRECTION ( 'NONE',  ( -1.000000000000000000, 0.000000000000000000, 0.000000000000000000 ) ) ;
#729 = FACE_OUTER_BOUND ( 'NONE', #1835, .T. ) ;
#730 = ORIENTED_EDGE ( 'NONE', *, *, #498, .T. ) ;
#731 = CARTESIAN_POINT ( 'NONE',  ( -80.09234972370505545, 0.000000000000000000, -45.28936000476173263 ) ) ;
#732 = CARTESIAN_POINT ( 'NONE',  ( -72.23274228355673188, 0.000000000000000000, -52.03567395292353837 ) ) ;
#733 = ORIENTED_EDGE ( 'NONE', *, *, #2243, .F. ) ;
#734 = VECTOR ( 'NONE', #404, 1000.000000000000000 ) ;
#735 = DIRECTION ( 'NONE',  ( 0.000000000000000000, 0.000000000000000000, -1.000000000000000000 ) ) ;
#736 = EDGE_CURVE ( 'NONE', #2130, #698, #1539, .T. ) ;
#737 = VECTOR ( 'NONE', #2368, 1000.000000000000000 ) ;
#738 = VECTOR ( 'NONE', #2324, 1000.000000000000000 ) ;
#739 = ORIENTED_EDGE ( 'NONE', *, *, #2150, .T. ) ;
#740 = CARTESIAN_POINT ( 'NONE',  ( 0.000000000000000000, 4.000000000000000000, 0.000000000000000000 ) ) ;
#741 = VECTOR ( 'NONE', #165, 1000.000000000000000 ) ;
#742 = ORIENTED_EDGE ( 'NONE', *, *, #1289, .F. ) ;
#743 = CARTESIAN_POINT ( 'NONE',  ( -52.84529042290991896, 4.000000000000000000, -42.71051909440004835 ) ) ;
#744 = FACE_OUTER_BOUND ( 'NONE', #1479, .T. ) ;
#745 = EDGE_LOOP ( 'NONE', ( #598, #1193, #1164, #1160, #1770 ) ) ;
#746 = DIRECTION ( 'NONE',  ( 0.000000000000000000, -0.000000000000000000, 1.000000000000000000 ) ) ;
#747 = CARTESIAN_POINT ( 'NONE',  ( 0.000000000000000000, 2.000000000000000000, 0.000000000000000000 ) ) ;
#748 = CARTESIAN_POINT ( 'NONE',  ( 1.171350155577748202E-14, 0.5000000000000143219, 41.18948090559994313 ) ) ;
#749 = ORIENTED_EDGE ( 'NONE', *, *, #2026, .T. ) ;
#750 = VERTEX_POINT ( 'NONE', #125 ) ;
#751 = CARTESIAN_POINT ( 'NONE',  ( -31.94529042290990972, -2.000000000000000000, -33.31076601422216044 ) ) ;
#752 = EDGE_CURVE ( 'NONE', #714, #204, #938, .T. ) ;
#753 = ORIENTED_EDGE ( 'NONE', *, *, #2572, .T. ) ;
#754 = LINE ( 'NONE', #1548, #1185 ) ;
#755 = EDGE_CURVE ( 'NONE', #1201, #1019, #754, .T. ) ;
#756 = ORIENTED_EDGE ( 'NONE', *, *, #2134, .F. ) ;
#757 = LINE ( 'NONE', #1550, #692 ) ;
#758 = EDGE_CURVE ( 'NONE', #1526, #1300, #1347, .T. ) ;
#759 = LINE ( 'NONE', #352, #1235 ) ;
#760 = DIRECTION ( 'NONE',  ( -0.000000000000000000, -1.000000000000000000, -0.000000000000000000 ) ) ;
#761 = VERTEX_POINT ( 'NONE', #912 ) ;
#762 = EDGE_CURVE ( 'NONE', #545, #80, #1385, .T. ) ;
#763 = EDGE_CURVE ( 'NONE', #2408, #2467, #1079, .T. ) ;
#764 = CARTESIAN_POINT ( 'NONE',  ( -46.74529042290991043, 4.000000000000000000, -25.69999999999998153 ) ) ;
#765 = ORIENTED_EDGE ( 'NONE', *, *, #758, .F. ) ;
#766 = CARTESIAN_POINT ( 'NONE',  ( -81.50000000000001421, -2.000000000000000000, 40.00000000000001421 ) ) ;
#767 = ORIENTED_EDGE ( 'NONE', *, *, #898, .T. ) ;
#768 = CARTESIAN_POINT ( 'NONE',  ( -75.27307481965227964, 4.000000000000000000, 0.000000000000000000 ) ) ;
#769 = EDGE_CURVE ( 'NONE', #445, #1204, #2042, .T. ) ;
#770 = LINE ( 'NONE', #2371, #1107 ) ;
#771 = CARTESIAN_POINT ( 'NONE',  ( -45.74529042290991043, 2.000000000000000000, -0.000000000000000000 ) ) ;
#772 = ORIENTED_EDGE ( 'NONE', *, *, #100, .F. ) ;
#773 = CARTESIAN_POINT ( 'NONE',  ( 0.000000000000000000, 4.000000000000000000, -51.15508619108273791 ) ) ;
#774 = CARTESIAN_POINT ( 'NONE',  ( -34.94529042290990617, -2.000000000000000000, -30.31076601422216754 ) ) ;
#775 = ORIENTED_EDGE ( 'NONE', *, *, #1768, .T. ) ;
#776 = DIRECTION ( 'NONE',  ( 1.000000000000000000, -0.000000000000000000, 0.000000000000000000 ) ) ;
#777 = VECTOR ( 'NONE', #212, 1000.000000000000000 ) ;
#778 = VERTEX_POINT ( 'NONE', #1985 ) ;
#779 = AXIS2_PLACEMENT_3D ( 'NONE', #1439, #246, #864 ) ;
#780 = ORIENTED_EDGE ( 'NONE', *, *, #2146, .T. ) ;
#781 = DIRECTION ( 'NONE',  ( 0.000000000000000000, 0.000000000000000000, 1.000000000000000000 ) ) ;
#782 = VECTOR ( 'NONE', #635, 1000.000000000000114 ) ;
#783 = AXIS2_PLACEMENT_3D ( 'NONE', #306, #595, #355 ) ;
#784 = LINE ( 'NONE', #1754, #935 ) ;
#785 = ORIENTED_EDGE ( 'NONE', *, *, #2549, .T. ) ;
#786 = DIRECTION ( 'NONE',  ( 0.000000000000000000, 0.000000000000000000, 1.000000000000000000 ) ) ;
#787 = CARTESIAN_POINT ( 'NONE',  ( 0.000000000000000000, 2.000000000000000000, -53.91076601422216186 ) ) ;
#788 = LINE ( 'NONE', #2416, #2470 ) ;
#789 = ADVANCED_FACE ( 'NONE', ( #2019 ), #1586, .T. ) ;
#790 = EDGE_CURVE ( 'NONE', #2006, #2550, #1232, .T. ) ;
#791 = DIRECTION ( 'NONE',  ( 0.000000000000000000, 1.000000000000000000, 0.000000000000000000 ) ) ;
#792 = ORIENTED_EDGE ( 'NONE', *, *, #1962, .T. ) ;
#793 = ORIENTED_EDGE ( 'NONE', *, *, #2510, .T. ) ;
#794 = CARTESIAN_POINT ( 'NONE',  ( -81.07289568252090817, 0.000000000000000000, 43.06600327984599375 ) ) ;
#795 = LINE ( 'NONE', #1250, #114 ) ;
#796 = EDGE_CURVE ( 'NONE', #1747, #1796, #1036, .T. ) ;
#797 = EDGE_CURVE ( 'NONE', #1282, #2435, #1845, .T. ) ;
#798 = ORIENTED_EDGE ( 'NONE', *, *, #224, .T. ) ;
#799 = CARTESIAN_POINT ( 'NONE',  ( 4.770619643041912106, 4.000000000000000000, 1.501572465032011987E-15 ) ) ;
#800 = CARTESIAN_POINT ( 'NONE',  ( -75.04672654840710777, -2.000000000000000000, 50.50680036477715618 ) ) ;
#801 = CARTESIAN_POINT ( 'NONE',  ( -40.74529042290991043, 4.000000000000000000, 0.000000000000000000 ) ) ;
#802 = LINE ( 'NONE', #2586, #2217 ) ;
#803 = FACE_OUTER_BOUND ( 'NONE', #689, .T. ) ;
#804 = DIRECTION ( 'NONE',  ( 0.000000000000000000, -0.7071067811865474617, -0.7071067811865474617 ) ) ;
#805 = VERTEX_POINT ( 'NONE', #1400 ) ;
#806 = ORIENTED_EDGE ( 'NONE', *, *, #1016, .F. ) ;
#807 = LINE ( 'NONE', #2448, #2298 ) ;
#808 = CARTESIAN_POINT ( 'NONE',  ( -67.45819656606923331, -2.000000000000000000, -53.52759642514835292 ) ) ;
#809 = LINE ( 'NONE', #238, #2082 ) ;
#810 = CARTESIAN_POINT ( 'NONE',  ( 4.770619643041930757, 4.000000000000000000, -40.15508619108274502 ) ) ;
#811 = CARTESIAN_POINT ( 'NONE',  ( -37.94529042290989906, 0.000000000000000000, -27.19999999999997797 ) ) ;
#812 = LINE ( 'NONE', #2363, #1786 ) ;
#813 = DIRECTION ( 'NONE',  ( 1.000000000000000000, 0.000000000000000000, 0.000000000000000000 ) ) ;
#814 = FACE_OUTER_BOUND ( 'NONE', #2336, .T. ) ;
#815 = EDGE_CURVE ( 'NONE', #350, #138, #2231, .T. ) ;
#816 = CARTESIAN_POINT ( 'NONE',  ( -34.64529042290990191, 0.5000000000000143219, -40.15508619108273791 ) ) ;
#817 = ORIENTED_EDGE ( 'NONE', *, *, #790, .F. ) ;
#818 = AXIS2_PLACEMENT_3D ( 'NONE', #1465, #1690, #324 ) ;
#819 = ORIENTED_EDGE ( 'NONE', *, *, #1597, .F. ) ;
#820 = DIRECTION ( 'NONE',  ( -1.000000000000000000, 0.000000000000000000, 0.000000000000000000 ) ) ;
#821 = VECTOR ( 'NONE', #990, 1000.000000000000000 ) ;
#822 = CARTESIAN_POINT ( 'NONE',  ( 3.270619643041941860, 0.000000000000000000, -40.65508619108274502 ) ) ;
#823 = VECTOR ( 'NONE', #2198, 1000.000000000000000 ) ;
#824 = ORIENTED_EDGE ( 'NONE', *, *, #840, .T. ) ;
#825 = CARTESIAN_POINT ( 'NONE',  ( 0.000000000000000000, 4.000000000000000000, -42.71051909440004835 ) ) ;
#826 = DIRECTION ( 'NONE',  ( -1.000000000000000000, 0.000000000000000000, 0.000000000000000000 ) ) ;
#827 = FACE_OUTER_BOUND ( 'NONE', #1787, .T. ) ;
#828 = SECURITY_CLASSIFICATION_LEVEL ( 'unclassified' ) ;
#829 = AXIS2_PLACEMENT_3D ( 'NONE', #419, #443, #826 ) ;
#830 = CARTESIAN_POINT ( 'NONE',  ( 4.770619643041936087, -2.000000000000000000, -54.00000000000000711 ) ) ;
#831 = PLANE ( 'NONE',  #902 ) ;
#832 = ORIENTED_EDGE ( 'NONE', *, *, #2080, .F. ) ;
#833 = VERTEX_POINT ( 'NONE', #2219 ) ;
#834 = EDGE_CURVE ( 'NONE', #1188, #1108, #807, .T. ) ;
#835 = ORIENTED_EDGE ( 'NONE', *, *, #1496, .F. ) ;
#836 = DIRECTION ( 'NONE',  ( 1.000000000000000000, 0.000000000000000000, -0.000000000000000000 ) ) ;
#837 = DIRECTION ( 'NONE',  ( 0.000000000000000000, 1.000000000000000000, -0.000000000000000000 ) ) ;
#838 = DIRECTION ( 'NONE',  ( -0.000000000000000000, 0.000000000000000000, 1.000000000000000000 ) ) ;
#839 = APPROVAL_STATUS ( 'not_yet_approved' ) ;
#840 = EDGE_CURVE ( 'NONE', #1802, #2018, #1599, .T. ) ;
#841 = PLANE ( 'NONE',  #2421 ) ;
#842 = CARTESIAN_POINT ( 'NONE',  ( 3.270619643041940972, 4.000000000000000000, -40.15508619108274502 ) ) ;
#843 = EDGE_LOOP ( 'NONE', ( #569, #2343, #576, #1399 ) ) ;
#844 = CARTESIAN_POINT ( 'NONE',  ( 3.270619643041879243, 4.000000000000000000, 5.042680325669674347E-15 ) ) ;
#845 = VERTEX_POINT ( 'NONE', #1417 ) ;
#846 = CARTESIAN_POINT ( 'NONE',  ( -81.49999999999998579, 0.000000000000000000, -39.99999999999999289 ) ) ;
#847 = DATE_TIME_ROLE ( 'classification_date' ) ;
#848 = CARTESIAN_POINT ( 'NONE',  ( -78.63447484788562747, -2.000000000000000000, 47.40113923388754102 ) ) ;
#849 = CARTESIAN_POINT ( 'NONE',  ( 0.000000000000000000, 4.000000000000000000, -52.41076601422216896 ) ) ;
#850 = CARTESIAN_POINT ( 'NONE',  ( -67.45819656606923331, -2.000000000000000000, -53.52759642514835292 ) ) ;
#851 = DIRECTION ( 'NONE',  ( 0.000000000000000000, 0.000000000000000000, -1.000000000000000000 ) ) ;
#852 = VERTEX_POINT ( 'NONE', #427 ) ;
#853 = LINE ( 'NONE', #1657, #488 ) ;
#854 = CARTESIAN_POINT ( 'NONE',  ( 0.000000000000000000, 4.000000000000000000, 0.000000000000000000 ) ) ;
#855 = VECTOR ( 'NONE', #2223, 1000.000000000000000 ) ;
#856 = ORIENTED_EDGE ( 'NONE', *, *, #2141, .T. ) ;
#857 = CARTESIAN_POINT ( 'NONE',  ( -54.34529042290991896, 4.000000000000000000, -53.91076601422216186 ) ) ;
#858 = LINE ( 'NONE', #666, #1737 ) ;
#859 = VECTOR ( 'NONE', #2092, 1000.000000000000000 ) ;
#860 = DIRECTION ( 'NONE',  ( 1.000000000000000000, 0.000000000000000000, -2.843808977011158816E-16 ) ) ;
#861 = VECTOR ( 'NONE', #2555, 1000.000000000000000 ) ;
#862 = ORIENTED_EDGE ( 'NONE', *, *, #712, .T. ) ;
#863 = EDGE_CURVE ( 'NONE', #1111, #2153, #1703, .T. ) ;
#864 = DIRECTION ( 'NONE',  ( 1.000000000000000000, 0.000000000000000000, 0.000000000000000000 ) ) ;
#865 = AXIS2_PLACEMENT_3D ( 'NONE', #748, #1311, #1730 ) ;
#866 = VECTOR ( 'NONE', #1457, 1000.000000000000000 ) ;
#867 = EDGE_CURVE ( 'NONE', #417, #437, #2030, .T. ) ;
#868 = LOCAL_TIME ( 19, 55, 21.00000000000000000, #678 ) ;
#869 = ORIENTED_EDGE ( 'NONE', *, *, #297, .T. ) ;
#870 = FACE_OUTER_BOUND ( 'NONE', #2309, .T. ) ;
#871 = CARTESIAN_POINT ( 'NONE',  ( -34.64529042290990901, 4.000000000000000000, -53.91076601422216896 ) ) ;
#872 = APPROVAL_ROLE ( '' ) ;
#873 = LINE ( 'NONE', #884, #1783 ) ;
#874 = EDGE_CURVE ( 'NONE', #1141, #1710, #1020, .T. ) ;
#875 = FACE_OUTER_BOUND ( 'NONE', #1590, .T. ) ;
#876 = CARTESIAN_POINT ( 'NONE',  ( -75.27307481965227964, 4.000000000000000000, 39.68948090559996444 ) ) ;
#877 = ADVANCED_FACE ( 'NONE', ( #699 ), #879, .F. ) ;
#878 = ORIENTED_EDGE ( 'NONE', *, *, #684, .T. ) ;
#879 = PLANE ( 'NONE',  #2122 ) ;
#880 = DIRECTION ( 'NONE',  ( -0.5773502691896205130, -0.5773502691896363892, -0.5773502691896205130 ) ) ;
#881 = ORIENTED_EDGE ( 'NONE', *, *, #874, .T. ) ;
#882 = VERTEX_POINT ( 'NONE', #890 ) ;
#883 = FACE_OUTER_BOUND ( 'NONE', #889, .T. ) ;
#884 = CARTESIAN_POINT ( 'NONE',  ( 1.171350155577748202E-14, 4.000000000000000000, 41.18948090559994313 ) ) ;
#885 = ORIENTED_EDGE ( 'NONE', *, *, #1964, .F. ) ;
#886 = CARTESIAN_POINT ( 'NONE',  ( -72.23274228355673188, 0.000000000000000000, -52.03567395292353837 ) ) ;
#887 = CARTESIAN_POINT ( 'NONE',  ( 0.000000000000000000, 0.5000000000000004441, -51.15508619108274502 ) ) ;
#888 = ADVANCED_FACE ( 'NONE', ( #2066 ), #1292, .T. ) ;
#889 = EDGE_LOOP ( 'NONE', ( #1719, #1383, #2104, #2245 ) ) ;
#890 = CARTESIAN_POINT ( 'NONE',  ( -34.94529042290990617, -2.000000000000000000, -27.19999999999997797 ) ) ;
#891 = FACE_OUTER_BOUND ( 'NONE', #1865, .T. ) ;
#892 = DIRECTION ( 'NONE',  ( 1.000000000000000000, -0.000000000000000000, 0.000000000000000000 ) ) ;
#893 = VECTOR ( 'NONE', #430, 1000.000000000000000 ) ;
#894 = CARTESIAN_POINT ( 'NONE',  ( -77.69959293555079682, 0.000000000000000000, -48.42081599093117461 ) ) ;
#895 = LINE ( 'NONE', #1706, #738 ) ;
#896 = AXIS2_PLACEMENT_3D ( 'NONE', #1257, #2310, #264 ) ;
#897 = AXIS2_PLACEMENT_3D ( 'NONE', #849, #271, #68 ) ;
#898 = EDGE_CURVE ( 'NONE', #1475, #882, #1711, .T. ) ;
#899 = VECTOR ( 'NONE', #1006, 1000.000000000000000 ) ;
#900 = ORIENTED_EDGE ( 'NONE', *, *, #1228, .F. ) ;
#901 = PLANE ( 'NONE',  #1105 ) ;
#902 = AXIS2_PLACEMENT_3D ( 'NONE', #2254, #1001, #14 ) ;
#903 = LINE ( 'NONE', #520, #971 ) ;
#904 = LINE ( 'NONE', #1115, #536 ) ;
#905 = ORIENTED_EDGE ( 'NONE', *, *, #1208, .F. ) ;
#906 = CARTESIAN_POINT ( 'NONE',  ( -75.77706653885934429, -2.000000000000000000, -50.00896525519273439 ) ) ;
#907 = EDGE_CURVE ( 'NONE', #365, #221, #1084, .T. ) ;
#908 = ORIENTED_EDGE ( 'NONE', *, *, #936, .F. ) ;
#909 = ORIENTED_EDGE ( 'NONE', *, *, #570, .T. ) ;
#910 = DIRECTION ( 'NONE',  ( 0.000000000000000000, 0.000000000000000000, 1.000000000000000000 ) ) ;
#911 = VERTEX_POINT ( 'NONE', #1900 ) ;
#912 = CARTESIAN_POINT ( 'NONE',  ( -62.49999999999999289, -2.000000000000000000, 54.00000000000002132 ) ) ;
#913 = EDGE_LOOP ( 'NONE', ( #1605, #1231, #636, #1371 ) ) ;
#914 = CARTESIAN_POINT ( 'NONE',  ( -79.66215835163458792, -2.000000000000000000, -46.00359941159545230 ) ) ;
#915 = CARTESIAN_POINT ( 'NONE',  ( -81.04772789494249707, 0.000000000000000000, -43.12437037635454828 ) ) ;
#916 = ORIENTED_EDGE ( 'NONE', *, *, #2102, .F. ) ;
#917 = ORIENTED_EDGE ( 'NONE', *, *, #1582, .F. ) ;
#918 = LINE ( 'NONE', #1183, #449 ) ;
#919 = ORIENTED_EDGE ( 'NONE', *, *, #1825, .F. ) ;
#920 = EDGE_CURVE ( 'NONE', #2523, #2411, #663, .T. ) ;
#921 = LINE ( 'NONE', #1335, #2370 ) ;
#922 = CARTESIAN_POINT ( 'NONE',  ( 0.000000000000000000, 0.5000000000000004441, -42.71051909440004835 ) ) ;
#923 = FACE_OUTER_BOUND ( 'NONE', #2161, .T. ) ;
#924 = ORIENTED_EDGE ( 'NONE', *, *, #1014, .F. ) ;
#925 = FACE_OUTER_BOUND ( 'NONE', #628, .T. ) ;
#926 = FACE_OUTER_BOUND ( 'NONE', #843, .T. ) ;
#927 = VERTEX_POINT ( 'NONE', #2480 ) ;
#928 = AXIS2_PLACEMENT_3D ( 'NONE', #1052, #1664, #1862 ) ;
#929 = EDGE_CURVE ( 'NONE', #1727, #2318, #87, .T. ) ;
#930 = VECTOR ( 'NONE', #709, 1000.000000000000000 ) ;
#931 = ADVANCED_FACE ( 'NONE', ( #300 ), #1698, .F. ) ;
#932 = AXIS2_PLACEMENT_3D ( 'NONE', #747, #1968, #172 ) ;
#933 = EDGE_LOOP ( 'NONE', ( #693, #733, #470, #343 ) ) ;
#934 = CARTESIAN_POINT ( 'NONE',  ( -77.27307481965227964, 0.000000000000000000, 41.68948090559995023 ) ) ;
#935 = VECTOR ( 'NONE', #2189, 1000.000000000000000 ) ;
#936 = EDGE_CURVE ( 'NONE', #1758, #1111, #674, .T. ) ;
#937 = ORIENTED_EDGE ( 'NONE', *, *, #2001, .F. ) ;
#938 = LINE ( 'NONE', #1753, #1312 ) ;
#939 = LINE ( 'NONE', #2359, #1361 ) ;
#940 = ORIENTED_EDGE ( 'NONE', *, *, #667, .T. ) ;
#941 = CARTESIAN_POINT ( 'NONE',  ( -40.74529042290991043, 0.5000000000000143219, -24.19999999999997797 ) ) ;
#942 = CARTESIAN_POINT ( 'NONE',  ( -80.57128821353826709, -2.000000000000000000, 44.36059597584515046 ) ) ;
#943 = ADVANCED_FACE ( 'NONE', ( #870 ), #508, .F. ) ;
#944 = ORIENTED_EDGE ( 'NONE', *, *, #2588, .F. ) ;
#945 = FACE_OUTER_BOUND ( 'NONE', #1051, .T. ) ;
#946 = DIRECTION ( 'NONE',  ( 1.000000000000000000, 0.000000000000000000, -0.000000000000000000 ) ) ;
#947 = ORIENTED_EDGE ( 'NONE', *, *, #1518, .T. ) ;
#948 = EDGE_CURVE ( 'NONE', #527, #998, #2504, .T. ) ;
#949 = VERTEX_POINT ( 'NONE', #1094 ) ;
#950 = CARTESIAN_POINT ( 'NONE',  ( -75.27307481965227964, 0.000000000000000000, 39.68948090559996444 ) ) ;
#951 = CARTESIAN_POINT ( 'NONE',  ( -34.94529042290990617, 0.000000000000000000, -27.19999999999997797 ) ) ;
#952 = DIRECTION ( 'NONE',  ( -1.000000000000000000, 0.000000000000000000, -0.000000000000000000 ) ) ;
#953 = ORIENTED_EDGE ( 'NONE', *, *, #1381, .T. ) ;
#954 = DIRECTION ( 'NONE',  ( 0.000000000000000000, 0.000000000000000000, 1.000000000000000000 ) ) ;
#955 = EDGE_CURVE ( 'NONE', #1758, #1622, #686, .T. ) ;
#956 = DIRECTION ( 'NONE',  ( -0.5773502691896204020, -0.5773502691896362782, 0.5773502691896205130 ) ) ;
#957 =( NAMED_UNIT ( * ) PLANE_ANGLE_UNIT ( ) SI_UNIT ( $, .RADIAN. ) );
#958 = MANIFOLD_SOLID_BREP ( 'Chamfer1', #21 ) ;
#959 = EDGE_LOOP ( 'NONE', ( #944, #1818, #1384, #1959, #2068 ) ) ;
#960 = ORIENTED_EDGE ( 'NONE', *, *, #444, .F. ) ;
#961 = EDGE_LOOP ( 'NONE', ( #1676, #119, #1645, #2 ) ) ;
#962 = PLANE ( 'NONE',  #2329 ) ;
#963 = DIRECTION ( 'NONE',  ( -1.000000000000000000, 0.000000000000000000, -0.000000000000000000 ) ) ;
#964 = DIRECTION ( 'NONE',  ( 0.000000000000000000, 0.7071067811865573427, 0.7071067811865378028 ) ) ;
#965 = EDGE_LOOP ( 'NONE', ( #291, #1123, #1937, #1742, #2065 ) ) ;
#966 = LINE ( 'NONE', #543, #572 ) ;
#967 = DIRECTION ( 'NONE',  ( -0.000000000000000000, -1.000000000000000000, -0.000000000000000000 ) ) ;
#968 = CARTESIAN_POINT ( 'NONE',  ( -34.64529042290990191, 2.000000000000000000, -51.41076601422216186 ) ) ;
#969 = ORIENTED_EDGE ( 'NONE', *, *, #2181, .T. ) ;
#970 = VECTOR ( 'NONE', #1326, 1000.000000000000114 ) ;
#971 = VECTOR ( 'NONE', #677, 1000.000000000000000 ) ;
#972 = EDGE_LOOP ( 'NONE', ( #395, #885, #603, #2492 ) ) ;
#973 = ADVANCED_FACE ( 'NONE', ( #2289 ), #901, .F. ) ;
#974 = VECTOR ( 'NONE', #1794, 1000.000000000000000 ) ;
#975 = ORIENTED_EDGE ( 'NONE', *, *, #644, .T. ) ;
#976 = DIRECTION ( 'NONE',  ( -1.000000000000000000, 0.000000000000000000, 2.843808977011158816E-16 ) ) ;
#977 = VECTOR ( 'NONE', #804, 1000.000000000000114 ) ;
#978 = B_SPLINE_CURVE_WITH_KNOTS ( 'NONE', 2,
 ( #1507, #2128, #331, #2114, #341, #732, #95, #296, #514, #1117, #130, #1299, #1128, #2338, #1694, #2500, #694, #915, #1092, #1729 ),
 .UNSPECIFIED., .F., .F.,
 ( 3, 1, 1, 1, 1, 1, 1, 1, 1, 1, 1, 1, 1, 1, 1, 1, 1, 1, 3 ),
 ( 0.000000000000000000, 0.1562500000000000000, 0.2187500000000000000, 0.2812500000000000000, 0.3437500000000000000, 0.4062500000000000000, 0.4531250000000000000, 0.4843750000000000000, 0.5156250000000000000, 0.5468750000000000000, 0.5937500000000000000, 0.6562500000000000000, 0.7031250000000000000, 0.7343750000000000000, 0.7656250000000000000, 0.7968750000000000000, 0.8437500000000000000, 0.9062500000000000000, 1.000000000000000000 ),
 .UNSPECIFIED. ) ;
#979 = AXIS2_PLACEMENT_3D ( 'NONE', #1589, #1174, #1349 ) ;
#980 = CC_DESIGN_DATE_AND_TIME_ASSIGNMENT ( #2237, #2443, ( #1369 ) ) ;
#981 = PLANE ( 'NONE',  #2084 ) ;
#982 = ORIENTED_EDGE ( 'NONE', *, *, #1960, .T. ) ;
#983 = PLANE ( 'NONE',  #1523 ) ;
#984 = CARTESIAN_POINT ( 'NONE',  ( -70.70921396366992440, -2.000000000000000000, 52.63839261905194888 ) ) ;
#985 = CARTESIAN_POINT ( 'NONE',  ( -34.02938035695802199, 4.000000000000000000, 4.418265599710848625E-14 ) ) ;
#986 = VECTOR ( 'NONE', #760, 1000.000000000000000 ) ;
#987 = LINE ( 'NONE', #2342, #1994 ) ;
#988 = VERTEX_POINT ( 'NONE', #59 ) ;
#989 = ORIENTED_EDGE ( 'NONE', *, *, #2475, .T. ) ;
#990 = DIRECTION ( 'NONE',  ( -4.192333745099719506E-17, 0.000000000000000000, 1.000000000000000000 ) ) ;
#991 = LINE ( 'NONE', #1801, #1495 ) ;
#992 = ORIENTED_EDGE ( 'NONE', *, *, #815, .T. ) ;
#993 = PLANE ( 'NONE',  #818 ) ;
#994 = FACE_OUTER_BOUND ( 'NONE', #1118, .T. ) ;
#995 = CARTESIAN_POINT ( 'NONE',  ( -34.64529042290979532, 4.000000000000000000, 7.644088490850898393E-14 ) ) ;
#996 = DIRECTION ( 'NONE',  ( 1.298367925999405132E-15, 0.000000000000000000, 1.000000000000000000 ) ) ;
#997 = EDGE_CURVE ( 'NONE', #1342, #382, #853, .T. ) ;
#998 = VERTEX_POINT ( 'NONE', #287 ) ;
#999 = PLANE ( 'NONE',  #1314 ) ;
#1000 = DIRECTION ( 'NONE',  ( -1.000000000000000000, 0.000000000000000000, -0.000000000000000000 ) ) ;
#1001 = DIRECTION ( 'NONE',  ( -2.775557561562889379E-15, 0.000000000000000000, 1.000000000000000000 ) ) ;
#1002 = ORIENTED_EDGE ( 'NONE', *, *, #152, .F. ) ;
#1003 = ORIENTED_EDGE ( 'NONE', *, *, #2166, .T. ) ;
#1004 = CARTESIAN_POINT ( 'NONE',  ( -75.78131196643016665, 0.000000000000000000, 50.00594953844024104 ) ) ;
#1005 = CARTESIAN_POINT ( 'NONE',  ( -40.74529042290991043, 0.5000000000000143219, -25.69999999999998153 ) ) ;
#1006 = DIRECTION ( 'NONE',  ( -1.000000000000000000, 0.000000000000000000, 1.889887487861004136E-16 ) ) ;
#1007 = EDGE_CURVE ( 'NONE', #1923, #2130, #2468, .T. ) ;
#1008 = ORIENTED_EDGE ( 'NONE', *, *, #1134, .F. ) ;
#1009 = CARTESIAN_POINT ( 'NONE',  ( 4.770619643041930757, 0.5000000000000004441, -40.15508619108274502 ) ) ;
#1010 = CARTESIAN_POINT ( 'NONE',  ( 4.770619643041941416, 4.000000000000000000, -1.209134826526620492E-15 ) ) ;
#1011 = DIRECTION ( 'NONE',  ( 1.541811912124293705E-15, 0.000000000000000000, -1.000000000000000000 ) ) ;
#1012 = B_SPLINE_SURFACE_WITH_KNOTS ( 'NONE', 2, 1, ( 
 ( #1265, #2296 ),
 ( #669, #2444 ),
 ( #850, #1309 ),
 ( #1931, #94 ),
 ( #304, #2512 ),
 ( #486, #886 ),
 ( #1693, #117 ),
 ( #1298, #2127 ),
 ( #330, #2528 ),
 ( #906, #1728 ),
 ( #1505, #504 ),
 ( #2518, #894 ),
 ( #718, #129 ),
 ( #2499, #2490 ),
 ( #914, #1285 ),
 ( #1091, #731 ),
 ( #1907, #471 ),
 ( #1263, #706 ),
 ( #2073, #281 ),
 ( #1883, #84 ) ),
 .UNSPECIFIED., .F., .F., .F.,
 ( 3, 1, 1, 1, 1, 1, 1, 1, 1, 1, 1, 1, 1, 1, 1, 1, 1, 1, 3 ),
 ( 2, 2 ),
 ( 0.000000000000000000, 0.1562500000000000000, 0.2187500000000000000, 0.2812500000000000000, 0.3437500000000000000, 0.4062500000000000000, 0.4531250000000000000, 0.4843750000000000000, 0.5156250000000000000, 0.5468750000000000000, 0.5937500000000000000, 0.6562500000000000000, 0.7031250000000000000, 0.7343750000000000000, 0.7656250000000000000, 0.7968750000000000000, 0.8437500000000000000, 0.9062500000000000000, 1.000000000000000000 ),
 ( 0.000000000000000000, 1.000000000000000000 ),
 .UNSPECIFIED. ) ;
#1013 = FACE_OUTER_BOUND ( 'NONE', #933, .T. ) ;
#1014 = EDGE_CURVE ( 'NONE', #1526, #2327, #1890, .T. ) ;
#1015 = DIRECTION ( 'NONE',  ( 0.000000000000000000, 0.000000000000000000, -1.000000000000000000 ) ) ;
#1016 = EDGE_CURVE ( 'NONE', #1342, #98, #2300, .T. ) ;
#1017 = VERTEX_POINT ( 'NONE', #751 ) ;
#1018 = VECTOR ( 'NONE', #1634, 1000.000000000000000 ) ;
#1019 = VERTEX_POINT ( 'NONE', #1393 ) ;
#1020 = LINE ( 'NONE', #1831, #2210 ) ;
#1021 = VECTOR ( 'NONE', #4, 1000.000000000000000 ) ;
#1022 = ADVANCED_FACE ( 'NONE', ( #803 ), #1583, .T. ) ;
#1023 = CARTESIAN_POINT ( 'NONE',  ( 1.426935403565143035E-13, 2.000000000000000000, -51.41076601422201264 ) ) ;
#1024 = DIRECTION ( 'NONE',  ( 0.000000000000000000, 0.000000000000000000, 1.000000000000000000 ) ) ;
#1025 = EDGE_CURVE ( 'NONE', #761, #2467, #202, .T. ) ;
#1026 = VECTOR ( 'NONE', #1413, 1000.000000000000000 ) ;
#1027 = CARTESIAN_POINT ( 'NONE',  ( -54.34529042290991896, 4.000000000000000000, 0.000000000000000000 ) ) ;
#1028 = VERTEX_POINT ( 'NONE', #2522 ) ;
#1029 = PLANE ( 'NONE',  #2326 ) ;
#1030 = DIRECTION ( 'NONE',  ( -2.206386033293608535E-15, 0.000000000000000000, -1.000000000000000000 ) ) ;
#1031 = COORDINATED_UNIVERSAL_TIME_OFFSET ( 5, 0, .BEHIND. ) ;
#1032 = VECTOR ( 'NONE', #728, 1000.000000000000000 ) ;
#1033 = FACE_OUTER_BOUND ( 'NONE', #1078, .T. ) ;
#1034 = EDGE_LOOP ( 'NONE', ( #1860, #2536, #638, #2142 ) ) ;
#1035 = ORIENTED_EDGE ( 'NONE', *, *, #599, .T. ) ;
#1036 = LINE ( 'NONE', #190, #655 ) ;
#1037 = DIRECTION ( 'NONE',  ( -0.000000000000000000, -1.000000000000000000, -0.000000000000000000 ) ) ;
#1038 = DIRECTION ( 'NONE',  ( 5.526005734932251062E-15, 0.000000000000000000, -1.000000000000000000 ) ) ;
#1039 = LINE ( 'NONE', #336, #1401 ) ;
#1040 = ORIENTED_EDGE ( 'NONE', *, *, #401, .T. ) ;
#1041 = LINE ( 'NONE', #2473, #1612 ) ;
#1042 = DATE_AND_TIME ( #642, #868 ) ;
#1043 = CARTESIAN_POINT ( 'NONE',  ( -80.10505384680583063, 0.000000000000000000, 45.26921742754029054 ) ) ;
#1044 = CARTESIAN_POINT ( 'NONE',  ( -34.64529042290979532, 2.000000000000000000, 7.644088490850898393E-14 ) ) ;
#1045 = VERTEX_POINT ( 'NONE', #151 ) ;
#1046 = DIRECTION ( 'NONE',  ( 0.000000000000000000, 1.000000000000000000, 0.000000000000000000 ) ) ;
#1047 = CARTESIAN_POINT ( 'NONE',  ( -52.37307481965228106, -2.000000000000000000, -21.19999999999996376 ) ) ;
#1048 = EDGE_CURVE ( 'NONE', #2291, #662, #1733, .T. ) ;
#1049 = EDGE_LOOP ( 'NONE', ( #2424, #1214, #1764, #1487 ) ) ;
#1050 = CARTESIAN_POINT ( 'NONE',  ( -62.50000000000001421, -2.000000000000000000, -53.99999999999999289 ) ) ;
#1051 = EDGE_LOOP ( 'NONE', ( #1464, #2598, #1138, #1760 ) ) ;
#1052 = CARTESIAN_POINT ( 'NONE',  ( 5.995204332975846107E-15, -2.000000000000000000, 54.00000000000001421 ) ) ;
#1053 = COORDINATED_UNIVERSAL_TIME_OFFSET ( 5, 0, .BEHIND. ) ;
#1054 = CARTESIAN_POINT ( 'NONE',  ( -55.37307481965227396, -2.000000000000000000, 51.00000000000000711 ) ) ;
#1056 = EDGE_CURVE ( 'NONE', #998, #662, #987, .T. ) ;
#1055 = CARTESIAN_POINT ( 'NONE',  ( -79.65842423297959840, -2.000000000000000000, 46.00952613604409436 ) ) ;
#1057 = VERTEX_POINT ( 'NONE', #1536 ) ;
#1058 = CARTESIAN_POINT ( 'NONE',  ( -46.74529042290991043, 0.5000000000000004441, -25.69999999999998153 ) ) ;
#1059 = FACE_OUTER_BOUND ( 'NONE', #542, .T. ) ;
#1060 = ADVANCED_FACE ( 'NONE', ( #2196 ), #335, .F. ) ;
#1061 = ORIENTED_EDGE ( 'NONE', *, *, #1157, .T. ) ;
#1062 = CARTESIAN_POINT ( 'NONE',  ( -2.938823951253803507E-14, -2.000000000000000000, -24.20000000000002416 ) ) ;
#1063 = EDGE_CURVE ( 'NONE', #1538, #1620, #1924, .T. ) ;
#1064 = CARTESIAN_POINT ( 'NONE',  ( 3.270619643042310898, 4.000000000000000000, -2.372142006180710244E-14 ) ) ;
#1065 = DIRECTION ( 'NONE',  ( 0.000000000000000000, 1.000000000000000000, -0.000000000000000000 ) ) ;
#1066 = VECTOR ( 'NONE', #1099, 1000.000000000000000 ) ;
#1067 = DIRECTION ( 'NONE',  ( -0.000000000000000000, -1.000000000000000000, -0.000000000000000000 ) ) ;
#1068 = ORIENTED_EDGE ( 'NONE', *, *, #1014, .T. ) ;
#1069 = VERTEX_POINT ( 'NONE', #217 ) ;
#1070 = DIRECTION ( 'NONE',  ( 0.000000000000000000, -1.000000000000000000, 0.000000000000000000 ) ) ;
#1071 = VECTOR ( 'NONE', #1686, 1000.000000000000000 ) ;
#1072 = VECTOR ( 'NONE', #1893, 1000.000000000000000 ) ;
#1073 = LINE ( 'NONE', #1044, #1660 ) ;
#1074 = CIRCLE ( 'NONE', #450, 2.999999999999999112 ) ;
#1075 = LOCAL_TIME ( 19, 55, 21.00000000000000000, #54 ) ;
#1076 = ORIENTED_EDGE ( 'NONE', *, *, #1048, .T. ) ;
#1077 = DIRECTION ( 'NONE',  ( -0.000000000000000000, -1.000000000000000000, -0.000000000000000000 ) ) ;
#1078 = EDGE_LOOP ( 'NONE', ( #1396, #680, #819, #862 ) ) ;
#1079 = B_SPLINE_CURVE_WITH_KNOTS ( 'NONE', 2,
 ( #222, #1443, #794, #1623, #2592, #602, #206, #637, #2436, #2409, #1004, #1429, #2246, #2426, #647, #252, #2201, #2395, #1814, #438 ),
 .UNSPECIFIED., .F., .F.,
 ( 3, 1, 1, 1, 1, 1, 1, 1, 1, 1, 1, 1, 1, 1, 1, 1, 1, 1, 3 ),
 ( 0.000000000000000000, 0.09375000000000000000, 0.1562500000000000000, 0.2031250000000000000, 0.2343750000000000000, 0.2656250000000000000, 0.2968750000000000000, 0.3437500000000000000, 0.4062500000000000000, 0.4531250000000000000, 0.4843750000000000000, 0.5156250000000000000, 0.5468750000000000000, 0.5937500000000000000, 0.6562500000000000000, 0.7187500000000000000, 0.7812500000000000000, 0.8437500000000000000, 1.000000000000000000 ),
 .UNSPECIFIED. ) ;
#1080 = CARTESIAN_POINT ( 'NONE',  ( -41.74529042290991043, 2.000000000000000000, -0.000000000000000000 ) ) ;
#1081 = LINE ( 'NONE', #682, #1530 ) ;
#1082 = EDGE_CURVE ( 'NONE', #2031, #1188, #2328, .T. ) ;
#1083 = ORIENTED_EDGE ( 'NONE', *, *, #863, .F. ) ;
#1084 = LINE ( 'NONE', #1268, #859 ) ;
#1085 = CARTESIAN_POINT ( 'NONE',  ( -34.02938035695807883, 4.000000000000000000, -51.15508619108273791 ) ) ;
#1086 = ORIENTED_EDGE ( 'NONE', *, *, #297, .F. ) ;
#1087 = LINE ( 'NONE', #715, #2501 ) ;
#1088 = CARTESIAN_POINT ( 'NONE',  ( -73.51482480314236057, -2.000000000000000000, 51.40967444085330840 ) ) ;
#1089 = CARTESIAN_POINT ( 'NONE',  ( -52.37307481965228106, -2.000000000000000000, 0.000000000000000000 ) ) ;
#1090 = ORIENTED_EDGE ( 'NONE', *, *, #684, .F. ) ;
#1091 = CARTESIAN_POINT ( 'NONE',  ( -80.09234972370505545, -2.000000000000000000, -45.28936000476173263 ) ) ;
#1092 = CARTESIAN_POINT ( 'NONE',  ( -81.50224334381871927, 0.000000000000000000, -41.17384543370265249 ) ) ;
#1093 = ORIENTED_EDGE ( 'NONE', *, *, #1330, .T. ) ;
#1094 = CARTESIAN_POINT ( 'NONE',  ( -81.50000000000001421, -2.000000000000000000, 40.00000000000001421 ) ) ;
#1095 = FACE_OUTER_BOUND ( 'NONE', #965, .T. ) ;
#1096 = ADVANCED_FACE ( 'NONE', ( #1809 ), #1594, .T. ) ;
#1097 = ORIENTED_EDGE ( 'NONE', *, *, #2141, .F. ) ;
#1098 = ORIENTED_EDGE ( 'NONE', *, *, #1056, .F. ) ;
#1099 = DIRECTION ( 'NONE',  ( 0.000000000000000000, 0.000000000000000000, 1.000000000000000000 ) ) ;
#1100 = ADVANCED_FACE ( 'NONE', ( #1751 ), #609, .T. ) ;
#1101 = CIRCLE ( 'NONE', #2573, 2.999999999999999112 ) ;
#1102 = VECTOR ( 'NONE', #278, 1000.000000000000000 ) ;
#1103 = ORIENTED_EDGE ( 'NONE', *, *, #1888, .T. ) ;
#1104 = DIRECTION ( 'NONE',  ( -0.000000000000000000, -1.000000000000000000, 0.000000000000000000 ) ) ;
#1105 = AXIS2_PLACEMENT_3D ( 'NONE', #1509, #453, #1245 ) ;
#1106 = AXIS2_PLACEMENT_3D ( 'NONE', #2116, #735, #1329 ) ;
#1107 = VECTOR ( 'NONE', #1386, 1000.000000000000000 ) ;
#1108 = VERTEX_POINT ( 'NONE', #934 ) ;
#1109 = DIRECTION ( 'NONE',  ( 0.000000000000000000, -0.000000000000000000, 1.000000000000000000 ) ) ;
#1110 = ORGANIZATION ( 'UNSPECIFIED', 'UNSPECIFIED', '' ) ;
#1111 = VERTEX_POINT ( 'NONE', #13 ) ;
#1112 = DIRECTION ( 'NONE',  ( 0.000000000000000000, -0.000000000000000000, -1.000000000000000000 ) ) ;
#1113 = CARTESIAN_POINT ( 'NONE',  ( -34.02938035695836305, 0.000000000000000000, -1.880465510087428131E-13 ) ) ;
#1114 = LINE ( 'NONE', #1928, #623 ) ;
#1115 = CARTESIAN_POINT ( 'NONE',  ( 4.770619643041930757, 0.000000000000000000, -40.65508619108274502 ) ) ;
#1116 = EDGE_LOOP ( 'NONE', ( #1406, #2222, #425, #1215, #1618 ) ) ;
#1117 = CARTESIAN_POINT ( 'NONE',  ( -75.77706653885934429, 0.000000000000000000, -50.00896525519273439 ) ) ;
#1118 = EDGE_LOOP ( 'NONE', ( #1641, #591, #51, #2258 ) ) ;
#1119 = DIRECTION ( 'NONE',  ( -1.000000000000000000, 0.000000000000000000, 3.242473786872536307E-16 ) ) ;
#1120 = ADVANCED_FACE ( 'NONE', ( #2404 ), #1318, .T. ) ;
#1121 = ORIENTED_EDGE ( 'NONE', *, *, #2572, .F. ) ;
#1122 = DIRECTION ( 'NONE',  ( 0.7071067811865573427, -0.7071067811865378028, 0.000000000000000000 ) ) ;
#1123 = ORIENTED_EDGE ( 'NONE', *, *, #325, .T. ) ;
#1124 = LINE ( 'NONE', #1556, #2464 ) ;
#1125 = EDGE_CURVE ( 'NONE', #1204, #1212, #918, .T. ) ;
#1126 = ORIENTED_EDGE ( 'NONE', *, *, #522, .F. ) ;
#1127 = CARTESIAN_POINT ( 'NONE',  ( 5.995204332975846107E-15, 0.000000000000000000, 54.00000000000001421 ) ) ;
#1128 = CARTESIAN_POINT ( 'NONE',  ( -78.63526213086399252, 0.000000000000000000, -47.40033677362624331 ) ) ;
#1129 = ADVANCED_FACE ( 'NONE', ( #1998, #1333, #409, #344 ), #518, .T. ) ;
#1130 = ORIENTED_EDGE ( 'NONE', *, *, #1506, .F. ) ;
#1131 = ORIENTED_EDGE ( 'NONE', *, *, #1208, .T. ) ;
#1132 = DIRECTION ( 'NONE',  ( -0.000000000000000000, 0.000000000000000000, 1.000000000000000000 ) ) ;
#1133 = ADVANCED_FACE ( 'NONE', ( #2015 ), #1301, .T. ) ;
#1134 = EDGE_CURVE ( 'NONE', #422, #618, #2052, .T. ) ;
#1135 = ORIENTED_EDGE ( 'NONE', *, *, #755, .T. ) ;
#1136 = CARTESIAN_POINT ( 'NONE',  ( -50.34529042290991896, 0.000000000000000000, -51.41076601422215475 ) ) ;
#1137 = PLANE ( 'NONE',  #2422 ) ;
#1138 = ORIENTED_EDGE ( 'NONE', *, *, #2089, .T. ) ;
#1139 = CARTESIAN_POINT ( 'NONE',  ( -54.34529042290991896, 0.5000000000000004441, 0.000000000000000000 ) ) ;
#1140 = LINE ( 'NONE', #605, #2164 ) ;
#1141 = VERTEX_POINT ( 'NONE', #1412 ) ;
#1142 = VECTOR ( 'NONE', #462, 1000.000000000000000 ) ;
#1143 = EDGE_CURVE ( 'NONE', #1431, #688, #670, .T. ) ;
#1144 = AXIS2_PLACEMENT_3D ( 'NONE', #1788, #415, #1203 ) ;
#1145 = VECTOR ( 'NONE', #1287, 1000.000000000000000 ) ;
#1146 = ORIENTED_EDGE ( 'NONE', *, *, #1691, .T. ) ;
#1147 = LINE ( 'NONE', #766, #2539 ) ;
#1148 = VECTOR ( 'NONE', #228, 1000.000000000000000 ) ;
#1149 = AXIS2_PLACEMENT_3D ( 'NONE', #1840, #96, #1119 ) ;
#1150 = ORIENTED_EDGE ( 'NONE', *, *, #1082, .F. ) ;
#1151 = DIRECTION ( 'NONE',  ( 1.000000000000000000, 0.000000000000000000, 0.000000000000000000 ) ) ;
#1152 = EDGE_LOOP ( 'NONE', ( #1344, #2112, #585, #2520 ) ) ;
#1153 = FACE_OUTER_BOUND ( 'NONE', #12, .T. ) ;
#1154 = CARTESIAN_POINT ( 'NONE',  ( -81.50000000000001421, -2.000000000000000000, 40.00000000000001421 ) ) ;
#1155 = CARTESIAN_POINT ( 'NONE',  ( -40.24529042290989622, 0.000000000000000000, -24.19999999999997442 ) ) ;
#1156 = ORIENTED_EDGE ( 'NONE', *, *, #397, .T. ) ;
#1157 = EDGE_CURVE ( 'NONE', #155, #852, #1426, .T. ) ;
#1158 = ORIENTED_EDGE ( 'NONE', *, *, #1485, .T. ) ;
#1159 = DIRECTION ( 'NONE',  ( -1.541811912124293705E-15, 0.000000000000000000, 1.000000000000000000 ) ) ;
#1160 = ORIENTED_EDGE ( 'NONE', *, *, #489, .F. ) ;
#1161 = DIRECTION ( 'NONE',  ( 0.000000000000000000, -1.000000000000000000, 0.000000000000000000 ) ) ;
#1162 = PLANE ( 'NONE',  #2469 ) ;
#1163 = CARTESIAN_POINT ( 'NONE',  ( -81.50000000000000000, 0.000000000000000000, -2.827599265842195564E-14 ) ) ;
#1164 = ORIENTED_EDGE ( 'NONE', *, *, #920, .F. ) ;
#1165 = DIRECTION ( 'NONE',  ( 0.000000000000000000, 0.000000000000000000, -1.000000000000000000 ) ) ;
#1166 = CARTESIAN_POINT ( 'NONE',  ( -74.38632336355544794, -2.000000000000000000, 50.91602728947103174 ) ) ;
#1167 = APPLICATION_PROTOCOL_DEFINITION ( 'international standard', 'config_control_design', 1994, #1746 ) ;
#1168 = VERTEX_POINT ( 'NONE', #2028 ) ;
#1169 = EDGE_CURVE ( 'NONE', #2550, #1892, #1253, .T. ) ;
#1170 = ORIENTED_EDGE ( 'NONE', *, *, #2531, .F. ) ;
#1171 = VERTEX_POINT ( 'NONE', #282 ) ;
#1172 = DIRECTION ( 'NONE',  ( 1.000000000000000000, 0.000000000000000000, 0.000000000000000000 ) ) ;
#1173 = DIRECTION ( 'NONE',  ( 0.000000000000000000, 1.000000000000000000, 0.000000000000000000 ) ) ;
#1174 = DIRECTION ( 'NONE',  ( -0.000000000000000000, -1.000000000000000000, 0.000000000000000000 ) ) ;
#1175 = EDGE_LOOP ( 'NONE', ( #2496, #2484, #557, #1846 ) ) ;
#1176 = DIRECTION ( 'NONE',  ( 1.000000000000000000, 0.000000000000000000, -1.110223024625156417E-16 ) ) ;
#1177 = EDGE_CURVE ( 'NONE', #2497, #1442, #2226, .T. ) ;
#1178 = CARTESIAN_POINT ( 'NONE',  ( -52.84529042290991896, 4.000000000000000000, -53.91076601422216186 ) ) ;
#1179 = LINE ( 'NONE', #1792, #1242 ) ;
#1180 = EDGE_CURVE ( 'NONE', #1989, #2291, #2461, .T. ) ;
#1181 = ORIENTED_EDGE ( 'NONE', *, *, #191, .F. ) ;
#1182 = FACE_OUTER_BOUND ( 'NONE', #205, .T. ) ;
#1183 = CARTESIAN_POINT ( 'NONE',  ( -34.02938035695807173, 4.000000000000000000, -52.41076601422216896 ) ) ;
#1184 = VECTOR ( 'NONE', #388, 1000.000000000000000 ) ;
#1185 = VECTOR ( 'NONE', #1761, 1000.000000000000000 ) ;
#1186 = EDGE_LOOP ( 'NONE', ( #601, #1731, #1121, #1202 ) ) ;
#1187 = AXIS2_PLACEMENT_3D ( 'NONE', #1023, #1320, #436 ) ;
#1188 = VERTEX_POINT ( 'NONE', #1866 ) ;
#1189 = DIRECTION ( 'NONE',  ( -1.000000000000000000, 0.000000000000000000, 0.000000000000000000 ) ) ;
#1190 = VECTOR ( 'NONE', #405, 1000.000000000000114 ) ;
#1191 = LOCAL_TIME ( 19, 55, 21.00000000000000000, #1031 ) ;
#1192 = CARTESIAN_POINT ( 'NONE',  ( 4.770619643041934310, -26.32754309554141159, -24.32754309554208305 ) ) ;
#1193 = ORIENTED_EDGE ( 'NONE', *, *, #2125, .T. ) ;
#1194 = CARTESIAN_POINT ( 'NONE',  ( -1.988110510413048144E-14, 4.000000000000000000, -53.91076601422218317 ) ) ;
#1195 = CARTESIAN_POINT ( 'NONE',  ( 3.270619643042310898, 4.000000000000000000, -2.372142006180710244E-14 ) ) ;
#1196 = CARTESIAN_POINT ( 'NONE',  ( -77.70020855947120708, -2.000000000000000000, 48.42005930127555757 ) ) ;
#1197 = DIRECTION ( 'NONE',  ( 0.000000000000000000, 1.000000000000000000, -0.000000000000000000 ) ) ;
#1198 = APPROVAL_PERSON_ORGANIZATION ( #2266, #720, #872 ) ;
#1199 = CARTESIAN_POINT ( 'NONE',  ( 0.000000000000000000, 0.000000000000000000, 0.000000000000000000 ) ) ;
#1200 = PLANE ( 'NONE',  #34 ) ;
#1201 = VERTEX_POINT ( 'NONE', #830 ) ;
#1202 = ORIENTED_EDGE ( 'NONE', *, *, #1266, .F. ) ;
#1203 = DIRECTION ( 'NONE',  ( 0.000000000000000000, 0.000000000000000000, 1.000000000000000000 ) ) ;
#1204 = VERTEX_POINT ( 'NONE', #461 ) ;
#1205 = DIRECTION ( 'NONE',  ( -1.000000000000000000, 0.000000000000000000, -2.775557561562888984E-15 ) ) ;
#1206 = CARTESIAN_POINT ( 'NONE',  ( -34.02938035695807883, 4.000000000000000000, -40.15508619108273791 ) ) ;
#1207 = PLANE ( 'NONE',  #1497 ) ;
#1208 = EDGE_CURVE ( 'NONE', #422, #251, #231, .T. ) ;
#1209 = DIRECTION ( 'NONE',  ( 1.000000000000000000, 0.000000000000000000, -0.000000000000000000 ) ) ;
#1210 = CARTESIAN_POINT ( 'NONE',  ( -52.84529042290991896, 4.000000000000000000, 0.000000000000000000 ) ) ;
#1211 = ADVANCED_FACE ( 'NONE', ( #1013 ), #2064, .T. ) ;
#1212 = VERTEX_POINT ( 'NONE', #46 ) ;
#1213 = EDGE_CURVE ( 'NONE', #2147, #2384, #272, .T. ) ;
#1214 = ORIENTED_EDGE ( 'NONE', *, *, #93, .F. ) ;
#1215 = ORIENTED_EDGE ( 'NONE', *, *, #1016, .T. ) ;
#1216 = CARTESIAN_POINT ( 'NONE',  ( -58.87307481965228106, 4.000000000000000000, 0.000000000000000000 ) ) ;
#1217 = ADVANCED_FACE ( 'NONE', ( #1033 ), #1243, .F. ) ;
#1218 = CARTESIAN_POINT ( 'NONE',  ( -64.61266391560803868, -2.000000000000000000, -54.00037041766562140 ) ) ;
#1219 = DIRECTION ( 'NONE',  ( 1.000000000000000000, -0.000000000000000000, 0.000000000000000000 ) ) ;
#1220 = LINE ( 'NONE', #1027, #1316 ) ;
#1221 = ORIENTED_EDGE ( 'NONE', *, *, #137, .T. ) ;
#1222 = FACE_OUTER_BOUND ( 'NONE', #959, .T. ) ;
#1223 = CARTESIAN_POINT ( 'NONE',  ( -46.74529042290991043, 0.5000000000000004441, 0.000000000000000000 ) ) ;
#1224 = CALENDAR_DATE ( 2026, 12, 3 ) ;
#1225 = CARTESIAN_POINT ( 'NONE',  ( -76.62316386909455446, 0.000000000000000000, 49.36918451133791308 ) ) ;
#1226 = CARTESIAN_POINT ( 'NONE',  ( -34.64529042290990191, 0.000000000000000000, -40.65508619108275212 ) ) ;
#1227 = CARTESIAN_POINT ( 'NONE',  ( -46.74529042290991043, 4.000000000000000000, 0.000000000000000000 ) ) ;
#1228 = EDGE_CURVE ( 'NONE', #554, #1057, #1823, .T. ) ;
#1229 = ORIENTED_EDGE ( 'NONE', *, *, #1582, .T. ) ;
#1230 = VECTOR ( 'NONE', #892, 1000.000000000000000 ) ;
#1231 = ORIENTED_EDGE ( 'NONE', *, *, #393, .F. ) ;
#1232 = LINE ( 'NONE', #399, #821 ) ;
#1233 = CARTESIAN_POINT ( 'NONE',  ( -34.64529042290990191, 4.000000000000000000, -40.15508619108273791 ) ) ;
#1234 = AXIS2_PLACEMENT_3D ( 'NONE', #534, #725, #1000 ) ;
#1235 = VECTOR ( 'NONE', #162, 1000.000000000000000 ) ;
#1236 = ORIENTED_EDGE ( 'NONE', *, *, #1799, .T. ) ;
#1237 = LINE ( 'NONE', #799, #777 ) ;
#1238 = LINE ( 'NONE', #2413, #1278 ) ;
#1239 = DIRECTION ( 'NONE',  ( -0.000000000000000000, -1.000000000000000000, -0.000000000000000000 ) ) ;
#1240 = FACE_OUTER_BOUND ( 'NONE', #2055, .T. ) ;
#1241 = CIRCLE ( 'NONE', #783, 2.999999999999999112 ) ;
#1242 = VECTOR ( 'NONE', #2597, 1000.000000000000000 ) ;
#1243 = PLANE ( 'NONE',  #316 ) ;
#1244 = ORIENTED_EDGE ( 'NONE', *, *, #1723, .T. ) ;
#1245 = DIRECTION ( 'NONE',  ( 1.000000000000000000, -0.000000000000000000, -2.843808977011158816E-16 ) ) ;
#1246 = CARTESIAN_POINT ( 'NONE',  ( -31.94529042290990972, -2.000000000000000000, -30.31076601422216754 ) ) ;
#1247 = EDGE_CURVE ( 'NONE', #911, #2147, #1073, .T. ) ;
#1248 = ORIENTED_EDGE ( 'NONE', *, *, #2229, .F. ) ;
#1249 = CARTESIAN_POINT ( 'NONE',  ( 3.270619643042310898, 0.000000000000000000, -2.372142006180710244E-14 ) ) ;
#1250 = CARTESIAN_POINT ( 'NONE',  ( -24.62264521145561957, 22.62264521145490548, -24.19999999999999218 ) ) ;
#1251 = DIRECTION ( 'NONE',  ( 0.000000000000000000, -1.000000000000000000, 0.000000000000000000 ) ) ;
#1252 = FACE_OUTER_BOUND ( 'NONE', #2249, .T. ) ;
#1253 = LINE ( 'NONE', #2477, #283 ) ;
#1254 = EDGE_CURVE ( 'NONE', #2137, #1629, #85, .T. ) ;
#1255 = EDGE_CURVE ( 'NONE', #2106, #1549, #626, .T. ) ;
#1256 = ORIENTED_EDGE ( 'NONE', *, *, #1169, .F. ) ;
#1257 = CARTESIAN_POINT ( 'NONE',  ( 0.000000000000000000, 0.5000000000000004441, -42.71051909440004835 ) ) ;
#1258 = CARTESIAN_POINT ( 'NONE',  ( 3.270619643041943636, 0.000000000000000000, -50.65508619108275923 ) ) ;
#1259 = CC_DESIGN_PERSON_AND_ORGANIZATION_ASSIGNMENT ( #1637, #1680, ( #1369 ) ) ;
#1260 = CARTESIAN_POINT ( 'NONE',  ( -52.84529042290991896, 4.000000000000000000, -53.91076601422216186 ) ) ;
#1261 = DIRECTION ( 'NONE',  ( -1.000000000000000000, 0.000000000000000000, 2.843808977011158816E-16 ) ) ;
#1262 = LINE ( 'NONE', #2277, #1066 ) ;
#1263 = CARTESIAN_POINT ( 'NONE',  ( -81.04772789494249707, -2.000000000000000000, -43.12437037635454828 ) ) ;
#1264 = DIRECTION ( 'NONE',  ( 1.000000000000000000, 0.000000000000000000, -0.000000000000000000 ) ) ;
#1265 = CARTESIAN_POINT ( 'NONE',  ( -62.50000000000001421, -2.000000000000000000, -53.99999999999999289 ) ) ;
#1266 = EDGE_CURVE ( 'NONE', #1812, #1171, #435, .T. ) ;
#1267 = ORIENTED_EDGE ( 'NONE', *, *, #1933, .F. ) ;
#1268 = CARTESIAN_POINT ( 'NONE',  ( 0.000000000000000000, 0.000000000000000000, -50.65508619108275923 ) ) ;
#1269 = LINE ( 'NONE', #1687, #2459 ) ;
#1270 = AXIS2_PLACEMENT_3D ( 'NONE', #592, #2177, #1340 ) ;
#1271 = ADVANCED_FACE ( 'NONE', ( #2036 ), #841, .T. ) ;
#1272 = VERTEX_POINT ( 'NONE', #1717 ) ;
#1273 = CARTESIAN_POINT ( 'NONE',  ( -2.938823951253803507E-14, 0.000000000000000000, -24.20000000000002416 ) ) ;
#1274 = VECTOR ( 'NONE', #1474, 1000.000000000000000 ) ;
#1275 = APPROVAL_DATE_TIME ( #2279, #1810 ) ;
#1276 = AXIS2_PLACEMENT_3D ( 'NONE', #707, #1104, #719 ) ;
#1277 = VERTEX_POINT ( 'NONE', #1932 ) ;
#1278 = VECTOR ( 'NONE', #2010, 1000.000000000000000 ) ;
#1279 = CARTESIAN_POINT ( 'NONE',  ( -45.74529042290991043, 2.000000000000000000, -30.69999999999998153 ) ) ;
#1280 = VERTEX_POINT ( 'NONE', #544 ) ;
#1281 = CARTESIAN_POINT ( 'NONE',  ( -53.87307481965228106, 4.000000000000000000, 4.620760821394601575E-15 ) ) ;
#1282 = VERTEX_POINT ( 'NONE', #1683 ) ;
#1283 = CARTESIAN_POINT ( 'NONE',  ( 0.000000000000000000, 2.000000000000000000, 0.000000000000000000 ) ) ;
#1284 = CARTESIAN_POINT ( 'NONE',  ( -34.64529042290990191, 0.000000000000000000, -50.65508619108273791 ) ) ;
#1285 = CARTESIAN_POINT ( 'NONE',  ( -79.66215835163458792, 0.000000000000000000, -46.00359941159545230 ) ) ;
#1286 = EDGE_CURVE ( 'NONE', #1069, #1989, #1081, .T. ) ;
#1287 = DIRECTION ( 'NONE',  ( -0.000000000000000000, -1.000000000000000000, -0.000000000000000000 ) ) ;
#1288 = LINE ( 'NONE', #1909, #2261 ) ;
#1289 = EDGE_CURVE ( 'NONE', #1028, #1057, #2506, .T. ) ;
#1290 = EDGE_CURVE ( 'NONE', #1272, #1045, #1897, .T. ) ;
#1291 = ORIENTED_EDGE ( 'NONE', *, *, #1056, .T. ) ;
#1292 = PLANE ( 'NONE',  #1655 ) ;
#1293 = DIRECTION ( 'NONE',  ( 1.000000000000000000, 0.000000000000000000, -1.110223024625156417E-16 ) ) ;
#1294 = EDGE_LOOP ( 'NONE', ( #1784, #377, #144, #2078 ) ) ;
#1295 = CARTESIAN_POINT ( 'NONE',  ( -58.87307481965229528, 0.000000000000000000, -43.21051909440003413 ) ) ;
#1296 = CARTESIAN_POINT ( 'NONE',  ( -37.94529042290989906, 0.000000000000000000, -24.19999999999997797 ) ) ;
#1297 = CARTESIAN_POINT ( 'NONE',  ( -62.49999999999999289, -2.000000000000000000, 54.00000000000002132 ) ) ;
#1298 = CARTESIAN_POINT ( 'NONE',  ( -74.37936063857178226, -2.000000000000000000, -50.92022590584644348 ) ) ;
#1299 = CARTESIAN_POINT ( 'NONE',  ( -77.69959293555079682, 0.000000000000000000, -48.42081599093117461 ) ) ;
#1300 = VERTEX_POINT ( 'NONE', #876 ) ;
#1301 = PLANE ( 'NONE',  #400 ) ;
#1302 = DIRECTION ( 'NONE',  ( 1.000000000000000000, 0.000000000000000000, 0.000000000000000000 ) ) ;
#1303 = ORIENTED_EDGE ( 'NONE', *, *, #1255, .F. ) ;
#1304 = DIRECTION ( 'NONE',  ( -1.000000000000000000, 0.000000000000000000, 0.000000000000000000 ) ) ;
#1305 = VECTOR ( 'NONE', #351, 1000.000000000000000 ) ;
#1306 = FACE_OUTER_BOUND ( 'NONE', #1175, .T. ) ;
#1307 = LINE ( 'NONE', #1852, #2381 ) ;
#1308 = AXIS2_PLACEMENT_3D ( 'NONE', #2133, #813, #392 ) ;
#1309 = CARTESIAN_POINT ( 'NONE',  ( -67.45819656606923331, 0.000000000000000000, -53.52759642514835292 ) ) ;
#1310 = CARTESIAN_POINT ( 'NONE',  ( -46.74529042290991043, 0.5000000000000004441, -24.19999999999997797 ) ) ;
#1311 = DIRECTION ( 'NONE',  ( -2.010876612043769018E-16, -0.7071067811865475727, -0.7071067811865475727 ) ) ;
#1312 = VECTOR ( 'NONE', #2551, 1000.000000000000000 ) ;
#1313 = ORIENTED_EDGE ( 'NONE', *, *, #2110, .T. ) ;
#1314 = AXIS2_PLACEMENT_3D ( 'NONE', #624, #1209, #2438 ) ;
#1315 = CARTESIAN_POINT ( 'NONE',  ( 3.270619643041940972, 0.5000000000000004441, -40.15508619108274502 ) ) ;
#1316 = VECTOR ( 'NONE', #2248, 1000.000000000000000 ) ;
#1317 = ORIENTED_EDGE ( 'NONE', *, *, #1331, .T. ) ;
#1318 = PLANE ( 'NONE',  #1308 ) ;
#1319 = ADVANCED_FACE ( 'NONE', ( #2529 ), #1908, .F. ) ;
#1320 = DIRECTION ( 'NONE',  ( 2.775557561562889379E-15, 0.000000000000000000, -1.000000000000000000 ) ) ;
#1321 = EDGE_LOOP ( 'NONE', ( #1236, #1752, #493, #2041 ) ) ;
#1322 = CARTESIAN_POINT ( 'NONE',  ( -40.24529042290989622, 0.000000000000000000, -0.000000000000000000 ) ) ;
#1323 = ADVANCED_FACE ( 'NONE', ( #1528 ), #2308, .F. ) ;
#1324 = DIRECTION ( 'NONE',  ( 1.000000000000000000, 0.000000000000000000, -1.860293271824993963E-16 ) ) ;
#1325 = ORIENTED_EDGE ( 'NONE', *, *, #1670, .T. ) ;
#1326 = DIRECTION ( 'NONE',  ( 9.180847649492928600E-16, 0.7071067811865474617, 0.7071067811865474617 ) ) ;
#1327 = DIRECTION ( 'NONE',  ( -2.843808977011158816E-16, 0.000000000000000000, -1.000000000000000000 ) ) ;
#1328 = ORIENTED_EDGE ( 'NONE', *, *, #1157, .F. ) ;
#1329 = DIRECTION ( 'NONE',  ( -1.000000000000000000, 0.000000000000000000, -0.000000000000000000 ) ) ;
#1330 = EDGE_CURVE ( 'NONE', #2006, #1956, #895, .T. ) ;
#1331 = EDGE_CURVE ( 'NONE', #698, #1188, #1515, .T. ) ;
#1332 = VERTEX_POINT ( 'NONE', #1310 ) ;
#1333 = FACE_BOUND ( 'NONE', #1829, .T. ) ;
#1334 = ORIENTED_EDGE ( 'NONE', *, *, #907, .F. ) ;
#1335 = CARTESIAN_POINT ( 'NONE',  ( -62.50000000000001421, -2.000000000000000000, -53.99999999999999289 ) ) ;
#1336 = PRODUCT_RELATED_PRODUCT_CATEGORY ( 'detail', '', ( #1843 ) ) ;
#1337 = DIRECTION ( 'NONE',  ( 0.000000000000000000, 0.000000000000000000, 1.000000000000000000 ) ) ;
#1338 = CARTESIAN_POINT ( 'NONE',  ( -47.24529042290989622, 0.000000000000000000, -24.19999999999996376 ) ) ;
#1339 = ORIENTED_EDGE ( 'NONE', *, *, #1588, .T. ) ;
#1340 = DIRECTION ( 'NONE',  ( -1.000000000000000000, 0.000000000000000000, 2.220446049250313081E-16 ) ) ;
#1341 = DIRECTION ( 'NONE',  ( -2.206386033293608535E-15, 0.000000000000000000, -1.000000000000000000 ) ) ;
#1342 = VERTEX_POINT ( 'NONE', #2316 ) ;
#1343 = CARTESIAN_POINT ( 'NONE',  ( -37.14529042290990191, 2.000000000000000000, -53.91076601422216186 ) ) ;
#1344 = ORIENTED_EDGE ( 'NONE', *, *, #713, .T. ) ;
#1345 = EDGE_CURVE ( 'NONE', #1956, #2315, #978, .T. ) ;
#1346 = ORIENTED_EDGE ( 'NONE', *, *, #2588, .T. ) ;
#1347 = LINE ( 'NONE', #768, #615 ) ;
#1348 = CARTESIAN_POINT ( 'NONE',  ( 0.000000000000000000, -2.000000000000000000, 0.000000000000000000 ) ) ;
#1349 = DIRECTION ( 'NONE',  ( 0.000000000000000000, 0.000000000000000000, 1.000000000000000000 ) ) ;
#1350 = EDGE_LOOP ( 'NONE', ( #772, #835, #236, #581, #708, #76, #730, #824 ) ) ;
#1351 = LINE ( 'NONE', #1377, #1184 ) ;
#1352 = CARTESIAN_POINT ( 'NONE',  ( 3.270619643041939639, 0.5000000000000004441, -51.15508619108274502 ) ) ;
#1353 = ORIENTED_EDGE ( 'NONE', *, *, #277, .T. ) ;
#1354 = AXIS2_PLACEMENT_3D ( 'NONE', #1283, #2070, #2321 ) ;
#1355 = DIRECTION ( 'NONE',  ( -1.560150526057198276E-15, 0.7071067811865474617, -0.7071067811865474617 ) ) ;
#1356 = VECTOR ( 'NONE', #1380, 1000.000000000000000 ) ;
#1357 = DIRECTION ( 'NONE',  ( 1.000000000000000000, -0.000000000000000000, 0.000000000000000000 ) ) ;
#1358 = VECTOR ( 'NONE', #956, 1000.000000000000114 ) ;
#1359 = FACE_OUTER_BOUND ( 'NONE', #2008, .T. ) ;
#1360 = ORIENTED_EDGE ( 'NONE', *, *, #1289, .T. ) ;
#1361 = VECTOR ( 'NONE', #1604, 1000.000000000000000 ) ;
#1362 = ORIENTED_EDGE ( 'NONE', *, *, #2039, .F. ) ;
#1363 = DIRECTION ( 'NONE',  ( 0.000000000000000000, -0.000000000000000000, -1.000000000000000000 ) ) ;
#1364 = CARTESIAN_POINT ( 'NONE',  ( -47.24529042290989622, 0.000000000000000000, -0.000000000000000000 ) ) ;
#1365 = ORIENTED_EDGE ( 'NONE', *, *, #1330, .F. ) ;
#1366 = CARTESIAN_POINT ( 'NONE',  ( -34.02938035695808594, 9.402327550437064922E-14, -50.65508619108283028 ) ) ;
#1367 = CARTESIAN_POINT ( 'NONE',  ( -69.06379555602119069, -2.000000000000000000, 53.14941915933922445 ) ) ;
#1368 = ORIENTED_EDGE ( 'NONE', *, *, #215, .T. ) ;
#1369 = PRODUCT_DEFINITION ( 'UNKNOWN', '', #2589, #2241 ) ;
#1370 = CARTESIAN_POINT ( 'NONE',  ( -34.02938035695807883, 0.000000000000000000, -40.65508619108275212 ) ) ;
#1371 = ORIENTED_EDGE ( 'NONE', *, *, #687, .F. ) ;
#1372 = EDGE_CURVE ( 'NONE', #688, #517, #2139, .T. ) ;
#1373 = ORIENTED_EDGE ( 'NONE', *, *, #1722, .T. ) ;
#1374 = DIRECTION ( 'NONE',  ( 0.000000000000000000, 0.000000000000000000, 1.000000000000000000 ) ) ;
#1375 = LINE ( 'NONE', #428, #1918 ) ;
#1376 = VERTEX_POINT ( 'NONE', #1944 ) ;
#1377 = CARTESIAN_POINT ( 'NONE',  ( -34.64529042290990191, 4.000000000000000000, 0.000000000000000000 ) ) ;
#1378 = CARTESIAN_POINT ( 'NONE',  ( -58.87307481965229528, 4.000000000000000000, -41.21051909440004124 ) ) ;
#1379 = LINE ( 'NONE', #1997, #741 ) ;
#1380 = DIRECTION ( 'NONE',  ( 0.000000000000000000, -1.000000000000000000, 0.000000000000000000 ) ) ;
#1381 = EDGE_CURVE ( 'NONE', #2327, #721, #2295, .T. ) ;
#1382 = CARTESIAN_POINT ( 'NONE',  ( -76.77307481965229385, 4.000000000000000000, -42.71051909440004835 ) ) ;
#1383 = ORIENTED_EDGE ( 'NONE', *, *, #672, .F. ) ;
#1384 = ORIENTED_EDGE ( 'NONE', *, *, #17, .F. ) ;
#1385 = LINE ( 'NONE', #1630, #358 ) ;
#1386 = DIRECTION ( 'NONE',  ( 0.7071067811865378028, 0.7071067811865573427, -2.607654328804064573E-16 ) ) ;
#1387 = CARTESIAN_POINT ( 'NONE',  ( 0.000000000000000000, 4.000000000000000000, 0.000000000000000000 ) ) ;
#1388 = ORIENTED_EDGE ( 'NONE', *, *, #393, .T. ) ;
#1389 = DIRECTION ( 'NONE',  ( 1.000000000000000000, 0.000000000000000000, -3.687780117775669140E-16 ) ) ;
#1390 = DIRECTION ( 'NONE',  ( 0.000000000000000000, 0.000000000000000000, -1.000000000000000000 ) ) ;
#1391 = EDGE_LOOP ( 'NONE', ( #1170, #302, #89, #1531 ) ) ;
#1392 = PLANE ( 'NONE',  #697 ) ;
#1393 = CARTESIAN_POINT ( 'NONE',  ( -62.50000000000001421, -2.000000000000000000, -53.99999999999999289 ) ) ;
#1394 = AXIS2_PLACEMENT_3D ( 'NONE', #1223, #44, #838 ) ;
#1395 = VECTOR ( 'NONE', #1077, 1000.000000000000000 ) ;
#1396 = ORIENTED_EDGE ( 'NONE', *, *, #131, .T. ) ;
#1397 = VECTOR ( 'NONE', #2567, 1000.000000000000000 ) ;
#1398 = EDGE_CURVE ( 'NONE', #1204, #167, #305, .T. ) ;
#1399 = ORIENTED_EDGE ( 'NONE', *, *, #2089, .F. ) ;
#1400 = CARTESIAN_POINT ( 'NONE',  ( -58.87307481965228106, 4.000000000000000000, 41.18948090559995734 ) ) ;
#1401 = VECTOR ( 'NONE', #1613, 1000.000000000000000 ) ;
#1402 = CARTESIAN_POINT ( 'NONE',  ( -6.295359990134405141E-15, -2.000000000000000000, -33.31076601422216754 ) ) ;
#1403 = AXIS2_PLACEMENT_3D ( 'NONE', #2399, #209, #580 ) ;
#1404 = EDGE_CURVE ( 'NONE', #1493, #1830, #2402, .T. ) ;
#1405 = CARTESIAN_POINT ( 'NONE',  ( -53.87307481965227396, 0.5000000000000196509, 41.18948090559995023 ) ) ;
#1406 = ORIENTED_EDGE ( 'NONE', *, *, #874, .F. ) ;
#1407 = CARTESIAN_POINT ( 'NONE',  ( -41.74529042290991043, 0.000000000000000000, -48.69999999999998153 ) ) ;
#1408 = DIRECTION ( 'NONE',  ( -1.000000000000000000, 0.000000000000000000, 0.000000000000000000 ) ) ;
#1409 = CARTESIAN_POINT ( 'NONE',  ( -6.475823380333168071E-15, 4.000000000000000000, -34.81076601422218175 ) ) ;
#1410 = EDGE_LOOP ( 'NONE', ( #1857, #2311, #299, #2140 ) ) ;
#1411 = EDGE_CURVE ( 'NONE', #128, #2307, #759, .T. ) ;
#1412 = CARTESIAN_POINT ( 'NONE',  ( -53.87307481965227396, 0.000000000000000000, 41.68948090559997155 ) ) ;
#1413 = DIRECTION ( 'NONE',  ( -1.000000000000000000, 0.000000000000000000, 0.000000000000000000 ) ) ;
#1414 = VERTEX_POINT ( 'NONE', #1352 ) ;
#1415 = EDGE_CURVE ( 'NONE', #403, #383, #406, .T. ) ;
#1416 = ORIENTED_EDGE ( 'NONE', *, *, #218, .T. ) ;
#1417 = CARTESIAN_POINT ( 'NONE',  ( -45.74529042290991043, 2.000000000000000000, -48.69999999999998153 ) ) ;
#1418 = CARTESIAN_POINT ( 'NONE',  ( -34.02938035695836305, 4.000000000000000000, -1.880465510087428131E-13 ) ) ;
#1419 = LINE ( 'NONE', #2483, #2507 ) ;
#1420 = ORIENTED_EDGE ( 'NONE', *, *, #97, .T. ) ;
#1421 = LINE ( 'NONE', #639, #734 ) ;
#1422 = PLANE ( 'NONE',  #1394 ) ;
#1423 = EDGE_CURVE ( 'NONE', #1633, #1639, #389, .T. ) ;
#1424 = MECHANICAL_CONTEXT ( 'NONE', #1746, 'mechanical' ) ;
#1425 = CARTESIAN_POINT ( 'NONE',  ( -76.62316386909455446, -2.000000000000000000, 49.36918451133791308 ) ) ;
#1426 = LINE ( 'NONE', #643, #244 ) ;
#1427 = EDGE_CURVE ( 'NONE', #2591, #1108, #2163, .T. ) ;
#1428 = ORIENTED_EDGE ( 'NONE', *, *, #495, .F. ) ;
#1429 = CARTESIAN_POINT ( 'NONE',  ( -75.04672654840710777, 0.000000000000000000, 50.50680036477715618 ) ) ;
#1430 = DIRECTION ( 'NONE',  ( 0.000000000000000000, 1.000000000000000000, -0.000000000000000000 ) ) ;
#1431 = VERTEX_POINT ( 'NONE', #1178 ) ;
#1432 = LINE ( 'NONE', #2250, #396 ) ;
#1433 = CARTESIAN_POINT ( 'NONE',  ( -53.87307481965228106, 4.000000000000000000, -31.69999999999997087 ) ) ;
#1434 = APPROVAL_ROLE ( '' ) ;
#1435 = CARTESIAN_POINT ( 'NONE',  ( -81.50224334381871927, -2.000000000000000000, -41.17384543370265249 ) ) ;
#1436 = CARTESIAN_POINT ( 'NONE',  ( -81.07289568252090817, 0.000000000000000000, 43.06600327984599375 ) ) ;
#1437 = CARTESIAN_POINT ( 'NONE',  ( -45.74529042290991043, 2.000000000000000000, 0.000000000000000000 ) ) ;
#1438 = EDGE_CURVE ( 'NONE', #949, #761, #1616, .T. ) ;
#1439 = CARTESIAN_POINT ( 'NONE',  ( 0.000000000000000000, 0.000000000000000000, -50.65508619108273791 ) ) ;
#1440 = VECTOR ( 'NONE', #2441, 1000.000000000000000 ) ;
#1441 = VECTOR ( 'NONE', #2524, 1000.000000000000000 ) ;
#1442 = VERTEX_POINT ( 'NONE', #1592 ) ;
#1443 = CARTESIAN_POINT ( 'NONE',  ( -81.49977868556240423, 0.000000000000000000, 41.17960809326590521 ) ) ;
#1444 = VECTOR ( 'NONE', #2253, 1000.000000000000000 ) ;
#1445 = CARTESIAN_POINT ( 'NONE',  ( -41.74529042290991043, 0.000000000000000000, -30.69999999999998153 ) ) ;
#1446 = AXIS2_PLACEMENT_3D ( 'NONE', #1054, #1864, #67 ) ;
#1447 = EDGE_LOOP ( 'NONE', ( #2121, #1995, #2521, #1889 ) ) ;
#1448 = DIRECTION ( 'NONE',  ( 0.000000000000000000, -0.000000000000000000, 1.000000000000000000 ) ) ;
#1449 = EDGE_CURVE ( 'NONE', #1555, #456, #1140, .T. ) ;
#1450 = PLANE ( 'NONE',  #928 ) ;
#1451 = PERSON_AND_ORGANIZATION ( #2172, #1110 ) ;
#1452 = ADVANCED_FACE ( 'NONE', ( #926 ), #1744, .T. ) ;
#1453 = VECTOR ( 'NONE', #2314, 1000.000000000000000 ) ;
#1454 = CC_DESIGN_APPROVAL ( #1810, ( #2589 ) ) ;
#1455 = CARTESIAN_POINT ( 'NONE',  ( 1.426935403565143035E-13, 2.000000000000000000, -51.41076601422201264 ) ) ;
#1456 = CC_DESIGN_PERSON_AND_ORGANIZATION_ASSIGNMENT ( #1863, #2474, ( #1843 ) ) ;
#1457 = DIRECTION ( 'NONE',  ( -0.000000000000000000, -1.000000000000000000, -0.000000000000000000 ) ) ;
#1458 = ORIENTED_EDGE ( 'NONE', *, *, #100, .T. ) ;
#1459 = DIRECTION ( 'NONE',  ( 0.000000000000000000, 0.000000000000000000, 1.000000000000000000 ) ) ;
#1460 = LINE ( 'NONE', #1510, #2297 ) ;
#1461 = EDGE_CURVE ( 'NONE', #138, #2542, #2351, .T. ) ;
#1462 = ORIENTED_EDGE ( 'NONE', *, *, #558, .T. ) ;
#1463 = LINE ( 'NONE', #2274, #1961 ) ;
#1464 = ORIENTED_EDGE ( 'NONE', *, *, #1177, .F. ) ;
#1465 = CARTESIAN_POINT ( 'NONE',  ( 4.770619643041933422, -2.000000000000000000, 2.000002971456027508E-16 ) ) ;
#1466 = DIRECTION ( 'NONE',  ( -0.000000000000000000, -1.000000000000000000, -0.000000000000000000 ) ) ;
#1467 = APPROVAL_ROLE ( '' ) ;
#1468 = DIRECTION ( 'NONE',  ( -1.000000000000000000, 0.000000000000000000, 0.000000000000000000 ) ) ;
#1469 = EDGE_LOOP ( 'NONE', ( #2511, #2340, #1150, #2569 ) ) ;
#1470 = DIRECTION ( 'NONE',  ( 0.000000000000000000, 0.000000000000000000, -1.000000000000000000 ) ) ;
#1471 = EDGE_CURVE ( 'NONE', #2447, #2497, #2149, .T. ) ;
#1472 = PLANE ( 'NONE',  #617 ) ;
#1473 = EDGE_LOOP ( 'NONE', ( #1598, #2530, #1368, #2303 ) ) ;
#1474 = DIRECTION ( 'NONE',  ( 0.000000000000000000, -1.000000000000000000, 0.000000000000000000 ) ) ;
#1475 = VERTEX_POINT ( 'NONE', #774 ) ;
#1476 = CARTESIAN_POINT ( 'NONE',  ( -52.84529042290991896, 2.000000000000000000, -51.41076601422216186 ) ) ;
#1477 = LINE ( 'NONE', #480, #1781 ) ;
#1478 = APPROVAL_DATE_TIME ( #2087, #1534 ) ;
#1479 = EDGE_LOOP ( 'NONE', ( #1482, #1685, #381, #1578 ) ) ;
#1480 = CARTESIAN_POINT ( 'NONE',  ( 1.171350155577748202E-14, 4.000000000000000000, 41.18948090559994313 ) ) ;
#1481 = EDGE_CURVE ( 'NONE', #1584, #2315, #1563, .T. ) ;
#1482 = ORIENTED_EDGE ( 'NONE', *, *, #867, .T. ) ;
#1483 = CARTESIAN_POINT ( 'NONE',  ( -75.27307481965227964, 4.000000000000000000, -41.21051909440004124 ) ) ;
#1484 = VECTOR ( 'NONE', #1408, 1000.000000000000000 ) ;
#1485 = EDGE_CURVE ( 'NONE', #167, #1168, #379, .T. ) ;
#1486 = VERTEX_POINT ( 'NONE', #1777 ) ;
#1487 = ORIENTED_EDGE ( 'NONE', *, *, #1125, .T. ) ;
#1488 = CYLINDRICAL_SURFACE ( 'NONE', #446, 2.999999999999995559 ) ;
#1489 = VECTOR ( 'NONE', #2143, 1000.000000000000000 ) ;
#1490 = EDGE_CURVE ( 'NONE', #1069, #527, #2582, .T. ) ;
#1491 = VECTOR ( 'NONE', #1067, 1000.000000000000000 ) ;
#1492 = CARTESIAN_POINT ( 'NONE',  ( -75.27307481965227964, 4.000000000000000000, -41.21051909440004124 ) ) ;
#1493 = VERTEX_POINT ( 'NONE', #2197 ) ;
#1494 = DIRECTION ( 'NONE',  ( 0.000000000000000000, -0.7071067811865378028, -0.7071067811865573427 ) ) ;
#1495 = VECTOR ( 'NONE', #416, 1000.000000000000000 ) ;
#1496 = EDGE_CURVE ( 'NONE', #167, #927, #394, .T. ) ;
#1497 = AXIS2_PLACEMENT_3D ( 'NONE', #1409, #2179, #1609 ) ;
#1498 = ORIENTED_EDGE ( 'NONE', *, *, #2229, .T. ) ;
#1499 = DIRECTION ( 'NONE',  ( -1.000000000000000000, 0.000000000000000000, 0.000000000000000000 ) ) ;
#1500 = CARTESIAN_POINT ( 'NONE',  ( -51.18204987976865539, 26.09102493988432769, -17.11949415451642409 ) ) ;
#1501 = ORIENTED_EDGE ( 'NONE', *, *, #1887, .T. ) ;
#1502 = LINE ( 'NONE', #466, #2120 ) ;
#1503 = CARTESIAN_POINT ( 'NONE',  ( -37.14529042290990191, 2.000000000000000000, -51.41076601422216896 ) ) ;
#1504 = EDGE_LOOP ( 'NONE', ( #1775, #2580, #1681, #2417, #753, #342, #1061, #170, #908, #150 ) ) ;
#1505 = CARTESIAN_POINT ( 'NONE',  ( -76.62065128991200424, -2.000000000000000000, -49.37122408486720104 ) ) ;
#1506 = EDGE_CURVE ( 'NONE', #1724, #1620, #2227, .T. ) ;
#1507 = CARTESIAN_POINT ( 'NONE',  ( -62.50000000000001421, 0.000000000000000000, -53.99999999999999289 ) ) ;
#1508 = ORIENTED_EDGE ( 'NONE', *, *, #762, .T. ) ;
#1509 = CARTESIAN_POINT ( 'NONE',  ( 1.171350155577748202E-14, 0.5000000000000004441, 41.18948090559994313 ) ) ;
#1510 = CARTESIAN_POINT ( 'NONE',  ( -1.988110510413048144E-14, 0.000000000000000000, -53.91076601422218317 ) ) ;
#1511 = EDGE_LOOP ( 'NONE', ( #1977, #1759, #1181, #1911 ) ) ;
#1512 = EDGE_CURVE ( 'NONE', #383, #160, #1886, .T. ) ;
#1513 = CARTESIAN_POINT ( 'NONE',  ( 4.770619643041928981, 4.000000000000000000, -51.15508619108274502 ) ) ;
#1514 = CARTESIAN_POINT ( 'NONE',  ( -62.49999999999999289, 0.000000000000000000, 54.00000000000002132 ) ) ;
#1515 = LINE ( 'NONE', #524, #112 ) ;
#1516 = ORIENTED_EDGE ( 'NONE', *, *, #489, .T. ) ;
#1517 = ADVANCED_FACE ( 'NONE', ( #133 ), #120, .T. ) ;
#1518 = EDGE_CURVE ( 'NONE', #2153, #1984, #328, .T. ) ;
#1519 = EDGE_LOOP ( 'NONE', ( #2069, #960, #1926, #1732, #2428 ) ) ;
#1520 = DIRECTION ( 'NONE',  ( 0.000000000000000000, 0.000000000000000000, 1.000000000000000000 ) ) ;
#1521 = ORIENTED_EDGE ( 'NONE', *, *, #525, .F. ) ;
#1522 = LINE ( 'NONE', #1773, #1654 ) ;
#1523 = AXIS2_PLACEMENT_3D ( 'NONE', #773, #1967, #2191 ) ;
#1524 = AXIS2_PLACEMENT_3D ( 'NONE', #1199, #1948, #910 ) ;
#1525 = FACE_OUTER_BOUND ( 'NONE', #559, .T. ) ;
#1526 = VERTEX_POINT ( 'NONE', #1492 ) ;
#1527 = LINE ( 'NONE', #555, #1700 ) ;
#1528 = FACE_OUTER_BOUND ( 'NONE', #1152, .T. ) ;
#1529 = ADVANCED_FACE ( 'NONE', ( #1904 ), #589, .F. ) ;
#1530 = VECTOR ( 'NONE', #2519, 1000.000000000000000 ) ;
#1531 = ORIENTED_EDGE ( 'NONE', *, *, #2267, .T. ) ;
#1532 = CARTESIAN_POINT ( 'NONE',  ( -52.37307481965228106, 0.000000000000000000, 4.331480448092519981E-15 ) ) ;
#1533 = VECTOR ( 'NONE', #2264, 1000.000000000000000 ) ;
#1534 = APPROVAL ( #468, 'UNSPECIFIED' ) ;
#1535 = ORIENTED_EDGE ( 'NONE', *, *, #2003, .T. ) ;
#1536 = CARTESIAN_POINT ( 'NONE',  ( -55.37307481965227396, 0.000000000000000000, 54.00000000000002132 ) ) ;
#1537 = DIRECTION ( 'NONE',  ( 0.000000000000000000, 0.000000000000000000, 1.000000000000000000 ) ) ;
#1538 = VERTEX_POINT ( 'NONE', #1834 ) ;
#1539 = LINE ( 'NONE', #156, #737 ) ;
#1540 = CARTESIAN_POINT ( 'NONE',  ( 0.000000000000000000, 4.000000000000000000, -40.15508619108274502 ) ) ;
#1541 = ORIENTED_EDGE ( 'NONE', *, *, #1481, .T. ) ;
#1542 = LINE ( 'NONE', #1957, #970 ) ;
#1543 = ADVANCED_BREP_SHAPE_REPRESENTATION ( 'Power System Mount V3', ( #958, #369 ), #661 ) ;
#1544 = CARTESIAN_POINT ( 'NONE',  ( -40.74529042290991043, 4.000000000000000000, -24.19999999999997797 ) ) ;
#1545 = ORIENTED_EDGE ( 'NONE', *, *, #2510, .F. ) ;
#1546 = EDGE_LOOP ( 'NONE', ( #723, #294, #1872, #793 ) ) ;
#1547 = ORIENTED_EDGE ( 'NONE', *, *, #608, .F. ) ;
#1548 = CARTESIAN_POINT ( 'NONE',  ( -1.199040866595169221E-14, -2.000000000000000000, -54.00000000000000711 ) ) ;
#1549 = VERTEX_POINT ( 'NONE', #822 ) ;
#1550 = CARTESIAN_POINT ( 'NONE',  ( -77.27307481965227964, 0.000000000000000000, -0.000000000000000000 ) ) ;
#1551 = CARTESIAN_POINT ( 'NONE',  ( -81.49977868556240423, -2.000000000000000000, 41.17960809326590521 ) ) ;
#1552 = CARTESIAN_POINT ( 'NONE',  ( -34.64529042290990901, 0.5000000000000004441, -51.15508619108273791 ) ) ;
#1553 = ORIENTED_EDGE ( 'NONE', *, *, #495, .T. ) ;
#1554 = EDGE_LOOP ( 'NONE', ( #1416, #2379, #2183, #354, #1325, #2021, #2527 ) ) ;
#1555 = VERTEX_POINT ( 'NONE', #1445 ) ;
#1556 = CARTESIAN_POINT ( 'NONE',  ( -37.14529042290990191, 2.000000000000000000, -53.91076601422216186 ) ) ;
#1557 = FACE_OUTER_BOUND ( 'NONE', #2400, .T. ) ;
#1558 = CARTESIAN_POINT ( 'NONE',  ( -46.74529042290991043, 4.000000000000000000, 0.000000000000000000 ) ) ;
#1559 = DIRECTION ( 'NONE',  ( 0.000000000000000000, 0.000000000000000000, -1.000000000000000000 ) ) ;
#1560 = ORIENTED_EDGE ( 'NONE', *, *, #558, .F. ) ;
#1561 = CARTESIAN_POINT ( 'NONE',  ( 4.770619643041935198, 0.000000000000000000, -50.65508619108275923 ) ) ;
#1562 = FACE_OUTER_BOUND ( 'NONE', #1034, .T. ) ;
#1563 = LINE ( 'NONE', #2376, #1570 ) ;
#1564 = LINE ( 'NONE', #2377, #1921 ) ;
#1565 = EDGE_CURVE ( 'NONE', #265, #365, #616, .T. ) ;
#1566 = ORIENTED_EDGE ( 'NONE', *, *, #1063, .T. ) ;
#1567 = VECTOR ( 'NONE', #632, 1000.000000000000000 ) ;
#1568 = VECTOR ( 'NONE', #1470, 1000.000000000000000 ) ;
#1569 = ADVANCED_FACE ( 'NONE', ( #2262 ), #2275, .T. ) ;
#1570 = VECTOR ( 'NONE', #1757, 1000.000000000000000 ) ;
#1571 = ORIENTED_EDGE ( 'NONE', *, *, #2357, .T. ) ;
#1572 = AXIS2_PLACEMENT_3D ( 'NONE', #679, #2294, #293 ) ;
#1573 = VECTOR ( 'NONE', #1357, 1000.000000000000000 ) ;
#1574 = ORIENTED_EDGE ( 'NONE', *, *, #1063, .F. ) ;
#1575 = CARTESIAN_POINT ( 'NONE',  ( -53.87307481965228106, 0.5000000000000143219, 41.18948090559995734 ) ) ;
#1576 = CARTESIAN_POINT ( 'NONE',  ( -62.50000000000001421, 0.000000000000000000, -53.99999999999999289 ) ) ;
#1577 = LINE ( 'NONE', #590, #249 ) ;
#1578 = ORIENTED_EDGE ( 'NONE', *, *, #2350, .T. ) ;
#1579 = PLANE ( 'NONE',  #1270 ) ;
#1580 = DIRECTION ( 'NONE',  ( -0.000000000000000000, -1.000000000000000000, -0.000000000000000000 ) ) ;
#1581 = CARTESIAN_POINT ( 'NONE',  ( -34.02938035695802199, 0.000000000000000000, 4.418265599710848625E-14 ) ) ;
#1582 = EDGE_CURVE ( 'NONE', #988, #1028, #2232, .T. ) ;
#1583 = PLANE ( 'NONE',  #29 ) ;
#1584 = VERTEX_POINT ( 'NONE', #2247 ) ;
#1585 = ORIENTED_EDGE ( 'NONE', *, *, #1143, .T. ) ;
#1586 = PLANE ( 'NONE',  #1740 ) ;
#1587 = LINE ( 'NONE', #2398, #2378 ) ;
#1588 = EDGE_CURVE ( 'NONE', #1019, #1584, #2347, .T. ) ;
#1589 = CARTESIAN_POINT ( 'NONE',  ( -55.37307481965227396, -2.000000000000000000, 51.00000000000000711 ) ) ;
#1590 = EDGE_LOOP ( 'NONE', ( #334, #186, #2203, #1244 ) ) ;
#1591 = PLANE ( 'NONE',  #1952 ) ;
#1592 = CARTESIAN_POINT ( 'NONE',  ( -45.74529042290991043, 0.000000000000000000, -48.69999999999998153 ) ) ;
#1593 = CARTESIAN_POINT ( 'NONE',  ( -34.64529042290990191, 0.000000000000000000, -51.41076601422216186 ) ) ;
#1594 = PLANE ( 'NONE',  #1234 ) ;
#1595 = ADVANCED_FACE ( 'NONE', ( #1240 ), #1649, .T. ) ;
#1596 = EDGE_LOOP ( 'NONE', ( #2383, #1334, #1772, #1750 ) ) ;
#1597 = EDGE_CURVE ( 'NONE', #2384, #2017, #2280, .T. ) ;
#1598 = ORIENTED_EDGE ( 'NONE', *, *, #307, .F. ) ;
#1599 = LINE ( 'NONE', #614, #574 ) ;
#1600 = CARTESIAN_POINT ( 'NONE',  ( -53.87307481965228106, 0.000000000000000000, -31.69999999999997087 ) ) ;
#1601 = DIRECTION ( 'NONE',  ( 0.000000000000000000, 0.000000000000000000, -1.000000000000000000 ) ) ;
#1602 = DIRECTION ( 'NONE',  ( 0.000000000000000000, 0.000000000000000000, 1.000000000000000000 ) ) ;
#1603 = CARTESIAN_POINT ( 'NONE',  ( -70.69470082765045049, -2.000000000000000000, -52.64357415837342558 ) ) ;
#1604 = DIRECTION ( 'NONE',  ( 1.000000000000000000, 0.000000000000000000, 2.775557561562888984E-15 ) ) ;
#1605 = ORIENTED_EDGE ( 'NONE', *, *, #191, .T. ) ;
#1606 = FACE_OUTER_BOUND ( 'NONE', #2476, .T. ) ;
#1607 = DIRECTION ( 'NONE',  ( -0.7071067811865378028, -0.7071067811865573427, 8.587034482004039606E-16 ) ) ;
#1608 = LINE ( 'NONE', #2414, #1484 ) ;
#1609 = DIRECTION ( 'NONE',  ( -1.000000000000000000, 0.000000000000000000, 1.860293271824993963E-16 ) ) ;
#1610 = ADVANCED_FACE ( 'NONE', ( #1252 ), #83, .T. ) ;
#1611 = ORIENTED_EDGE ( 'NONE', *, *, #1962, .F. ) ;
#1612 = VECTOR ( 'NONE', #1251, 1000.000000000000000 ) ;
#1613 = DIRECTION ( 'NONE',  ( -1.000000000000000000, 0.000000000000000000, -2.775557561562888984E-15 ) ) ;
#1614 = EDGE_CURVE ( 'NONE', #1830, #805, #873, .T. ) ;
#1615 = DIRECTION ( 'NONE',  ( -2.206386033293608535E-15, 0.000000000000000000, -1.000000000000000000 ) ) ;
#1616 = B_SPLINE_CURVE_WITH_KNOTS ( 'NONE', 2,
 ( #1154, #1551, #593, #942, #1991, #2544, #2362, #367, #1196, #1979, #583, #800, #1166, #197, #1791, #984, #1367, #2178, #2596, #146 ),
 .UNSPECIFIED., .F., .F.,
 ( 3, 1, 1, 1, 1, 1, 1, 1, 1, 1, 1, 1, 1, 1, 1, 1, 1, 1, 3 ),
 ( 0.000000000000000000, 0.09375000000000000000, 0.1562500000000000000, 0.2031250000000000000, 0.2343750000000000000, 0.2656250000000000000, 0.2968750000000000000, 0.3437500000000000000, 0.4062500000000000000, 0.4531250000000000000, 0.4843750000000000000, 0.5156250000000000000, 0.5468750000000000000, 0.5937500000000000000, 0.6562500000000000000, 0.7187500000000000000, 0.7812500000000000000, 0.8437500000000000000, 1.000000000000000000 ),
 .UNSPECIFIED. ) ;
#1617 = VECTOR ( 'NONE', #1743, 1000.000000000000114 ) ;
#1618 = ORIENTED_EDGE ( 'NONE', *, *, #1714, .T. ) ;
#1619 = VECTOR ( 'NONE', #2206, 1000.000000000000000 ) ;
#1620 = VERTEX_POINT ( 'NONE', #2293 ) ;
#1621 = EDGE_CURVE ( 'NONE', #778, #1769, #483, .T. ) ;
#1622 = VERTEX_POINT ( 'NONE', #1296 ) ;
#1623 = CARTESIAN_POINT ( 'NONE',  ( -80.57128821353826709, 0.000000000000000000, 44.36059597584515046 ) ) ;
#1624 = AXIS2_PLACEMENT_3D ( 'NONE', #854, #1065, #1874 ) ;
#1625 = LINE ( 'NONE', #2107, #2587 ) ;
#1626 = EDGE_LOOP ( 'NONE', ( #374, #2325, #16, #1697 ) ) ;
#1627 = CARTESIAN_POINT ( 'NONE',  ( -34.94529042290990617, 0.000000000000000000, 0.000000000000000000 ) ) ;
#1628 = CARTESIAN_POINT ( 'NONE',  ( 0.000000000000000000, 4.000000000000000000, -51.15508619108274502 ) ) ;
#1629 = VERTEX_POINT ( 'NONE', #1513 ) ;
#1630 = CARTESIAN_POINT ( 'NONE',  ( -54.84529042290990475, 0.000000000000000000, -0.000000000000000000 ) ) ;
#1631 = PLANE ( 'NONE',  #1665 ) ;
#1632 = CARTESIAN_POINT ( 'NONE',  ( -74.37936063857178226, -2.000000000000000000, -50.92022590584644348 ) ) ;
#1633 = VERTEX_POINT ( 'NONE', #2358 ) ;
#1634 = DIRECTION ( 'NONE',  ( 0.000000000000000000, 0.000000000000000000, -1.000000000000000000 ) ) ;
#1635 = PLANE ( 'NONE',  #75 ) ;
#1636 = DIRECTION ( 'NONE',  ( -2.534544602167501264E-16, 0.000000000000000000, -1.000000000000000000 ) ) ;
#1637 = PERSON_AND_ORGANIZATION ( #2172, #1110 ) ;
#1638 = CARTESIAN_POINT ( 'NONE',  ( 0.000000000000000000, 0.000000000000000000, -40.65508619108274502 ) ) ;
#1639 = VERTEX_POINT ( 'NONE', #1916 ) ;
#1640 = ADVANCED_FACE ( 'NONE', ( #1306 ), #326, .T. ) ;
#1641 = ORIENTED_EDGE ( 'NONE', *, *, #17, .T. ) ;
#1642 = CARTESIAN_POINT ( 'NONE',  ( -34.64529042290990901, 0.000000000000000000, -50.65508619108273791 ) ) ;
#1643 = EDGE_CURVE ( 'NONE', #1212, #350, #2333, .T. ) ;
#1644 = CARTESIAN_POINT ( 'NONE',  ( -69.04298740812522794, -2.000000000000000000, -53.15505685206051112 ) ) ;
#1645 = ORIENTED_EDGE ( 'NONE', *, *, #1438, .T. ) ;
#1646 = DIRECTION ( 'NONE',  ( -7.252882527098619258E-15, 0.000000000000000000, -1.000000000000000000 ) ) ;
#1647 = DIRECTION ( 'NONE',  ( 0.000000000000000000, 0.000000000000000000, 1.000000000000000000 ) ) ;
#1648 = CARTESIAN_POINT ( 'NONE',  ( -34.64529042290990191, 0.000000000000000000, -0.000000000000000000 ) ) ;
#1649 = PLANE ( 'NONE',  #535 ) ;
#1650 = CARTESIAN_POINT ( 'NONE',  ( -77.70020855947120708, 0.000000000000000000, 48.42005930127555757 ) ) ;
#1651 = CARTESIAN_POINT ( 'NONE',  ( 4.770619643041935198, -2.000000000000000000, -33.31076601422216754 ) ) ;
#1652 = CARTESIAN_POINT ( 'NONE',  ( 0.000000000000000000, 2.000000000000000000, -53.91076601422216186 ) ) ;
#1653 = ADVANCED_FACE ( 'NONE', ( #1939 ), #140, .F. ) ;
#1654 = VECTOR ( 'NONE', #727, 1000.000000000000000 ) ;
#1655 = AXIS2_PLACEMENT_3D ( 'NONE', #274, #2054, #465 ) ;
#1656 = ORIENTED_EDGE ( 'NONE', *, *, #736, .T. ) ;
#1657 = CARTESIAN_POINT ( 'NONE',  ( 1.171350155577748202E-14, 4.000000000000000000, 41.18948090559994313 ) ) ;
#1658 = VECTOR ( 'NONE', #460, 1000.000000000000000 ) ;
#1659 = CARTESIAN_POINT ( 'NONE',  ( -77.69959293555079682, -2.000000000000000000, -48.42081599093117461 ) ) ;
#1660 = VECTOR ( 'NONE', #1615, 1000.000000000000000 ) ;
#1661 = ORIENTED_EDGE ( 'NONE', *, *, #28, .T. ) ;
#1662 = FACE_OUTER_BOUND ( 'NONE', #2571, .T. ) ;
#1663 = CARTESIAN_POINT ( 'NONE',  ( -76.77307481965229385, 0.5000000000000004441, -42.71051909440004835 ) ) ;
#1664 = DIRECTION ( 'NONE',  ( 1.110223024625156294E-16, -0.000000000000000000, 1.000000000000000000 ) ) ;
#1665 = AXIS2_PLACEMENT_3D ( 'NONE', #310, #1302, #851 ) ;
#1666 = CARTESIAN_POINT ( 'NONE',  ( -78.63447484788562747, 0.000000000000000000, 47.40113923388754102 ) ) ;
#1667 = CARTESIAN_POINT ( 'NONE',  ( -54.34529042290991896, 0.5000000000000004441, -42.71051909440004835 ) ) ;
#1668 = ORIENTED_EDGE ( 'NONE', *, *, #1438, .F. ) ;
#1669 = LOCAL_TIME ( 19, 55, 21.00000000000000000, #2034 ) ;
#1670 = EDGE_CURVE ( 'NONE', #1431, #1069, #2083, .T. ) ;
#1671 = CARTESIAN_POINT ( 'NONE',  ( -54.34529042290991896, 4.000000000000000000, 0.000000000000000000 ) ) ;
#1672 = DIRECTION ( 'NONE',  ( 1.000000000000000000, 0.000000000000000000, 0.000000000000000000 ) ) ;
#1673 = VERTEX_POINT ( 'NONE', #1877 ) ;
#1674 = CARTESIAN_POINT ( 'NONE',  ( 0.000000000000000000, 0.5000000000000143219, -40.15508619108273791 ) ) ;
#1675 = DIRECTION ( 'NONE',  ( -1.000000000000000000, 0.000000000000000000, 7.252882527098619258E-15 ) ) ;
#1676 = ORIENTED_EDGE ( 'NONE', *, *, #763, .F. ) ;
#1677 = CARTESIAN_POINT ( 'NONE',  ( -79.66215835163458792, -2.000000000000000000, -46.00359941159545230 ) ) ;
#1678 = ORIENTED_EDGE ( 'NONE', *, *, #2285, .F. ) ;
#1679 = DIRECTION ( 'NONE',  ( 0.000000000000000000, -1.000000000000000000, 0.000000000000000000 ) ) ;
#1680 = PERSON_AND_ORGANIZATION_ROLE ( 'creator' ) ;
#1681 = ORIENTED_EDGE ( 'NONE', *, *, #1415, .F. ) ;
#1682 = PLANE ( 'NONE',  #1992 ) ;
#1683 = CARTESIAN_POINT ( 'NONE',  ( 3.270619643041932978, 4.000000000000000000, -34.81076601422218175 ) ) ;
#1684 = FACE_OUTER_BOUND ( 'NONE', #2230, .T. ) ;
#1685 = ORIENTED_EDGE ( 'NONE', *, *, #2463, .T. ) ;
#1686 = DIRECTION ( 'NONE',  ( -0.000000000000000000, -1.000000000000000000, -0.000000000000000000 ) ) ;
#1687 = CARTESIAN_POINT ( 'NONE',  ( 5.995204332975846107E-15, -2.000000000000000000, 54.00000000000001421 ) ) ;
#1688 = ADVANCED_FACE ( 'NONE', ( #290 ), #1472, .F. ) ;
#1689 = ORIENTED_EDGE ( 'NONE', *, *, #2220, .T. ) ;
#1690 = DIRECTION ( 'NONE',  ( -1.000000000000000000, 0.000000000000000000, -4.192333745099719506E-17 ) ) ;
#1691 = EDGE_CURVE ( 'NONE', #2411, #2282, #2369, .T. ) ;
#1692 = CARTESIAN_POINT ( 'NONE',  ( -72.24395661443091399, 0.000000000000000000, 52.03065685242712846 ) ) ;
#1693 = CARTESIAN_POINT ( 'NONE',  ( -73.50627083540364026, -2.000000000000000000, -51.41427897112708223 ) ) ;
#1694 = CARTESIAN_POINT ( 'NONE',  ( -79.66215835163458792, 0.000000000000000000, -46.00359941159545230 ) ) ;
#1695 = EDGE_CURVE ( 'NONE', #174, #148, #73, .T. ) ;
#1696 = VECTOR ( 'NONE', #1636, 1000.000000000000000 ) ;
#1697 = ORIENTED_EDGE ( 'NONE', *, *, #444, .T. ) ;
#1698 = PLANE ( 'NONE',  #896 ) ;
#1699 = CARTESIAN_POINT ( 'NONE',  ( 0.000000000000000000, 4.000000000000000000, 0.000000000000000000 ) ) ;
#1700 = VECTOR ( 'NONE', #2361, 1000.000000000000000 ) ;
#1701 = EDGE_CURVE ( 'NONE', #2591, #2031, #1375, .T. ) ;
#1702 = CARTESIAN_POINT ( 'NONE',  ( 0.000000000000000000, 4.000000000000000000, -42.71051909440004835 ) ) ;
#1703 = CIRCLE ( 'NONE', #1144, 2.999999999999999112 ) ;
#1704 = CARTESIAN_POINT ( 'NONE',  ( -74.38632336355544794, 0.000000000000000000, 50.91602728947103174 ) ) ;
#1705 = AXIS2_PLACEMENT_3D ( 'NONE', #2525, #1738, #1953 ) ;
#1706 = CARTESIAN_POINT ( 'NONE',  ( -1.199040866595169221E-14, 0.000000000000000000, -54.00000000000000711 ) ) ;
#1707 = VECTOR ( 'NONE', #2410, 1000.000000000000000 ) ;
#1708 = VECTOR ( 'NONE', #185, 1000.000000000000000 ) ;
#1709 = DIRECTION ( 'NONE',  ( 8.270433735288711788E-17, 0.000000000000000000, 1.000000000000000000 ) ) ;
#1710 = VERTEX_POINT ( 'NONE', #1600 ) ;
#1711 = LINE ( 'NONE', #2493, #2077 ) ;
#1712 = CARTESIAN_POINT ( 'NONE',  ( 3.270619643041879243, 4.000000000000000000, 5.042680325669674347E-15 ) ) ;
#1713 = CARTESIAN_POINT ( 'NONE',  ( -46.74529042290991043, 4.000000000000000000, -25.69999999999998153 ) ) ;
#1714 = EDGE_CURVE ( 'NONE', #98, #1710, #223, .T. ) ;
#1715 = CARTESIAN_POINT ( 'NONE',  ( -69.06379555602119069, 0.000000000000000000, 53.14941915933922445 ) ) ;
#1716 = ORIENTED_EDGE ( 'NONE', *, *, #1964, .T. ) ;
#1717 = CARTESIAN_POINT ( 'NONE',  ( -34.02938035695807883, 4.000000000000000000, -40.15508619108273791 ) ) ;
#1718 = ADVANCED_FACE ( 'NONE', ( #88 ), #1891, .T. ) ;
#1719 = ORIENTED_EDGE ( 'NONE', *, *, #736, .F. ) ;
#1720 = ORIENTED_EDGE ( 'NONE', *, *, #1048, .F. ) ;
#1721 = DIRECTION ( 'NONE',  ( 1.000000000000000000, 0.000000000000000000, -0.000000000000000000 ) ) ;
#1722 = EDGE_CURVE ( 'NONE', #949, #2408, #1147, .T. ) ;
#1723 = EDGE_CURVE ( 'NONE', #1277, #1780, #2051, .T. ) ;
#1724 = VERTEX_POINT ( 'NONE', #1651 ) ;
#1725 = DIRECTION ( 'NONE',  ( -1.000000000000000000, 0.000000000000000000, 0.000000000000000000 ) ) ;
#1726 = CARTESIAN_POINT ( 'NONE',  ( -70.70921396366992440, -2.000000000000000000, 52.63839261905194888 ) ) ;
#1727 = VERTEX_POINT ( 'NONE', #259 ) ;
#1728 = CARTESIAN_POINT ( 'NONE',  ( -75.77706653885934429, 0.000000000000000000, -50.00896525519273439 ) ) ;
#1729 = CARTESIAN_POINT ( 'NONE',  ( -81.49999999999998579, 0.000000000000000000, -39.99999999999999289 ) ) ;
#1730 = DIRECTION ( 'NONE',  ( 1.000000000000000000, -0.000000000000000000, -2.843808977011158816E-16 ) ) ;
#1731 = ORIENTED_EDGE ( 'NONE', *, *, #20, .T. ) ;
#1732 = ORIENTED_EDGE ( 'NONE', *, *, #2195, .T. ) ;
#1733 = LINE ( 'NONE', #122, #1356 ) ;
#1734 = VECTOR ( 'NONE', #1466, 1000.000000000000000 ) ;
#1735 = ORIENTED_EDGE ( 'NONE', *, *, #1859, .F. ) ;
#1736 = CARTESIAN_POINT ( 'NONE',  ( -41.74529042290991043, 2.000000000000000000, -48.69999999999998153 ) ) ;
#1737 = VECTOR ( 'NONE', #467, 1000.000000000000000 ) ;
#1738 = DIRECTION ( 'NONE',  ( 1.000000000000000000, 0.000000000000000000, 0.000000000000000000 ) ) ;
#1739 = PLANE ( 'NONE',  #1572 ) ;
#1740 = AXIS2_PLACEMENT_3D ( 'NONE', #1216, #1172, #630 ) ;
#1741 = DIRECTION ( 'NONE',  ( 0.7071067811865573427, -0.7071067811865378028, 0.000000000000000000 ) ) ;
#1742 = ORIENTED_EDGE ( 'NONE', *, *, #2317, .T. ) ;
#1743 = DIRECTION ( 'NONE',  ( 0.000000000000000000, -0.7071067811865474617, 0.7071067811865474617 ) ) ;
#1744 = PLANE ( 'NONE',  #932 ) ;
#1745 = VECTOR ( 'NONE', #2437, 1000.000000000000000 ) ;
#1746 = APPLICATION_CONTEXT ( 'configuration controlled 3d designs of mechanical parts and assemblies' ) ;
#1747 = VERTEX_POINT ( 'NONE', #1226 ) ;
#1748 = ADVANCED_FACE ( 'NONE', ( #2063 ), #245, .T. ) ;
#1749 = AXIS2_PLACEMENT_3D ( 'NONE', #1246, #2290, #2495 ) ;
#1750 = ORIENTED_EDGE ( 'NONE', *, *, #401, .F. ) ;
#1751 = FACE_OUTER_BOUND ( 'NONE', #1116, .T. ) ;
#1752 = ORIENTED_EDGE ( 'NONE', *, *, #687, .T. ) ;
#1753 = CARTESIAN_POINT ( 'NONE',  ( 1.171350155577748202E-14, 0.5000000000000143219, 41.18948090559994313 ) ) ;
#1754 = CARTESIAN_POINT ( 'NONE',  ( -58.87307481965229528, 0.000000000000000000, -0.000000000000000000 ) ) ;
#1755 = VERTEX_POINT ( 'NONE', #1667 ) ;
#1756 = CARTESIAN_POINT ( 'NONE',  ( -52.37307481965228106, 4.000000000000000000, 41.18948090559995734 ) ) ;
#1757 = DIRECTION ( 'NONE',  ( 0.000000000000000000, 1.000000000000000000, 0.000000000000000000 ) ) ;
#1758 = VERTEX_POINT ( 'NONE', #2211 ) ;
#1759 = ORIENTED_EDGE ( 'NONE', *, *, #2475, .F. ) ;
#1760 = ORIENTED_EDGE ( 'NONE', *, *, #57, .T. ) ;
#1761 = DIRECTION ( 'NONE',  ( -1.000000000000000000, 0.000000000000000000, 2.220446049250313081E-16 ) ) ;
#1762 = ADVANCED_FACE ( 'NONE', ( #216 ), #999, .T. ) ;
#1763 = CARTESIAN_POINT ( 'NONE',  ( -81.50000000000001421, 0.000000000000000000, 40.00000000000001421 ) ) ;
#1764 = ORIENTED_EDGE ( 'NONE', *, *, #769, .T. ) ;
#1765 = CARTESIAN_POINT ( 'NONE',  ( -52.37307481965228106, 4.000000000000000000, 41.18948090559995734 ) ) ;
#1766 = EDGE_CURVE ( 'NONE', #1442, #456, #1587, .T. ) ;
#1767 = CARTESIAN_POINT ( 'NONE',  ( -45.74529042290991043, 2.000000000000000000, -30.69999999999998153 ) ) ;
#1768 = EDGE_CURVE ( 'NONE', #2137, #1414, #809, .T. ) ;
#1769 = VERTEX_POINT ( 'NONE', #2382 ) ;
#1770 = ORIENTED_EDGE ( 'NONE', *, *, #1423, .T. ) ;
#1771 = DIRECTION ( 'NONE',  ( 0.000000000000000000, 1.000000000000000000, 0.000000000000000000 ) ) ;
#1772 = ORIENTED_EDGE ( 'NONE', *, *, #1565, .F. ) ;
#1773 = CARTESIAN_POINT ( 'NONE',  ( 0.000000000000000000, 0.000000000000000000, -42.71051909440004835 ) ) ;
#1774 = DIRECTION ( 'NONE',  ( -0.000000000000000000, 0.000000000000000000, 1.000000000000000000 ) ) ;
#1775 = ORIENTED_EDGE ( 'NONE', *, *, #522, .T. ) ;
#1776 = DIRECTION ( 'NONE',  ( -1.000000000000000000, 0.000000000000000000, -0.000000000000000000 ) ) ;
#1777 = CARTESIAN_POINT ( 'NONE',  ( -77.27307481965227964, 0.000000000000000000, -43.21051909440003413 ) ) ;
#1778 = AXIS2_PLACEMENT_3D ( 'NONE', #458, #621, #2033 ) ;
#1779 = PLANE ( 'NONE',  #35 ) ;
#1780 = VERTEX_POINT ( 'NONE', #597 ) ;
#1781 = VECTOR ( 'NONE', #2593, 1000.000000000000000 ) ;
#1782 = VECTOR ( 'NONE', #1189, 1000.000000000000000 ) ;
#1783 = VECTOR ( 'NONE', #860, 1000.000000000000000 ) ;
#1784 = ORIENTED_EDGE ( 'NONE', *, *, #1449, .T. ) ;
#1785 = AXIS2_PLACEMENT_3D ( 'NONE', #349, #1741, #2541 ) ;
#1786 = VECTOR ( 'NONE', #214, 1000.000000000000000 ) ;
#1787 = EDGE_LOOP ( 'NONE', ( #1008, #2425, #398, #2170 ) ) ;
#1788 = CARTESIAN_POINT ( 'NONE',  ( -49.37307481965228817, -2.000000000000000000, -21.19999999999996376 ) ) ;
#1789 = ORIENTED_EDGE ( 'NONE', *, *, #2570, .F. ) ;
#1790 = CARTESIAN_POINT ( 'NONE',  ( -34.02938035695808594, 0.000000000000000000, -50.65508619108273791 ) ) ;
#1791 = CARTESIAN_POINT ( 'NONE',  ( -72.24395661443091399, -2.000000000000000000, 52.03065685242712846 ) ) ;
#1792 = CARTESIAN_POINT ( 'NONE',  ( 0.000000000000000000, 0.000000000000000000, -43.21051909440003413 ) ) ;
#1793 = EDGE_CURVE ( 'NONE', #2318, #1747, #1, .T. ) ;
#1794 = DIRECTION ( 'NONE',  ( 1.000000000000000000, 0.000000000000000000, -1.721809901713952306E-16 ) ) ;
#1795 = ADVANCED_FACE ( 'NONE', ( #2406 ), #2016, .T. ) ;
#1796 = VERTEX_POINT ( 'NONE', #1370 ) ;
#1797 = ORIENTED_EDGE ( 'NONE', *, *, #1859, .T. ) ;
#1798 = DIRECTION ( 'NONE',  ( 1.541811912124293705E-15, 0.000000000000000000, -1.000000000000000000 ) ) ;
#1799 = EDGE_CURVE ( 'NONE', #1493, #2282, #2182, .T. ) ;
#1800 = ADVANCED_FACE ( 'NONE', ( #410 ), #1200, .T. ) ;
#1801 = CARTESIAN_POINT ( 'NONE',  ( -34.64529042290990901, 4.000000000000000000, -51.15508619108273791 ) ) ;
#1802 = VERTEX_POINT ( 'NONE', #2558 ) ;
#1803 = PLANE ( 'NONE',  #280 ) ;
#1804 = LINE ( 'NONE', #2059, #1533 ) ;
#1805 = CARTESIAN_POINT ( 'NONE',  ( 1.286921014509858463E-14, 0.000000000000000000, 39.68948090559993602 ) ) ;
#1806 = DIRECTION ( 'NONE',  ( 0.000000000000000000, 0.000000000000000000, 1.000000000000000000 ) ) ;
#1807 = CARTESIAN_POINT ( 'NONE',  ( -34.02938035695807883, 0.5000000000000004441, -51.15508619108273791 ) ) ;
#1808 = UNCERTAINTY_MEASURE_WITH_UNIT (LENGTH_MEASURE( 1.000000000000000082E-05 ), #606, 'distance_accuracy_value', 'NONE');
#1809 = FACE_OUTER_BOUND ( 'NONE', #1447, .T. ) ;
#1810 = APPROVAL ( #1850, 'UNSPECIFIED' ) ;
#1811 = ORIENTED_EDGE ( 'NONE', *, *, #1143, .F. ) ;
#1812 = VERTEX_POINT ( 'NONE', #764 ) ;
#1813 = FACE_OUTER_BOUND ( 'NONE', #961, .T. ) ;
#1814 = CARTESIAN_POINT ( 'NONE',  ( -64.61890200291973940, 0.000000000000000000, 54.00029470047077496 ) ) ;
#1815 = ADVANCED_FACE ( 'NONE', ( #1359 ), #233, .F. ) ;
#1816 = EDGE_CURVE ( 'NONE', #1475, #148, #2478, .T. ) ;
#1817 = CARTESIAN_POINT ( 'NONE',  ( -76.62065128991200424, -2.000000000000000000, -49.37122408486720104 ) ) ;
#1818 = ORIENTED_EDGE ( 'NONE', *, *, #262, .T. ) ;
#1819 = DIRECTION ( 'NONE',  ( -1.000000000000000000, 0.000000000000000000, 0.000000000000000000 ) ) ;
#1820 = CARTESIAN_POINT ( 'NONE',  ( 3.270619643041932978, 0.000000000000000000, -34.81076601422218175 ) ) ;
#1821 = FACE_OUTER_BOUND ( 'NONE', #2271, .T. ) ;
#1822 = LINE ( 'NONE', #1581, #584 ) ;
#1823 = LINE ( 'NONE', #2268, #2535 ) ;
#1824 = AXIS2_PLACEMENT_3D ( 'NONE', #2498, #702, #1112 ) ;
#1825 = EDGE_CURVE ( 'NONE', #1780, #1984, #1826, .T. ) ;
#1826 = LINE ( 'NONE', #1532, #492 ) ;
#1827 = VECTOR ( 'NONE', #1912, 1000.000000000000000 ) ;
#1828 = AXIS2_PLACEMENT_3D ( 'NONE', #2215, #791, #2391 ) ;
#1829 = EDGE_LOOP ( 'NONE', ( #2320, #276, #2366, #2553 ) ) ;
#1830 = VERTEX_POINT ( 'NONE', #546 ) ;
#1831 = CARTESIAN_POINT ( 'NONE',  ( -53.87307481965228106, 0.000000000000000000, 4.620760821394601575E-15 ) ) ;
#1832 = AXIS2_PLACEMENT_3D ( 'NONE', #1699, #1430, #439 ) ;
#1833 = CC_DESIGN_SECURITY_CLASSIFICATION ( #539, ( #2589 ) ) ;
#1834 = CARTESIAN_POINT ( 'NONE',  ( -34.64529042290990191, 4.000000000000000000, -33.31076601422216754 ) ) ;
#1835 = EDGE_LOOP ( 'NONE', ( #173, #2330, #1097, #2057 ) ) ;
#1836 = LINE ( 'NONE', #1861, #1018 ) ;
#1837 = DIRECTION ( 'NONE',  ( 1.000000000000000000, 0.000000000000000000, -0.000000000000000000 ) ) ;
#1838 = LINE ( 'NONE', #1648, #649 ) ;
#1839 = CALENDAR_DATE ( 2026, 12, 3 ) ;
#1840 = CARTESIAN_POINT ( 'NONE',  ( 1.286921014509858463E-14, 4.000000000000000000, 39.68948090559993602 ) ) ;
#1841 = DIRECTION ( 'NONE',  ( -1.000000000000000000, 0.000000000000000000, 1.214390062501570411E-15 ) ) ;
#1842 = DIRECTION ( 'NONE',  ( 0.000000000000000000, 1.000000000000000000, 0.000000000000000000 ) ) ;
#1843 = PRODUCT ( 'Power System Mount V3', 'Power System Mount V3', '', ( #1424 ) ) ;
#1844 = ORIENTED_EDGE ( 'NONE', *, *, #1851, .T. ) ;
#1845 = LINE ( 'NONE', #844, #529 ) ;
#1846 = ORIENTED_EDGE ( 'NONE', *, *, #2531, .T. ) ;
#1847 = LINE ( 'NONE', #2022, #1913 ) ;
#1848 = CARTESIAN_POINT ( 'NONE',  ( -75.27307481965227964, 0.000000000000000000, -41.21051909440004124 ) ) ;
#1849 = LINE ( 'NONE', #240, #1949 ) ;
#1850 = APPROVAL_STATUS ( 'not_yet_approved' ) ;
#1851 = EDGE_CURVE ( 'NONE', #882, #1758, #1241, .T. ) ;
#1852 = CARTESIAN_POINT ( 'NONE',  ( 0.000000000000000000, 4.000000000000000000, -25.69999999999998153 ) ) ;
#1853 = DIRECTION ( 'NONE',  ( 0.000000000000000000, 0.000000000000000000, 1.000000000000000000 ) ) ;
#1854 = ORIENTED_EDGE ( 'NONE', *, *, #183, .F. ) ;
#1855 = CARTESIAN_POINT ( 'NONE',  ( -49.37307481965228817, -2.000000000000000000, -21.19999999999996376 ) ) ;
#1856 = CARTESIAN_POINT ( 'NONE',  ( -34.64529042290990901, 2.000000000000000000, -53.91076601422216896 ) ) ;
#1857 = ORIENTED_EDGE ( 'NONE', *, *, #2273, .F. ) ;
#1858 = CARTESIAN_POINT ( 'NONE',  ( -75.77706653885934429, -2.000000000000000000, -50.00896525519273439 ) ) ;
#1859 = EDGE_CURVE ( 'NONE', #1201, #1724, #1379, .T. ) ;
#1860 = ORIENTED_EDGE ( 'NONE', *, *, #1180, .T. ) ;
#1861 = CARTESIAN_POINT ( 'NONE',  ( -58.87307481965229528, 4.000000000000000000, 0.000000000000000000 ) ) ;
#1862 = DIRECTION ( 'NONE',  ( 1.000000000000000000, 0.000000000000000000, -1.110223024625156294E-16 ) ) ;
#1863 = PERSON_AND_ORGANIZATION ( #2172, #1110 ) ;
#1864 = DIRECTION ( 'NONE',  ( 0.000000000000000000, 1.000000000000000000, 0.000000000000000000 ) ) ;
#1865 = EDGE_LOOP ( 'NONE', ( #1973, #2108, #2053, #2165, #2452, #1086, #1566, #2199 ) ) ;
#1866 = CARTESIAN_POINT ( 'NONE',  ( -58.37307481965229528, 0.000000000000000000, 41.68948090559994313 ) ) ;
#1867 = CARTESIAN_POINT ( 'NONE',  ( 4.770619643041935198, -2.000000000000000000, -33.31076601422216754 ) ) ;
#1868 = CARTESIAN_POINT ( 'NONE',  ( 4.770619643041934310, 19.32754309554137606, -21.32754309554137606 ) ) ;
#1869 = PLANE ( 'NONE',  #2415 ) ;
#1870 = AXIS2_PLACEMENT_3D ( 'NONE', #825, #2058, #836 ) ;
#1871 = VECTOR ( 'NONE', #2283, 1000.000000000000000 ) ;
#1872 = ORIENTED_EDGE ( 'NONE', *, *, #2152, .F. ) ;
#1873 = DIRECTION ( 'NONE',  ( 0.000000000000000000, 1.000000000000000000, 0.000000000000000000 ) ) ;
#1874 = DIRECTION ( 'NONE',  ( 0.000000000000000000, 0.000000000000000000, 1.000000000000000000 ) ) ;
#1875 = ADVANCED_FACE ( 'NONE', ( #945 ), #625, .T. ) ;
#1876 = VECTOR ( 'NONE', #1580, 1000.000000000000000 ) ;
#1877 = CARTESIAN_POINT ( 'NONE',  ( -40.74529042290991043, 4.000000000000000000, -25.69999999999998153 ) ) ;
#1878 = ORIENTED_EDGE ( 'NONE', *, *, #1987, .F. ) ;
#1879 = CARTESIAN_POINT ( 'NONE',  ( -78.63526213086399252, -2.000000000000000000, -47.40033677362624331 ) ) ;
#1880 = AXIS2_PLACEMENT_3D ( 'NONE', #2251, #837, #1647 ) ;
#1881 = PERSON_AND_ORGANIZATION_ROLE ( 'classification_officer' ) ;
#1882 = CARTESIAN_POINT ( 'NONE',  ( -80.54933313011208895, -2.000000000000000000, -44.39850171451900707 ) ) ;
#1883 = CARTESIAN_POINT ( 'NONE',  ( -81.49999999999998579, -2.000000000000000000, -39.99999999999999289 ) ) ;
#1884 = ADVANCED_FACE ( 'NONE', ( #1813 ), #607, .T. ) ;
#1885 = CARTESIAN_POINT ( 'NONE',  ( -45.74529042290991043, 0.000000000000000000, -0.000000000000000000 ) ) ;
#1886 = LINE ( 'NONE', #683, #2301 ) ;
#1887 = EDGE_CURVE ( 'NONE', #750, #1212, #2323, .T. ) ;
#1888 = EDGE_CURVE ( 'NONE', #852, #1984, #1074, .T. ) ;
#1889 = ORIENTED_EDGE ( 'NONE', *, *, #658, .T. ) ;
#1890 = LINE ( 'NONE', #1483, #1071 ) ;
#1891 = PLANE ( 'NONE',  #361 ) ;
#1892 = VERTEX_POINT ( 'NONE', #2124 ) ;
#1893 = DIRECTION ( 'NONE',  ( 0.000000000000000000, 0.000000000000000000, -1.000000000000000000 ) ) ;
#1894 = EDGE_CURVE ( 'NONE', #1376, #1282, #1114, .T. ) ;
#1895 = CARTESIAN_POINT ( 'NONE',  ( -70.70921396366992440, 0.000000000000000000, 52.63839261905194888 ) ) ;
#1896 = ORIENTED_EDGE ( 'NONE', *, *, #411, .T. ) ;
#1897 = LINE ( 'NONE', #118, #696 ) ;
#1898 = ADVANCED_FACE ( 'NONE', ( #923 ), #1739, .F. ) ;
#1899 = EDGE_LOOP ( 'NONE', ( #313, #1317, #134, #1388, #989, #756, #975, #953 ) ) ;
#1900 = CARTESIAN_POINT ( 'NONE',  ( -34.64529042290990191, 2.000000000000000000, -51.41076601422216186 ) ) ;
#1901 = CARTESIAN_POINT ( 'NONE',  ( -31.94529042290990972, 0.000000000000000000, -33.31076601422216044 ) ) ;
#1902 = ORIENTED_EDGE ( 'NONE', *, *, #570, .F. ) ;
#1903 = ORIENTED_EDGE ( 'NONE', *, *, #295, .T. ) ;
#1904 = FACE_OUTER_BOUND ( 'NONE', #2216, .T. ) ;
#1905 = DIRECTION ( 'NONE',  ( 0.000000000000000000, 0.000000000000000000, 1.000000000000000000 ) ) ;
#1906 = EDGE_LOOP ( 'NONE', ( #613, #717, #478, #1373 ) ) ;
#1907 = CARTESIAN_POINT ( 'NONE',  ( -80.54933313011208895, -2.000000000000000000, -44.39850171451900707 ) ) ;
#1908 = PLANE ( 'NONE',  #157 ) ;
#1909 = CARTESIAN_POINT ( 'NONE',  ( -50.34529042290991896, 2.000000000000000000, 0.000000000000000000 ) ) ;
#1910 = CARTESIAN_POINT ( 'NONE',  ( -49.37307481965228817, -2.000000000000000000, -24.19999999999996376 ) ) ;
#1911 = ORIENTED_EDGE ( 'NONE', *, *, #1691, .F. ) ;
#1912 = DIRECTION ( 'NONE',  ( -0.000000000000000000, -1.000000000000000000, -0.000000000000000000 ) ) ;
#1913 = VECTOR ( 'NONE', #1819, 1000.000000000000000 ) ;
#1914 = ORIENTED_EDGE ( 'NONE', *, *, #2001, .T. ) ;
#1915 = VECTOR ( 'NONE', #472, 1000.000000000000000 ) ;
#1916 = CARTESIAN_POINT ( 'NONE',  ( -58.87307481965229528, 0.000000000000000000, -41.21051909440004124 ) ) ;
#1917 = CARTESIAN_POINT ( 'NONE',  ( -72.24395661443091399, -2.000000000000000000, 52.03065685242712846 ) ) ;
#1918 = VECTOR ( 'NONE', #648, 1000.000000000000000 ) ;
#1919 = DIRECTION ( 'NONE',  ( -1.000000000000000000, 0.000000000000000000, 0.000000000000000000 ) ) ;
#1920 = VECTOR ( 'NONE', #362, 1000.000000000000000 ) ;
#1921 = VECTOR ( 'NONE', #198, 1000.000000000000000 ) ;
#1922 = ADVANCED_FACE ( 'NONE', ( #2577 ), #208, .F. ) ;
#1923 = VERTEX_POINT ( 'NONE', #1986 ) ;
#1924 = LINE ( 'NONE', #2599, #974 ) ;
#1925 = ORIENTED_EDGE ( 'NONE', *, *, #1398, .T. ) ;
#1926 = ORIENTED_EDGE ( 'NONE', *, *, #797, .T. ) ;
#1927 = CARTESIAN_POINT ( 'NONE',  ( -53.87307481965228106, 4.000000000000000000, 41.18948090559995734 ) ) ;
#1928 = CARTESIAN_POINT ( 'NONE',  ( -6.475823380333168071E-15, 4.000000000000000000, -34.81076601422218175 ) ) ;
#1929 = LINE ( 'NONE', #716, #1453 ) ;
#1930 = ORIENTED_EDGE ( 'NONE', *, *, #1372, .F. ) ;
#1931 = CARTESIAN_POINT ( 'NONE',  ( -69.04298740812522794, -2.000000000000000000, -53.15505685206051112 ) ) ;
#1932 = CARTESIAN_POINT ( 'NONE',  ( -52.37307481965228106, 4.000000000000000000, -31.69999999999997087 ) ) ;
#1933 = EDGE_CURVE ( 'NONE', #1629, #265, #2158, .T. ) ;
#1934 = VERTEX_POINT ( 'NONE', #951 ) ;
#1935 = ORIENTED_EDGE ( 'NONE', *, *, #1461, .F. ) ;
#1936 = DIRECTION ( 'NONE',  ( -1.000000000000000000, 0.000000000000000000, 8.577124726708563381E-17 ) ) ;
#1937 = ORIENTED_EDGE ( 'NONE', *, *, #1768, .F. ) ;
#1938 = LINE ( 'NONE', #2344, #188 ) ;
#1939 = FACE_OUTER_BOUND ( 'NONE', #2364, .T. ) ;
#1940 = EDGE_CURVE ( 'NONE', #80, #464, #770, .T. ) ;
#1941 = CARTESIAN_POINT ( 'NONE',  ( 0.000000000000000000, 0.000000000000000000, -52.41076601422216896 ) ) ;
#1942 = ORIENTED_EDGE ( 'NONE', *, *, #608, .T. ) ;
#1943 = LINE ( 'NONE', #582, #1617 ) ;
#1944 = CARTESIAN_POINT ( 'NONE',  ( -34.02938035695807173, 4.000000000000000000, -34.81076601422217465 ) ) ;
#1945 = LINE ( 'NONE', #353, #2043 ) ;
#1946 = ORIENTED_EDGE ( 'NONE', *, *, #477, .F. ) ;
#1947 = ORIENTED_EDGE ( 'NONE', *, *, #549, .T. ) ;
#1948 = DIRECTION ( 'NONE',  ( 0.000000000000000000, 1.000000000000000000, -0.000000000000000000 ) ) ;
#1949 = VECTOR ( 'NONE', #1239, 1000.000000000000000 ) ;
#1950 = ORIENTED_EDGE ( 'NONE', *, *, #1670, .F. ) ;
#1951 = ADVANCED_FACE ( 'NONE', ( #375 ), #1162, .F. ) ;
#1952 = AXIS2_PLACEMENT_3D ( 'NONE', #1194, #2401, #1389 ) ;
#1953 = DIRECTION ( 'NONE',  ( 0.000000000000000000, 0.000000000000000000, -1.000000000000000000 ) ) ;
#1954 = VECTOR ( 'NONE', #494, 1000.000000000000000 ) ;
#1955 = DIRECTION ( 'NONE',  ( 0.000000000000000000, 0.000000000000000000, -1.000000000000000000 ) ) ;
#1956 = VERTEX_POINT ( 'NONE', #1576 ) ;
#1957 = CARTESIAN_POINT ( 'NONE',  ( -34.02938035695807883, 0.5000000000000364153, -40.15508619108271660 ) ) ;
#1958 = CARTESIAN_POINT ( 'NONE',  ( -34.02938035695836305, 4.000000000000000000, -1.880465510087428131E-13 ) ) ;
#1959 = ORIENTED_EDGE ( 'NONE', *, *, #2514, .T. ) ;
#1960 = EDGE_CURVE ( 'NONE', #1201, #2006, #2188, .T. ) ;
#1961 = VECTOR ( 'NONE', #1261, 1000.000000000000000 ) ;
#1962 = EDGE_CURVE ( 'NONE', #1923, #805, #193, .T. ) ;
#1963 = ORIENTED_EDGE ( 'NONE', *, *, #1851, .F. ) ;
#1964 = EDGE_CURVE ( 'NONE', #429, #1141, #1463, .T. ) ;
#1965 = ORIENTED_EDGE ( 'NONE', *, *, #371, .T. ) ;
#1966 = ORIENTED_EDGE ( 'NONE', *, *, #2405, .T. ) ;
#1967 = DIRECTION ( 'NONE',  ( 0.000000000000000000, -0.000000000000000000, 1.000000000000000000 ) ) ;
#1968 = DIRECTION ( 'NONE',  ( 0.000000000000000000, 1.000000000000000000, -0.000000000000000000 ) ) ;
#1969 = DIRECTION ( 'NONE',  ( 0.000000000000000000, 0.000000000000000000, 1.000000000000000000 ) ) ;
#1970 = ORIENTED_EDGE ( 'NONE', *, *, #907, .T. ) ;
#1971 = ORIENTED_EDGE ( 'NONE', *, *, #6, .T. ) ;
#1972 = EDGE_CURVE ( 'NONE', #1724, #1017, #2450, .T. ) ;
#1973 = ORIENTED_EDGE ( 'NONE', *, *, #2350, .F. ) ;
#1974 = LINE ( 'NONE', #178, #2502 ) ;
#1975 = DIRECTION ( 'NONE',  ( -1.000000000000000000, 0.000000000000000000, 0.000000000000000000 ) ) ;
#1976 = CARTESIAN_POINT ( 'NONE',  ( -41.74529042290991043, 2.000000000000000000, 0.000000000000000000 ) ) ;
#1977 = ORIENTED_EDGE ( 'NONE', *, *, #2125, .F. ) ;
#1978 = LINE ( 'NONE', #2337, #149 ) ;
#1979 = CARTESIAN_POINT ( 'NONE',  ( -76.62316386909455446, -2.000000000000000000, 49.36918451133791308 ) ) ;
#1980 = LINE ( 'NONE', #801, #451 ) ;
#1981 = DIRECTION ( 'NONE',  ( 0.000000000000000000, 1.000000000000000000, -0.000000000000000000 ) ) ;
#1982 = ORIENTED_EDGE ( 'NONE', *, *, #2146, .F. ) ;
#1983 = EDGE_CURVE ( 'NONE', #778, #1555, #1625, .T. ) ;
#1984 = VERTEX_POINT ( 'NONE', #575 ) ;
#1985 = CARTESIAN_POINT ( 'NONE',  ( -41.74529042290991043, 2.000000000000000000, -30.69999999999998153 ) ) ;
#1986 = CARTESIAN_POINT ( 'NONE',  ( -58.87307481965228106, 4.000000000000000000, 39.68948090559995734 ) ) ;
#1987 = EDGE_CURVE ( 'NONE', #2153, #988, #1419, .T. ) ;
#1988 = LINE ( 'NONE', #1163, #1707 ) ;
#1989 = VERTEX_POINT ( 'NONE', #2233 ) ;
#1990 = CARTESIAN_POINT ( 'NONE',  ( -52.84529042290991896, 0.000000000000000000, -51.41076601422216186 ) ) ;
#1991 = CARTESIAN_POINT ( 'NONE',  ( -80.10505384680583063, -2.000000000000000000, 45.26921742754029054 ) ) ;
#1992 = AXIS2_PLACEMENT_3D ( 'NONE', #681, #2113, #1776 ) ;
#1993 = DIRECTION ( 'NONE',  ( 0.000000000000000000, 1.000000000000000000, 0.000000000000000000 ) ) ;
#1994 = VECTOR ( 'NONE', #1520, 1000.000000000000000 ) ;
#1995 = ORIENTED_EDGE ( 'NONE', *, *, #57, .F. ) ;
#1996 = PLANE ( 'NONE',  #1149 ) ;
#1997 = CARTESIAN_POINT ( 'NONE',  ( 4.770619643041933422, -2.000000000000000000, 2.000002971456027508E-16 ) ) ;
#1998 = FACE_BOUND ( 'NONE', #1899, .T. ) ;
#1999 = AXIS2_PLACEMENT_3D ( 'NONE', #1480, #1327, #2090 ) ;
#2000 = VECTOR ( 'NONE', #2434, 1000.000000000000114 ) ;
#2001 = EDGE_CURVE ( 'NONE', #523, #164, #1220, .T. ) ;
#2002 = ORIENTED_EDGE ( 'NONE', *, *, #758, .T. ) ;
#2003 = EDGE_CURVE ( 'NONE', #911, #2017, #1039, .T. ) ;
#2004 = VECTOR ( 'NONE', #473, 1000.000000000000000 ) ;
#2005 = CC_DESIGN_APPROVAL ( #720, ( #1369 ) ) ;
#2006 = VERTEX_POINT ( 'NONE', #668 ) ;
#2007 = DIRECTION ( 'NONE',  ( 1.000000000000000000, 0.000000000000000000, 0.000000000000000000 ) ) ;
#2008 = EDGE_LOOP ( 'NONE', ( #503, #1965, #1090, #937 ) ) ;
#2009 = FACE_OUTER_BOUND ( 'NONE', #3, .T. ) ;
#2010 = DIRECTION ( 'NONE',  ( 1.000000000000000000, -0.000000000000000000, 0.000000000000000000 ) ) ;
#2011 = CARTESIAN_POINT ( 'NONE',  ( -46.74529042290991043, 0.5000000000000004441, 0.000000000000000000 ) ) ;
#2012 = CARTESIAN_POINT ( 'NONE',  ( -45.74529042290991043, 0.000000000000000000, -30.69999999999998153 ) ) ;
#2013 = LINE ( 'NONE', #1807, #2335 ) ;
#2014 = PRODUCT_DEFINITION_SHAPE ( 'NONE', 'NONE',  #1369 ) ;
#2015 = FACE_OUTER_BOUND ( 'NONE', #2423, .T. ) ;
#2016 = CYLINDRICAL_SURFACE ( 'NONE', #1828, 2.999999999999999112 ) ;
#2017 = VERTEX_POINT ( 'NONE', #1503 ) ;
#2018 = VERTEX_POINT ( 'NONE', #553 ) ;
#2019 = FACE_OUTER_BOUND ( 'NONE', #187, .T. ) ;
#2020 = DIRECTION ( 'NONE',  ( 1.000000000000000000, -0.000000000000000000, 5.526005734932251062E-15 ) ) ;
#2021 = ORIENTED_EDGE ( 'NONE', *, *, #1490, .T. ) ;
#2022 = CARTESIAN_POINT ( 'NONE',  ( 0.000000000000000000, 4.000000000000000000, -41.21051909440004124 ) ) ;
#2023 = CARTESIAN_POINT ( 'NONE',  ( 0.000000000000000000, 4.000000000000000000, -40.15508619108273791 ) ) ;
#2024 = CARTESIAN_POINT ( 'NONE',  ( -1.988110510413048144E-14, 4.000000000000000000, -53.91076601422218317 ) ) ;
#2025 = LINE ( 'NONE', #968, #1708 ) ;
#2026 = EDGE_CURVE ( 'NONE', #1549, #1280, #904, .T. ) ;
#2027 = CARTESIAN_POINT ( 'NONE',  ( -79.23030715850369177, -2.000000000000000000, 46.63057415862235899 ) ) ;
#2028 = CARTESIAN_POINT ( 'NONE',  ( -34.02938035695807883, 0.5000000000000004441, -51.15508619108273791 ) ) ;
#2029 = ORIENTED_EDGE ( 'NONE', *, *, #1614, .T. ) ;
#2030 = LINE ( 'NONE', #237, #153 ) ;
#2031 = VERTEX_POINT ( 'NONE', #2111 ) ;
#2032 = DIRECTION ( 'NONE',  ( 1.000000000000000000, 0.000000000000000000, -1.298367925999405132E-15 ) ) ;
#2033 = DIRECTION ( 'NONE',  ( -1.000000000000000000, 0.000000000000000000, -0.000000000000000000 ) ) ;
#2034 = COORDINATED_UNIVERSAL_TIME_OFFSET ( 5, 0, .BEHIND. ) ;
#2035 = CARTESIAN_POINT ( 'NONE',  ( -75.78131196643016665, 0.000000000000000000, 50.00594953844024104 ) ) ;
#2036 = FACE_OUTER_BOUND ( 'NONE', #359, .T. ) ;
#2037 = VECTOR ( 'NONE', #786, 1000.000000000000000 ) ;
#2038 = VECTOR ( 'NONE', #1499, 1000.000000000000000 ) ;
#2039 = EDGE_CURVE ( 'NONE', #882, #1934, #1929, .T. ) ;
#2040 = VECTOR ( 'NONE', #2240, 1000.000000000000000 ) ;
#2041 = ORIENTED_EDGE ( 'NONE', *, *, #1404, .F. ) ;
#2042 = LINE ( 'NONE', #2259, #1782 ) ;
#2043 = VECTOR ( 'NONE', #147, 1000.000000000000000 ) ;
#2044 = ADVANCED_FACE ( 'NONE', ( #1525 ), #143, .F. ) ;
#2045 = VECTOR ( 'NONE', #1601, 1000.000000000000000 ) ;
#2046 = ORIENTED_EDGE ( 'NONE', *, *, #645, .T. ) ;
#2047 = FACE_OUTER_BOUND ( 'NONE', #1554, .T. ) ;
#2048 = PLANE ( 'NONE',  #1880 ) ;
#2049 = DIRECTION ( 'NONE',  ( 1.000000000000000000, 0.000000000000000000, -3.242473786872536307E-16 ) ) ;
#2050 = DATE_AND_TIME ( #45, #1669 ) ;
#2051 = LINE ( 'NONE', #656, #2040 ) ;
#2052 = LINE ( 'NONE', #1058, #2578 ) ;
#2053 = ORIENTED_EDGE ( 'NONE', *, *, #1894, .F. ) ;
#2054 = DIRECTION ( 'NONE',  ( -1.000000000000000000, 0.000000000000000000, -3.469446951953614189E-16 ) ) ;
#2055 = EDGE_LOOP ( 'NONE', ( #2180, #665, #869, #1003, #2556 ) ) ;
#2056 = CARTESIAN_POINT ( 'NONE',  ( -52.37307481965228106, -2.000000000000000000, 51.00000000000000711 ) ) ;
#2057 = ORIENTED_EDGE ( 'NONE', *, *, #371, .F. ) ;
#2058 = DIRECTION ( 'NONE',  ( 0.000000000000000000, -0.000000000000000000, 1.000000000000000000 ) ) ;
#2059 = CARTESIAN_POINT ( 'NONE',  ( -5.735480675696435341E-15, 0.000000000000000000, -33.31076601422217465 ) ) ;
#2060 = LINE ( 'NONE', #24, #482 ) ;
#2061 = PERSON_AND_ORGANIZATION ( #2172, #1110 ) ;
#2062 = CARTESIAN_POINT ( 'NONE',  ( -75.04672654840710777, 0.000000000000000000, 50.50680036477715618 ) ) ;
#2063 = FACE_OUTER_BOUND ( 'NONE', #1049, .T. ) ;
#2064 = PLANE ( 'NONE',  #779 ) ;
#2065 = ORIENTED_EDGE ( 'NONE', *, *, #93, .T. ) ;
#2066 = FACE_OUTER_BOUND ( 'NONE', #1906, .T. ) ;
#2067 = ADVANCED_FACE ( 'NONE', ( #729 ), #541, .F. ) ;
#2068 = ORIENTED_EDGE ( 'NONE', *, *, #474, .T. ) ;
#2069 = ORIENTED_EDGE ( 'NONE', *, *, #2532, .F. ) ;
#2070 = DIRECTION ( 'NONE',  ( 0.000000000000000000, 1.000000000000000000, -0.000000000000000000 ) ) ;
#2071 = PERSON_AND_ORGANIZATION_ROLE ( 'design_supplier' ) ;
#2072 = ADVANCED_FACE ( 'NONE', ( #744 ), #1137, .T. ) ;
#2073 = CARTESIAN_POINT ( 'NONE',  ( -81.50224334381871927, -2.000000000000000000, -41.17384543370265249 ) ) ;
#2074 = DIRECTION ( 'NONE',  ( -0.000000000000000000, 0.000000000000000000, -1.000000000000000000 ) ) ;
#2075 = VECTOR ( 'NONE', #256, 1000.000000000000000 ) ;
#2076 = VECTOR ( 'NONE', #2375, 1000.000000000000114 ) ;
#2077 = VECTOR ( 'NONE', #77, 1000.000000000000000 ) ;
#2078 = ORIENTED_EDGE ( 'NONE', *, *, #1983, .T. ) ;
#2079 = CARTESIAN_POINT ( 'NONE',  ( -58.87307481965228106, 4.000000000000000000, 39.68948090559995734 ) ) ;
#2080 = EDGE_CURVE ( 'NONE', #332, #662, #939, .T. ) ;
#2081 = CARTESIAN_POINT ( 'NONE',  ( -53.87307481965228106, 4.000000000000000000, -31.69999999999997087 ) ) ;
#2082 = VECTOR ( 'NONE', #40, 1000.000000000000000 ) ;
#2083 = LINE ( 'NONE', #1260, #1491 ) ;
#2084 = AXIS2_PLACEMENT_3D ( 'NONE', #1387, #180, #2373 ) ;
#2085 = ORIENTED_EDGE ( 'NONE', *, *, #137, .F. ) ;
#2086 = LINE ( 'NONE', #1702, #107 ) ;
#2087 = DATE_AND_TIME ( #1839, #1191 ) ;
#2088 = AXIS2_PLACEMENT_3D ( 'NONE', #2097, #2456, #491 ) ;
#2089 = EDGE_CURVE ( 'NONE', #2447, #845, #2564, .T. ) ;
#2090 = DIRECTION ( 'NONE',  ( -1.000000000000000000, 0.000000000000000000, 2.843808977011158816E-16 ) ) ;
#2091 = ORIENTED_EDGE ( 'NONE', *, *, #599, .F. ) ;
#2092 = DIRECTION ( 'NONE',  ( -1.000000000000000000, 0.000000000000000000, 0.000000000000000000 ) ) ;
#2093 = PLANE ( 'NONE',  #1832 ) ;
#2094 = ORIENTED_EDGE ( 'NONE', *, *, #1247, .F. ) ;
#2095 = DIRECTION ( 'NONE',  ( 0.000000000000000000, 0.000000000000000000, 1.000000000000000000 ) ) ;
#2096 = CARTESIAN_POINT ( 'NONE',  ( 0.000000000000000000, 4.000000000000000000, -31.69999999999997087 ) ) ;
#2097 = CARTESIAN_POINT ( 'NONE',  ( -6.295359990134405141E-15, -2.000000000000000000, -33.31076601422216754 ) ) ;
#2098 = CARTESIAN_POINT ( 'NONE',  ( -81.49999999999998579, -2.000000000000000000, -39.99999999999999289 ) ) ;
#2099 = DIRECTION ( 'NONE',  ( 0.000000000000000000, 1.000000000000000000, 0.000000000000000000 ) ) ;
#2100 = ORIENTED_EDGE ( 'NONE', *, *, #60, .F. ) ;
#2101 = DIRECTION ( 'NONE',  ( 0.000000000000000000, 0.000000000000000000, 1.000000000000000000 ) ) ;
#2102 = EDGE_CURVE ( 'NONE', #988, #554, #2302, .T. ) ;
#2103 = FACE_OUTER_BOUND ( 'NONE', #1321, .T. ) ;
#2104 = ORIENTED_EDGE ( 'NONE', *, *, #1082, .T. ) ;
#2105 = DIRECTION ( 'NONE',  ( -1.214390062501570411E-15, 0.000000000000000000, -1.000000000000000000 ) ) ;
#2106 = VERTEX_POINT ( 'NONE', #210 ) ;
#2107 = CARTESIAN_POINT ( 'NONE',  ( -41.74529042290991043, 2.000000000000000000, -30.69999999999998153 ) ) ;
#2108 = ORIENTED_EDGE ( 'NONE', *, *, #797, .F. ) ;
#2109 = LINE ( 'NONE', #2096, #1230 ) ;
#2110 = EDGE_CURVE ( 'NONE', #2315, #2408, #1988, .T. ) ;
#2111 = CARTESIAN_POINT ( 'NONE',  ( -58.87307481965228106, 0.5000000000000004441, 41.18948090559995734 ) ) ;
#2112 = ORIENTED_EDGE ( 'NONE', *, *, #752, .T. ) ;
#2113 = DIRECTION ( 'NONE',  ( 0.000000000000000000, 0.000000000000000000, -1.000000000000000000 ) ) ;
#2114 = CARTESIAN_POINT ( 'NONE',  ( -69.04298740812522794, 0.000000000000000000, -53.15505685206051112 ) ) ;
#2115 = ADVANCED_FACE ( 'NONE', ( #2160 ), #981, .T. ) ;
#2116 = CARTESIAN_POINT ( 'NONE',  ( 0.000000000000000000, 4.000000000000000000, -25.69999999999998153 ) ) ;
#2117 = VECTOR ( 'NONE', #1030, 1000.000000000000000 ) ;
#2118 = ORIENTED_EDGE ( 'NONE', *, *, #1254, .F. ) ;
#2119 = DIRECTION ( 'NONE',  ( 0.5773502691896205130, -0.5773502691896363892, 0.5773502691896202910 ) ) ;
#2120 = VECTOR ( 'NONE', #690, 1000.000000000000000 ) ;
#2121 = ORIENTED_EDGE ( 'NONE', *, *, #1766, .F. ) ;
#2122 = AXIS2_PLACEMENT_3D ( 'NONE', #2516, #2105, #2272 ) ;
#2123 = EDGE_CURVE ( 'NONE', #1141, #714, #364, .T. ) ;
#2124 = CARTESIAN_POINT ( 'NONE',  ( -37.14529042290990191, 0.000000000000000000, -53.91076601422216186 ) ) ;
#2125 = EDGE_CURVE ( 'NONE', #573, #2411, #2202, .T. ) ;
#2126 = VECTOR ( 'NONE', #2101, 1000.000000000000000 ) ;
#2127 = CARTESIAN_POINT ( 'NONE',  ( -74.37936063857178226, 0.000000000000000000, -50.92022590584644348 ) ) ;
#2128 = CARTESIAN_POINT ( 'NONE',  ( -64.61266391560803868, 0.000000000000000000, -54.00037041766562140 ) ) ;
#2129 = VECTOR ( 'NONE', #1559, 1000.000000000000000 ) ;
#2130 = VERTEX_POINT ( 'NONE', #2579 ) ;
#2131 = LOCAL_TIME ( 19, 55, 21.00000000000000000, #1053 ) ;
#2132 = ORIENTED_EDGE ( 'NONE', *, *, #131, .F. ) ;
#2133 = CARTESIAN_POINT ( 'NONE',  ( -75.27307481965227964, 4.000000000000000000, 0.000000000000000000 ) ) ;
#2134 = EDGE_CURVE ( 'NONE', #1639, #573, #784, .T. ) ;
#2135 = ORIENTED_EDGE ( 'NONE', *, *, #319, .T. ) ;
#2136 = LINE ( 'NONE', #2187, #2418 ) ;
#2137 = VERTEX_POINT ( 'NONE', #2552 ) ;
#2138 = FACE_OUTER_BOUND ( 'NONE', #646, .T. ) ;
#2139 = LINE ( 'NONE', #506, #1145 ) ;
#2140 = ORIENTED_EDGE ( 'NONE', *, *, #2181, .F. ) ;
#2141 = EDGE_CURVE ( 'NONE', #1755, #545, #1577, .T. ) ;
#2142 = ORIENTED_EDGE ( 'NONE', *, *, #1286, .T. ) ;
#2143 = DIRECTION ( 'NONE',  ( 0.000000000000000000, 1.000000000000000000, 0.000000000000000000 ) ) ;
#2144 = ORIENTED_EDGE ( 'NONE', *, *, #215, .F. ) ;
#2145 = DIRECTION ( 'NONE',  ( -0.000000000000000000, -1.000000000000000000, -0.000000000000000000 ) ) ;
#2146 = EDGE_CURVE ( 'NONE', #927, #2585, #991, .T. ) ;
#2147 = VERTEX_POINT ( 'NONE', #1856 ) ;
#2148 = LINE ( 'NONE', #2581, #2037 ) ;
#2149 = LINE ( 'NONE', #1767, #1397 ) ;
#2150 = EDGE_CURVE ( 'NONE', #1830, #2591, #454, .T. ) ;
#2151 = ORIENTED_EDGE ( 'NONE', *, *, #863, .T. ) ;
#2152 = EDGE_CURVE ( 'NONE', #1017, #1475, #159, .T. ) ;
#2153 = VERTEX_POINT ( 'NONE', #1047 ) ;
#2154 = ADVANCED_FACE ( 'NONE', ( #891 ), #2093, .T. ) ;
#2155 = ORIENTED_EDGE ( 'NONE', *, *, #15, .F. ) ;
#2156 = DIRECTION ( 'NONE',  ( -0.000000000000000000, -1.000000000000000000, -0.000000000000000000 ) ) ;
#2157 = VECTOR ( 'NONE', #2595, 1000.000000000000000 ) ;
#2158 = LINE ( 'NONE', #158, #1920 ) ;
#2159 = VECTOR ( 'NONE', #260, 1000.000000000000000 ) ;
#2160 = FACE_OUTER_BOUND ( 'NONE', #1391, .T. ) ;
#2161 = EDGE_LOOP ( 'NONE', ( #739, #200, #1789, #250 ) ) ;
#2162 = LINE ( 'NONE', #1127, #485 ) ;
#2163 = LINE ( 'NONE', #566, #1358 ) ;
#2164 = VECTOR ( 'NONE', #1390, 1000.000000000000000 ) ;
#2165 = ORIENTED_EDGE ( 'NONE', *, *, #2514, .F. ) ;
#2166 = EDGE_CURVE ( 'NONE', #1045, #2318, #61, .T. ) ;
#2167 = VECTOR ( 'NONE', #664, 1000.000000000000000 ) ;
#2168 = ORIENTED_EDGE ( 'NONE', *, *, #1972, .F. ) ;
#2169 = ADVANCED_FACE ( 'NONE', ( #49 ), #275, .T. ) ;
#2170 = ORIENTED_EDGE ( 'NONE', *, *, #20, .F. ) ;
#2171 = LINE ( 'NONE', #577, #1441 ) ;
#2172 = PERSON ( 'UNSPECIFIED', 'UNSPECIFIED', 'UNSPECIFIED', ('UNSPECIFIED'), ('UNSPECIFIED'), ('UNSPECIFIED') ) ;
#2173 = CARTESIAN_POINT ( 'NONE',  ( -58.87307481965229528, 0.5000000000000004441, -42.71051909440004835 ) ) ;
#2174 = DIRECTION ( 'NONE',  ( 0.000000000000000000, 1.000000000000000000, -0.000000000000000000 ) ) ;
#2175 = PLANE ( 'NONE',  #1403 ) ;
#2176 = ORIENTED_EDGE ( 'NONE', *, *, #2152, .T. ) ;
#2177 = DIRECTION ( 'NONE',  ( -2.220446049250313081E-16, 0.000000000000000000, -1.000000000000000000 ) ) ;
#2178 = CARTESIAN_POINT ( 'NONE',  ( -67.47229581902067252, -2.000000000000000000, 53.52482905883329778 ) ) ;
#2179 = DIRECTION ( 'NONE',  ( -1.860293271824993963E-16, 0.000000000000000000, -1.000000000000000000 ) ) ;
#2180 = ORIENTED_EDGE ( 'NONE', *, *, #97, .F. ) ;
#2181 = EDGE_CURVE ( 'NONE', #251, #2590, #2449, .T. ) ;
#2182 = LINE ( 'NONE', #1382, #823 ) ;
#2183 = ORIENTED_EDGE ( 'NONE', *, *, #2491, .F. ) ;
#2184 = CARTESIAN_POINT ( 'NONE',  ( -81.50000000000001421, -2.000000000000000000, 40.00000000000001421 ) ) ;
#2185 = ADVANCED_FACE ( 'NONE', ( #2103 ), #1631, .F. ) ;
#2186 = ORIENTED_EDGE ( 'NONE', *, *, #2432, .T. ) ;
#2187 = CARTESIAN_POINT ( 'NONE',  ( -54.34529042290991896, 4.000000000000000000, -42.71051909440004835 ) ) ;
#2188 = LINE ( 'NONE', #385, #2540 ) ;
#2189 = DIRECTION ( 'NONE',  ( 0.000000000000000000, 0.000000000000000000, -1.000000000000000000 ) ) ;
#2190 = EDGE_LOOP ( 'NONE', ( #195, #507, #1925, #1158, #1353 ) ) ;
#2191 = DIRECTION ( 'NONE',  ( 1.000000000000000000, 0.000000000000000000, -0.000000000000000000 ) ) ;
#2192 = DIRECTION ( 'NONE',  ( -0.000000000000000000, -1.000000000000000000, -0.000000000000000000 ) ) ;
#2193 = CARTESIAN_POINT ( 'NONE',  ( -31.94529042290990972, -2.000000000000000000, -33.31076601422216044 ) ) ;
#2194 = ORIENTED_EDGE ( 'NONE', *, *, #6, .F. ) ;
#2195 = EDGE_CURVE ( 'NONE', #2435, #2106, #2465, .T. ) ;
#2196 = FACE_OUTER_BOUND ( 'NONE', #913, .T. ) ;
#2197 = CARTESIAN_POINT ( 'NONE',  ( -76.77307481965229385, 4.000000000000000000, -42.71051909440004835 ) ) ;
#2198 = DIRECTION ( 'NONE',  ( -0.000000000000000000, -1.000000000000000000, -0.000000000000000000 ) ) ;
#2199 = ORIENTED_EDGE ( 'NONE', *, *, #15, .T. ) ;
#2200 = ORIENTED_EDGE ( 'NONE', *, *, #1345, .T. ) ;
#2201 = CARTESIAN_POINT ( 'NONE',  ( -69.06379555602119069, 0.000000000000000000, 53.14941915933922445 ) ) ;
#2202 = LINE ( 'NONE', #376, #201 ) ;
#2203 = ORIENTED_EDGE ( 'NONE', *, *, #141, .T. ) ;
#2204 = LINE ( 'NONE', #1249, #356 ) ;
#2205 = LINE ( 'NONE', #43, #1190 ) ;
#2206 = DIRECTION ( 'NONE',  ( -5.526005734932251062E-15, 0.000000000000000000, 1.000000000000000000 ) ) ;
#2207 = VECTOR ( 'NONE', #171, 1000.000000000000114 ) ;
#2208 = CARTESIAN_POINT ( 'NONE',  ( -58.87307481965229528, 4.000000000000000000, -42.71051909440004835 ) ) ;
#2209 = ORIENTED_EDGE ( 'NONE', *, *, #1793, .F. ) ;
#2210 = VECTOR ( 'NONE', #38, 1000.000000000000000 ) ;
#2211 = CARTESIAN_POINT ( 'NONE',  ( -37.94529042290989906, -2.000000000000000000, -24.19999999999997797 ) ) ;
#2212 = DIRECTION ( 'NONE',  ( 0.000000000000000000, 0.000000000000000000, 1.000000000000000000 ) ) ;
#2213 = VECTOR ( 'NONE', #1341, 1000.000000000000000 ) ;
#2214 = VECTOR ( 'NONE', #1602, 1000.000000000000000 ) ;
#2215 = CARTESIAN_POINT ( 'NONE',  ( -37.94529042290989906, -2.000000000000000000, -27.19999999999997797 ) ) ;
#2216 = EDGE_LOOP ( 'NONE', ( #2288, #2144, #1668, #124, #499, #63, #1797, #586, #2176, #767, #1844, #311, #2151, #629 ) ) ;
#2217 = VECTOR ( 'NONE', #1355, 1000.000000000000114 ) ;
#2218 = ORIENTED_EDGE ( 'NONE', *, *, #307, .T. ) ;
#2219 = CARTESIAN_POINT ( 'NONE',  ( -34.64529042290990191, 0.000000000000000000, -33.31076601422216754 ) ) ;
#2220 = EDGE_CURVE ( 'NONE', #1280, #437, #234, .T. ) ;
#2221 = DIRECTION ( 'NONE',  ( -6.064943057338438812E-17, 0.7071067811865474617, -0.7071067811865474617 ) ) ;
#2222 = ORIENTED_EDGE ( 'NONE', *, *, #2123, .T. ) ;
#2223 = DIRECTION ( 'NONE',  ( -0.000000000000000000, -1.000000000000000000, -0.000000000000000000 ) ) ;
#2224 = LINE ( 'NONE', #230, #986 ) ;
#2225 = ORIENTED_EDGE ( 'NONE', *, *, #1247, .T. ) ;
#2226 = LINE ( 'NONE', #1885, #1568 ) ;
#2227 = LINE ( 'NONE', #1867, #2257 ) ;
#2228 = ORIENTED_EDGE ( 'NONE', *, *, #2080, .T. ) ;
#2229 = EDGE_CURVE ( 'NONE', #382, #1277, #1945, .T. ) ;
#2230 = EDGE_LOOP ( 'NONE', ( #2299, #412, #1339, #1541 ) ) ;
#2231 = LINE ( 'NONE', #1642, #1021 ) ;
#2232 = LINE ( 'NONE', #2056, #320 ) ;
#2233 = CARTESIAN_POINT ( 'NONE',  ( -52.84529042290991896, 2.000000000000000000, -51.41076601422216186 ) ) ;
#2234 = ORIENTED_EDGE ( 'NONE', *, *, #2220, .F. ) ;
#2235 = CARTESIAN_POINT ( 'NONE',  ( 0.000000000000000000, 2.000000000000000000, -30.69999999999998153 ) ) ;
#2236 = LINE ( 'NONE', #1206, #1734 ) ;
#2237 = DATE_AND_TIME ( #26, #1075 ) ;
#2238 = ADVANCED_FACE ( 'NONE', ( #380 ), #526, .F. ) ;
#2239 = CC_DESIGN_PERSON_AND_ORGANIZATION_ASSIGNMENT ( #2486, #1881, ( #539 ) ) ;
#2240 = DIRECTION ( 'NONE',  ( -0.000000000000000000, -1.000000000000000000, -0.000000000000000000 ) ) ;
#2241 = DESIGN_CONTEXT ( 'detailed design', #2346, 'design' ) ;
#2242 = DIRECTION ( 'NONE',  ( -1.000000000000000000, 0.000000000000000000, 0.000000000000000000 ) ) ;
#2243 = EDGE_CURVE ( 'NONE', #2585, #1168, #2013, .T. ) ;
#2244 = EDGE_CURVE ( 'NONE', #1332, #155, #795, .T. ) ;
#2245 = ORIENTED_EDGE ( 'NONE', *, *, #1331, .F. ) ;
#2246 = CARTESIAN_POINT ( 'NONE',  ( -74.38632336355544794, 0.000000000000000000, 50.91602728947103174 ) ) ;
#2247 = CARTESIAN_POINT ( 'NONE',  ( -81.49999999999998579, -2.000000000000000000, -39.99999999999999289 ) ) ;
#2248 = DIRECTION ( 'NONE',  ( 0.000000000000000000, 0.000000000000000000, 1.000000000000000000 ) ) ;
#2249 = EDGE_LOOP ( 'NONE', ( #1360, #900, #916, #1229 ) ) ;
#2250 = CARTESIAN_POINT ( 'NONE',  ( 4.770619643041933422, 0.000000000000000000, 2.000002971456027508E-16 ) ) ;
#2251 = CARTESIAN_POINT ( 'NONE',  ( 0.000000000000000000, 4.000000000000000000, 0.000000000000000000 ) ) ;
#2252 = FACE_OUTER_BOUND ( 'NONE', #1473, .T. ) ;
#2253 = DIRECTION ( 'NONE',  ( -1.000000000000000000, 0.000000000000000000, 0.000000000000000000 ) ) ;
#2254 = CARTESIAN_POINT ( 'NONE',  ( 1.426935403565144297E-13, 2.000000000000000000, -51.41076601422206238 ) ) ;
#2255 = VECTOR ( 'NONE', #91, 1000.000000000000000 ) ;
#2256 = VECTOR ( 'NONE', #338, 1000.000000000000000 ) ;
#2257 = VECTOR ( 'NONE', #1842, 1000.000000000000000 ) ;
#2258 = ORIENTED_EDGE ( 'NONE', *, *, #1290, .F. ) ;
#2259 = CARTESIAN_POINT ( 'NONE',  ( 0.000000000000000000, 4.000000000000000000, -52.41076601422216896 ) ) ;
#2260 = AXIS2_PLACEMENT_3D ( 'NONE', #2397, #563, #347 ) ;
#2261 = VECTOR ( 'NONE', #106, 1000.000000000000000 ) ;
#2262 = FACE_OUTER_BOUND ( 'NONE', #2190, .T. ) ;
#2263 = PLANE ( 'NONE',  #1870 ) ;
#2264 = DIRECTION ( 'NONE',  ( 1.000000000000000000, 0.000000000000000000, -1.721809901713952306E-16 ) ) ;
#2265 = LINE ( 'NONE', #1627, #314 ) ;
#2266 = PERSON_AND_ORGANIZATION ( #2172, #1110 ) ;
#2267 = EDGE_CURVE ( 'NONE', #1171, #403, #1238, .T. ) ;
#2268 = CARTESIAN_POINT ( 'NONE',  ( -55.37307481965227396, -2.000000000000000000, 54.00000000000002132 ) ) ;
#2269 = LINE ( 'NONE', #1910, #1142 ) ;
#2270 = ADVANCED_FACE ( 'NONE', ( #65 ), #640, .F. ) ;
#2271 = EDGE_LOOP ( 'NONE', ( #220, #235, #1946, #317 ) ) ;
#2272 = DIRECTION ( 'NONE',  ( -1.000000000000000000, 0.000000000000000000, 1.214390062501570411E-15 ) ) ;
#2273 = EDGE_CURVE ( 'NONE', #160, #251, #2205, .T. ) ;
#2274 = CARTESIAN_POINT ( 'NONE',  ( 1.185569200462804539E-14, 0.000000000000000000, 41.68948090559995734 ) ) ;
#2275 = PLANE ( 'NONE',  #32 ) ;
#2276 = ORIENTED_EDGE ( 'NONE', *, *, #498, .F. ) ;
#2277 = CARTESIAN_POINT ( 'NONE',  ( -52.37307481965228106, 0.000000000000000000, 0.000000000000000000 ) ) ;
#2278 = LINE ( 'NONE', #2011, #1440 ) ;
#2279 = DATE_AND_TIME ( #1224, #2131 ) ;
#2280 = LINE ( 'NONE', #653, #1658 ) ;
#2281 = DIRECTION ( 'NONE',  ( 1.000000000000000000, -0.000000000000000000, 0.000000000000000000 ) ) ;
#2282 = VERTEX_POINT ( 'NONE', #1663 ) ;
#2283 = DIRECTION ( 'NONE',  ( 1.000000000000000000, 0.000000000000000000, 2.775557561562888984E-15 ) ) ;
#2284 = ADVANCED_FACE ( 'NONE', ( #994 ), #1635, .F. ) ;
#2285 = EDGE_CURVE ( 'NONE', #833, #174, #1804, .T. ) ;
#2286 = CARTESIAN_POINT ( 'NONE',  ( -34.94529042290990617, -2.000000000000000000, -30.31076601422216754 ) ) ;
#2287 = DIRECTION ( 'NONE',  ( 0.000000000000000000, 0.000000000000000000, -1.000000000000000000 ) ) ;
#2288 = ORIENTED_EDGE ( 'NONE', *, *, #2102, .T. ) ;
#2289 = FACE_OUTER_BOUND ( 'NONE', #1469, .T. ) ;
#2290 = DIRECTION ( 'NONE',  ( 0.000000000000000000, 1.000000000000000000, -0.000000000000000000 ) ) ;
#2291 = VERTEX_POINT ( 'NONE', #2454 ) ;
#2292 = CARTESIAN_POINT ( 'NONE',  ( 0.000000000000000000, 0.000000000000000000, 0.000000000000000000 ) ) ;
#2293 = CARTESIAN_POINT ( 'NONE',  ( 4.770619643041932534, 4.000000000000000000, -33.31076601422217465 ) ) ;
#2294 = DIRECTION ( 'NONE',  ( -2.843808977011158816E-16, 0.000000000000000000, -1.000000000000000000 ) ) ;
#2295 = LINE ( 'NONE', #487, #2126 ) ;
#2296 = CARTESIAN_POINT ( 'NONE',  ( -62.50000000000001421, 0.000000000000000000, -53.99999999999999289 ) ) ;
#2297 = VECTOR ( 'NONE', #2494, 1000.000000000000000 ) ;
#2298 = VECTOR ( 'NONE', #976, 1000.000000000000000 ) ;
#2299 = ORIENTED_EDGE ( 'NONE', *, *, #1345, .F. ) ;
#2300 = LINE ( 'NONE', #1281, #1954 ) ;
#2301 = VECTOR ( 'NONE', #33, 1000.000000000000000 ) ;
#2302 = CIRCLE ( 'NONE', #979, 2.999999999999995559 ) ;
#2303 = ORIENTED_EDGE ( 'NONE', *, *, #1228, .T. ) ;
#2304 = DIRECTION ( 'NONE',  ( -0.000000000000000000, 0.000000000000000000, 1.000000000000000000 ) ) ;
#2305 = CARTESIAN_POINT ( 'NONE',  ( -31.94529042290990972, -2.000000000000000000, -30.31076601422216754 ) ) ;
#2306 = CARTESIAN_POINT ( 'NONE',  ( -69.06379555602119069, -2.000000000000000000, 53.14941915933922445 ) ) ;
#2307 = VERTEX_POINT ( 'NONE', #1820 ) ;
#2308 = PLANE ( 'NONE',  #1999 ) ;
#2309 = EDGE_LOOP ( 'NONE', ( #1103, #168, #1083, #798 ) ) ;
#2310 = DIRECTION ( 'NONE',  ( 0.000000000000000000, -0.7071067811865378028, 0.7071067811865573427 ) ) ;
#2311 = ORIENTED_EDGE ( 'NONE', *, *, #1512, .F. ) ;
#2312 = PLANE ( 'NONE',  #1354 ) ;
#2313 = CARTESIAN_POINT ( 'NONE',  ( -67.47229581902067252, 0.000000000000000000, 53.52482905883329778 ) ) ;
#2314 = DIRECTION ( 'NONE',  ( 0.000000000000000000, 1.000000000000000000, 0.000000000000000000 ) ) ;
#2315 = VERTEX_POINT ( 'NONE', #846 ) ;
#2316 = CARTESIAN_POINT ( 'NONE',  ( -53.87307481965228106, 4.000000000000000000, 41.18948090559995734 ) ) ;
#2317 = EDGE_CURVE ( 'NONE', #2137, #445, #604, .T. ) ;
#2318 = VERTEX_POINT ( 'NONE', #633 ) ;
#2319 = DIRECTION ( 'NONE',  ( -0.000000000000000000, -1.000000000000000000, -0.000000000000000000 ) ) ;
#2320 = ORIENTED_EDGE ( 'NONE', *, *, #1449, .F. ) ;
#2321 = DIRECTION ( 'NONE',  ( 0.000000000000000000, 0.000000000000000000, 1.000000000000000000 ) ) ;
#2322 = CARTESIAN_POINT ( 'NONE',  ( -81.07289568252090817, -2.000000000000000000, 43.06600327984599375 ) ) ;
#2323 = LINE ( 'NONE', #1941, #1032 ) ;
#2324 = DIRECTION ( 'NONE',  ( -1.000000000000000000, 0.000000000000000000, 2.220446049250313081E-16 ) ) ;
#2325 = ORIENTED_EDGE ( 'NONE', *, *, #474, .F. ) ;
#2326 = AXIS2_PLACEMENT_3D ( 'NONE', #42, #2032, #239 ) ;
#2327 = VERTEX_POINT ( 'NONE', #1848 ) ;
#2328 = LINE ( 'NONE', #136, #194 ) ;
#2329 = AXIS2_PLACEMENT_3D ( 'NONE', #2575, #588, #781 ) ;
#2330 = ORIENTED_EDGE ( 'NONE', *, *, #762, .F. ) ;
#2331 = PLANE ( 'NONE',  #315 ) ;
#2332 = VECTOR ( 'NONE', #776, 1000.000000000000000 ) ;
#2333 = LINE ( 'NONE', #1113, #532 ) ;
#2334 = CARTESIAN_POINT ( 'NONE',  ( -64.61890200291973940, -2.000000000000000000, 54.00029470047077496 ) ) ;
#2335 = VECTOR ( 'NONE', #538, 1000.000000000000000 ) ;
#2336 = EDGE_LOOP ( 'NONE', ( #775, #1040, #1267, #2118 ) ) ;
#2337 = CARTESIAN_POINT ( 'NONE',  ( 0.000000000000000000, 0.5000000000000004441, -51.15508619108274502 ) ) ;
#2338 = CARTESIAN_POINT ( 'NONE',  ( -79.23101892005928448, 0.000000000000000000, -46.62986039972359720 ) ) ;
#2339 = APPROVAL_PERSON_ORGANIZATION ( #242, #1534, #1434 ) ;
#2340 = ORIENTED_EDGE ( 'NONE', *, *, #834, .F. ) ;
#2341 = ORIENTED_EDGE ( 'NONE', *, *, #1506, .T. ) ;
#2342 = CARTESIAN_POINT ( 'NONE',  ( -50.34529042290991896, 0.000000000000000000, 0.000000000000000000 ) ) ;
#2343 = ORIENTED_EDGE ( 'NONE', *, *, #1621, .T. ) ;
#2344 = CARTESIAN_POINT ( 'NONE',  ( 0.000000000000000000, 0.000000000000000000, -41.21051909440004124 ) ) ;
#2345 = ADVANCED_FACE ( 'NONE', ( #431 ), #2048, .T. ) ;
#2346 = APPLICATION_CONTEXT ( 'configuration controlled 3d designs of mechanical parts and assemblies' ) ;
#2347 = B_SPLINE_CURVE_WITH_KNOTS ( 'NONE', 2,
 ( #1050, #1218, #808, #1644, #1603, #39, #2451, #1632, #440, #1858, #1817, #1659, #1879, #81, #1677, #92, #1882, #469, #1435, #2098 ),
 .UNSPECIFIED., .F., .F.,
 ( 3, 1, 1, 1, 1, 1, 1, 1, 1, 1, 1, 1, 1, 1, 1, 1, 1, 1, 3 ),
 ( 0.000000000000000000, 0.1562500000000000000, 0.2187500000000000000, 0.2812500000000000000, 0.3437500000000000000, 0.4062500000000000000, 0.4531250000000000000, 0.4843750000000000000, 0.5156250000000000000, 0.5468750000000000000, 0.5937500000000000000, 0.6562500000000000000, 0.7031250000000000000, 0.7343750000000000000, 0.7656250000000000000, 0.7968750000000000000, 0.8437500000000000000, 0.9062500000000000000, 1.000000000000000000 ),
 .UNSPECIFIED. ) ;
#2348 = ORIENTED_EDGE ( 'NONE', *, *, #60, .T. ) ;
#2349 = LINE ( 'NONE', #1139, #652 ) ;
#2350 = EDGE_CURVE ( 'NONE', #2435, #417, #255, .T. ) ;
#2351 = LINE ( 'NONE', #556, #2213 ) ;
#2352 = ORIENTED_EDGE ( 'NONE', *, *, #262, .F. ) ;
#2353 = ADVANCED_FACE ( 'NONE', ( #1557 ), #1392, .T. ) ;
#2354 = ORIENTED_EDGE ( 'NONE', *, *, #30, .F. ) ;
#2355 = ORIENTED_EDGE ( 'NONE', *, *, #1169, .T. ) ;
#2356 = LINE ( 'NONE', #1927, #2256 ) ;
#2357 = EDGE_CURVE ( 'NONE', #138, #2585, #802, .T. ) ;
#2358 = CARTESIAN_POINT ( 'NONE',  ( -58.87307481965229528, 4.000000000000000000, -41.21051909440004124 ) ) ;
#2359 = CARTESIAN_POINT ( 'NONE',  ( 1.426935403565143035E-13, 0.000000000000000000, -51.41076601422201264 ) ) ;
#2360 = ORIENTED_EDGE ( 'NONE', *, *, #1485, .F. ) ;
#2361 = DIRECTION ( 'NONE',  ( -0.000000000000000000, -1.000000000000000000, -0.000000000000000000 ) ) ;
#2362 = CARTESIAN_POINT ( 'NONE',  ( -79.23030715850369177, -2.000000000000000000, 46.63057415862235899 ) ) ;
#2363 = CARTESIAN_POINT ( 'NONE',  ( -81.50000000000000000, -2.000000000000000000, -2.827599265842195564E-14 ) ) ;
#2364 = EDGE_LOOP ( 'NONE', ( #2228, #1720, #610, #1942 ) ) ;
#2365 = ADVANCED_FACE ( 'NONE', ( #1182 ), #1996, .T. ) ;
#2366 = ORIENTED_EDGE ( 'NONE', *, *, #1177, .T. ) ;
#2367 = ORIENTED_EDGE ( 'NONE', *, *, #2243, .T. ) ;
#2368 = DIRECTION ( 'NONE',  ( 0.7071067811865378028, -0.7071067811865573427, -2.292775202517162981E-16 ) ) ;
#2369 = LINE ( 'NONE', #922, #659 ) ;
#2370 = VECTOR ( 'NONE', #360, 1000.000000000000000 ) ;
#2371 = CARTESIAN_POINT ( 'NONE',  ( -25.42264521145572687, 29.42264521145500211, -53.91076601422217607 ) ) ;
#2372 = AXIS2_PLACEMENT_3D ( 'NONE', #548, #1122, #1132 ) ;
#2373 = DIRECTION ( 'NONE',  ( 0.000000000000000000, 0.000000000000000000, 1.000000000000000000 ) ) ;
#2374 = ORIENTED_EDGE ( 'NONE', *, *, #1816, .T. ) ;
#2375 = DIRECTION ( 'NONE',  ( -3.907476128046346574E-15, -0.7071067811865474617, 0.7071067811865474617 ) ) ;
#2376 = CARTESIAN_POINT ( 'NONE',  ( -81.49999999999998579, -2.000000000000000000, -39.99999999999999289 ) ) ;
#2377 = CARTESIAN_POINT ( 'NONE',  ( -46.74529042290991043, 4.000000000000000000, -24.19999999999997797 ) ) ;
#2378 = VECTOR ( 'NONE', #1219, 1000.000000000000000 ) ;
#2379 = ORIENTED_EDGE ( 'NONE', *, *, #1940, .T. ) ;
#2380 = VECTOR ( 'NONE', #1037, 1000.000000000000000 ) ;
#2381 = VECTOR ( 'NONE', #2281, 1000.000000000000000 ) ;
#2382 = CARTESIAN_POINT ( 'NONE',  ( -41.74529042290991043, 2.000000000000000000, -48.69999999999998153 ) ) ;
#2383 = ORIENTED_EDGE ( 'NONE', *, *, #325, .F. ) ;
#2384 = VERTEX_POINT ( 'NONE', #1343 ) ;
#2385 = LINE ( 'NONE', #346, #108 ) ;
#2386 = ORIENTED_EDGE ( 'NONE', *, *, #1496, .T. ) ;
#2387 = LINE ( 'NONE', #1366, #2076 ) ;
#2388 = CARTESIAN_POINT ( 'NONE',  ( -76.77307481965229385, 4.000000000000000000, 0.000000000000000000 ) ) ;
#2389 = DIRECTION ( 'NONE',  ( 1.298367925999405132E-15, 0.000000000000000000, 1.000000000000000000 ) ) ;
#2390 = DIRECTION ( 'NONE',  ( 0.000000000000000000, 1.000000000000000000, -0.000000000000000000 ) ) ;
#2391 = DIRECTION ( 'NONE',  ( 0.000000000000000000, 0.000000000000000000, 1.000000000000000000 ) ) ;
#2392 = ORIENTED_EDGE ( 'NONE', *, *, #295, .F. ) ;
#2393 = EDGE_CURVE ( 'NONE', #527, #2291, #1288, .T. ) ;
#2394 = ORIENTED_EDGE ( 'NONE', *, *, #2026, .F. ) ;
#2395 = CARTESIAN_POINT ( 'NONE',  ( -67.47229581902067252, 0.000000000000000000, 53.52482905883329778 ) ) ;
#2396 = DIRECTION ( 'NONE',  ( 0.000000000000000000, 0.000000000000000000, -1.000000000000000000 ) ) ;
#2397 = CARTESIAN_POINT ( 'NONE',  ( -58.87307481965229528, 4.000000000000000000, 0.000000000000000000 ) ) ;
#2398 = CARTESIAN_POINT ( 'NONE',  ( 0.000000000000000000, 0.000000000000000000, -48.69999999999998153 ) ) ;
#2399 = CARTESIAN_POINT ( 'NONE',  ( 0.000000000000000000, 4.000000000000000000, -51.15508619108274502 ) ) ;
#2400 = EDGE_LOOP ( 'NONE', ( #806, #181, #1498, #426 ) ) ;
#2401 = DIRECTION ( 'NONE',  ( 3.687780117775669140E-16, -0.000000000000000000, 1.000000000000000000 ) ) ;
#2402 = LINE ( 'NONE', #2388, #861 ) ;
#2403 = FACE_OUTER_BOUND ( 'NONE', #1626, .T. ) ;
#2404 = FACE_OUTER_BOUND ( 'NONE', #2547, .T. ) ;
#2405 = EDGE_CURVE ( 'NONE', #155, #422, #207, .T. ) ;
#2406 = FACE_OUTER_BOUND ( 'NONE', #372, .T. ) ;
#2407 = ORIENTED_EDGE ( 'NONE', *, *, #36, .T. ) ;
#2408 = VERTEX_POINT ( 'NONE', #1763 ) ;
#2409 = CARTESIAN_POINT ( 'NONE',  ( -76.62316386909455446, 0.000000000000000000, 49.36918451133791308 ) ) ;
#2410 = DIRECTION ( 'NONE',  ( -3.469446951953614189E-16, 0.000000000000000000, 1.000000000000000000 ) ) ;
#2411 = VERTEX_POINT ( 'NONE', #2173 ) ;
#2412 = CARTESIAN_POINT ( 'NONE',  ( -47.24529042290989622, 0.000000000000000000, -25.69999999999998153 ) ) ;
#2413 = CARTESIAN_POINT ( 'NONE',  ( 0.000000000000000000, 4.000000000000000000, -24.19999999999997797 ) ) ;
#2414 = CARTESIAN_POINT ( 'NONE',  ( 0.000000000000000000, 4.000000000000000000, -42.71051909440004835 ) ) ;
#2415 = AXIS2_PLACEMENT_3D ( 'NONE', #74, #1672, #2287 ) ;
#2416 = CARTESIAN_POINT ( 'NONE',  ( -58.87307481965228106, 4.000000000000000000, 41.18948090559995734 ) ) ;
#2417 = ORIENTED_EDGE ( 'NONE', *, *, #2267, .F. ) ;
#2418 = VECTOR ( 'NONE', #2145, 1000.000000000000000 ) ;
#2419 = DIRECTION ( 'NONE',  ( 1.000000000000000000, -0.000000000000000000, 0.000000000000000000 ) ) ;
#2420 = ADVANCED_FACE ( 'NONE', ( #2563 ), #831, .T. ) ;
#2421 = AXIS2_PLACEMENT_3D ( 'NONE', #1638, #2445, #56 ) ;
#2422 = AXIS2_PLACEMENT_3D ( 'NONE', #1540, #1955, #952 ) ;
#2423 = EDGE_LOOP ( 'NONE', ( #109, #1930, #2515, #878, #856 ) ) ;
#2424 = ORIENTED_EDGE ( 'NONE', *, *, #1887, .F. ) ;
#2425 = ORIENTED_EDGE ( 'NONE', *, *, #2405, .F. ) ;
#2426 = CARTESIAN_POINT ( 'NONE',  ( -73.51482480314236057, 0.000000000000000000, 51.40967444085330840 ) ) ;
#2427 = ADVANCED_FACE ( 'NONE', ( #814 ), #2175, .F. ) ;
#2428 = ORIENTED_EDGE ( 'NONE', *, *, #1255, .T. ) ;
#2429 = LINE ( 'NONE', #2453, #1567 ) ;
#2430 = DIRECTION ( 'NONE',  ( 0.000000000000000000, 0.000000000000000000, 1.000000000000000000 ) ) ;
#2431 = CARTESIAN_POINT ( 'NONE',  ( -79.23030715850369177, 0.000000000000000000, 46.63057415862235899 ) ) ;
#2432 = EDGE_CURVE ( 'NONE', #1812, #1673, #1307, .T. ) ;
#2433 = CARTESIAN_POINT ( 'NONE',  ( 3.270619643041941860, 2.521340162834885688E-15, -40.65508619108274502 ) ) ;
#2434 = DIRECTION ( 'NONE',  ( -2.964427620157206313E-17, 0.7071067811865474617, 0.7071067811865474617 ) ) ;
#2435 = VERTEX_POINT ( 'NONE', #348 ) ;
#2436 = CARTESIAN_POINT ( 'NONE',  ( -77.70020855947120708, 0.000000000000000000, 48.42005930127555757 ) ) ;
#2437 = DIRECTION ( 'NONE',  ( -2.964427620157165638E-17, -0.7071067811865573427, 0.7071067811865378028 ) ) ;
#2438 = DIRECTION ( 'NONE',  ( -0.000000000000000000, 0.000000000000000000, -1.000000000000000000 ) ) ;
#2439 = ORIENTED_EDGE ( 'NONE', *, *, #929, .F. ) ;
#2440 = LINE ( 'NONE', #52, #855 ) ;
#2441 = DIRECTION ( 'NONE',  ( 0.000000000000000000, 0.000000000000000000, 1.000000000000000000 ) ) ;
#2442 = ADVANCED_FACE ( 'NONE', ( #510 ), #600, .F. ) ;
#2443 = DATE_TIME_ROLE ( 'creation_date' ) ;
#2444 = CARTESIAN_POINT ( 'NONE',  ( -64.61266391560803868, 0.000000000000000000, -54.00037041766562140 ) ) ;
#2445 = DIRECTION ( 'NONE',  ( 0.000000000000000000, 0.7071067811865475727, -0.7071067811865475727 ) ) ;
#2446 = ORIENTED_EDGE ( 'NONE', *, *, #1213, .F. ) ;
#2447 = VERTEX_POINT ( 'NONE', #1279 ) ;
#2448 = CARTESIAN_POINT ( 'NONE',  ( 1.185569200462803750E-14, 0.000000000000000000, 41.68948090559992892 ) ) ;
#2449 = LINE ( 'NONE', #79, #363 ) ;
#2450 = LINE ( 'NONE', #1402, #899 ) ;
#2451 = CARTESIAN_POINT ( 'NONE',  ( -73.50627083540364026, -2.000000000000000000, -51.41427897112708223 ) ) ;
#2452 = ORIENTED_EDGE ( 'NONE', *, *, #1290, .T. ) ;
#2453 = CARTESIAN_POINT ( 'NONE',  ( 0.000000000000000000, 0.000000000000000000, -30.69999999999998153 ) ) ;
#2454 = CARTESIAN_POINT ( 'NONE',  ( -50.34529042290991896, 2.000000000000000000, -51.41076601422215475 ) ) ;
#2455 = DIRECTION ( 'NONE',  ( 0.000000000000000000, 0.000000000000000000, -1.000000000000000000 ) ) ;
#2456 = DIRECTION ( 'NONE',  ( -1.889887487861004136E-16, 0.000000000000000000, -1.000000000000000000 ) ) ;
#2457 = CARTESIAN_POINT ( 'NONE',  ( -34.64529042290990191, 4.000000000000000000, 0.000000000000000000 ) ) ;
#2458 = CARTESIAN_POINT ( 'NONE',  ( -80.57128821353826709, 0.000000000000000000, 44.36059597584515046 ) ) ;
#2459 = VECTOR ( 'NONE', #1293, 1000.000000000000000 ) ;
#2460 = EDGE_CURVE ( 'NONE', #1710, #1780, #516, .T. ) ;
#2461 = LINE ( 'NONE', #1455, #1871 ) ;
#2462 = AXIS2_PLACEMENT_3D ( 'NONE', #1064, #1675, #2481 ) ;
#2463 = EDGE_CURVE ( 'NONE', #437, #2106, #530, .T. ) ;
#2464 = VECTOR ( 'NONE', #561, 1000.000000000000000 ) ;
#2465 = LINE ( 'NONE', #842, #866 ) ;
#2466 = VECTOR ( 'NONE', #2419, 1000.000000000000000 ) ;
#2467 = VERTEX_POINT ( 'NONE', #501 ) ;
#2468 = LINE ( 'NONE', #2079, #1395 ) ;
#2469 = AXIS2_PLACEMENT_3D ( 'NONE', #1976, #963, #1774 ) ;
#2470 = VECTOR ( 'NONE', #622, 1000.000000000000000 ) ;
#2471 = CARTESIAN_POINT ( 'NONE',  ( -50.34529042290991896, 2.000000000000000000, -53.91076601422216186 ) ) ;
#2472 = ADVANCED_FACE ( 'NONE', ( #1562 ), #1779, .T. ) ;
#2473 = CARTESIAN_POINT ( 'NONE',  ( -45.74529042290991043, 2.000000000000000000, -48.69999999999998153 ) ) ;
#2474 = PERSON_AND_ORGANIZATION_ROLE ( 'design_owner' ) ;
#2475 = EDGE_CURVE ( 'NONE', #1486, #573, #1179, .T. ) ;
#2476 = EDGE_LOOP ( 'NONE', ( #785, #1935, #1571, #1982, #1458, #1035, #2094 ) ) ;
#2477 = CARTESIAN_POINT ( 'NONE',  ( 0.000000000000000000, 0.000000000000000000, -53.91076601422216896 ) ) ;
#2478 = LINE ( 'NONE', #2286, #2004 ) ;
#2479 = ORIENTED_EDGE ( 'NONE', *, *, #218, .F. ) ;
#2480 = CARTESIAN_POINT ( 'NONE',  ( -34.64529042290990901, 4.000000000000000000, -51.15508619108273791 ) ) ;
#2481 = DIRECTION ( 'NONE',  ( 7.252882527098619258E-15, 0.000000000000000000, 1.000000000000000000 ) ) ;
#2482 = ORIENTED_EDGE ( 'NONE', *, *, #1799, .F. ) ;
#2483 = CARTESIAN_POINT ( 'NONE',  ( -52.37307481965228106, -2.000000000000000000, 0.000000000000000000 ) ) ;
#2484 = ORIENTED_EDGE ( 'NONE', *, *, #1512, .T. ) ;
#2485 = CARTESIAN_POINT ( 'NONE',  ( -46.74529042290991043, 0.5000000000000004441, -25.69999999999998153 ) ) ;
#2486 = PERSON_AND_ORGANIZATION ( #2172, #1110 ) ;
#2487 = DIRECTION ( 'NONE',  ( 0.000000000000000000, 0.000000000000000000, 1.000000000000000000 ) ) ;
#2488 = CARTESIAN_POINT ( 'NONE',  ( -80.57128821353826709, -2.000000000000000000, 44.36059597584515046 ) ) ;
#2489 = ORIENTED_EDGE ( 'NONE', *, *, #1888, .F. ) ;
#2490 = CARTESIAN_POINT ( 'NONE',  ( -79.23101892005928448, 0.000000000000000000, -46.62986039972359720 ) ) ;
#2491 = EDGE_CURVE ( 'NONE', #523, #464, #2224, .T. ) ;
#2492 = ORIENTED_EDGE ( 'NONE', *, *, #752, .F. ) ;
#2493 = CARTESIAN_POINT ( 'NONE',  ( -34.94529042290990617, -2.000000000000000000, 0.000000000000000000 ) ) ;
#2494 = DIRECTION ( 'NONE',  ( -1.000000000000000000, 0.000000000000000000, 3.687780117775668647E-16 ) ) ;
#2495 = DIRECTION ( 'NONE',  ( 0.000000000000000000, 0.000000000000000000, 1.000000000000000000 ) ) ;
#2496 = ORIENTED_EDGE ( 'NONE', *, *, #1415, .T. ) ;
#2497 = VERTEX_POINT ( 'NONE', #2012 ) ;
#2498 = CARTESIAN_POINT ( 'NONE',  ( -58.37307481965229528, 0.000000000000000000, -0.000000000000000000 ) ) ;
#2499 = CARTESIAN_POINT ( 'NONE',  ( -79.23101892005928448, -2.000000000000000000, -46.62986039972359720 ) ) ;
#2500 = CARTESIAN_POINT ( 'NONE',  ( -80.09234972370505545, 0.000000000000000000, -45.28936000476173263 ) ) ;
#2501 = VECTOR ( 'NONE', #1070, 1000.000000000000000 ) ;
#2502 = VECTOR ( 'NONE', #551, 1000.000000000000000 ) ;
#2503 = EDGE_LOOP ( 'NONE', ( #18, #47, #121, #1068 ) ) ;
#2504 = LINE ( 'NONE', #309, #1274 ) ;
#2505 = LINE ( 'NONE', #1500, #25 ) ;
#2506 = CIRCLE ( 'NONE', #1276, 2.999999999999995559 ) ;
#2507 = VECTOR ( 'NONE', #225, 1000.000000000000000 ) ;
#2508 = ORIENTED_EDGE ( 'NONE', *, *, #2463, .F. ) ;
#2509 = PLANE ( 'NONE',  #1824 ) ;
#2510 = EDGE_CURVE ( 'NONE', #1017, #174, #2583, .T. ) ;
#2511 = ORIENTED_EDGE ( 'NONE', *, *, #1427, .T. ) ;
#2512 = CARTESIAN_POINT ( 'NONE',  ( -70.69470082765045049, 0.000000000000000000, -52.64357415837342558 ) ) ;
#2513 = DIRECTION ( 'NONE',  ( 0.000000000000000000, 0.000000000000000000, 1.000000000000000000 ) ) ;
#2514 = EDGE_CURVE ( 'NONE', #1272, #1376, #421, .T. ) ;
#2515 = ORIENTED_EDGE ( 'NONE', *, *, #525, .T. ) ;
#2516 = CARTESIAN_POINT ( 'NONE',  ( -2.938823951253803507E-14, -2.000000000000000000, -24.20000000000002416 ) ) ;
#2517 = CARTESIAN_POINT ( 'NONE',  ( -52.84529042290991896, 0.000000000000000000, -42.71051909440004835 ) ) ;
#2518 = CARTESIAN_POINT ( 'NONE',  ( -77.69959293555079682, -2.000000000000000000, -48.42081599093117461 ) ) ;
#2519 = DIRECTION ( 'NONE',  ( 0.000000000000000000, 0.000000000000000000, 1.000000000000000000 ) ) ;
#2520 = ORIENTED_EDGE ( 'NONE', *, *, #997, .F. ) ;
#2521 = ORIENTED_EDGE ( 'NONE', *, *, #154, .T. ) ;
#2522 = CARTESIAN_POINT ( 'NONE',  ( -52.37307481965228106, 0.000000000000000000, 51.00000000000000711 ) ) ;
#2523 = VERTEX_POINT ( 'NONE', #2208 ) ;
#2524 = DIRECTION ( 'NONE',  ( 0.000000000000000000, 0.000000000000000000, -1.000000000000000000 ) ) ;
#2525 = CARTESIAN_POINT ( 'NONE',  ( -40.74529042290991043, 4.000000000000000000, 0.000000000000000000 ) ) ;
#2526 = CARTESIAN_POINT ( 'NONE',  ( -52.37307481965228106, -2.000000000000000000, -21.19999999999996376 ) ) ;
#2527 = ORIENTED_EDGE ( 'NONE', *, *, #948, .T. ) ;
#2528 = CARTESIAN_POINT ( 'NONE',  ( -75.04071717175864364, 0.000000000000000000, -50.51071787016096692 ) ) ;
#2529 = FACE_OUTER_BOUND ( 'NONE', #1596, .T. ) ;
#2530 = ORIENTED_EDGE ( 'NONE', *, *, #1025, .F. ) ;
#2531 = EDGE_CURVE ( 'NONE', #1673, #403, #1980, .T. ) ;
#2532 = EDGE_CURVE ( 'NONE', #2307, #1549, #407, .T. ) ;
#2533 = ORIENTED_EDGE ( 'NONE', *, *, #898, .F. ) ;
#2534 = CARTESIAN_POINT ( 'NONE',  ( -53.87307481965228106, 4.000000000000000000, 4.620760821394601575E-15 ) ) ;
#2535 = VECTOR ( 'NONE', #31, 1000.000000000000000 ) ;
#2536 = ORIENTED_EDGE ( 'NONE', *, *, #2393, .F. ) ;
#2537 = DIRECTION ( 'NONE',  ( 0.7071067811865475727, 0.7071067811865475727, 0.000000000000000000 ) ) ;
#2538 = DIRECTION ( 'NONE',  ( -1.000000000000000000, 0.000000000000000000, 0.000000000000000000 ) ) ;
#2539 = VECTOR ( 'NONE', #1771, 1000.000000000000000 ) ;
#2540 = VECTOR ( 'NONE', #1173, 1000.000000000000000 ) ;
#2541 = DIRECTION ( 'NONE',  ( -0.000000000000000000, 0.000000000000000000, 1.000000000000000000 ) ) ;
#2542 = VERTEX_POINT ( 'NONE', #1593 ) ;
#2543 = CARTESIAN_POINT ( 'NONE',  ( 0.000000000000000000, 4.000000000000000000, -53.91076601422216896 ) ) ;
#2544 = CARTESIAN_POINT ( 'NONE',  ( -79.65842423297959840, -2.000000000000000000, 46.00952613604409436 ) ) ;
#2545 = ADVANCED_FACE ( 'NONE', ( #2403 ), #1207, .T. ) ;
#2546 = ORIENTED_EDGE ( 'NONE', *, *, #1286, .F. ) ;
#2547 = EDGE_LOOP ( 'NONE', ( #308, #924, #2002, #909 ) ) ;
#2548 = DIRECTION ( 'NONE',  ( 8.577124726708563381E-17, 0.000000000000000000, 1.000000000000000000 ) ) ;
#2549 = EDGE_CURVE ( 'NONE', #911, #2542, #2025, .T. ) ;
#2550 = VERTEX_POINT ( 'NONE', #368 ) ;
#2551 = DIRECTION ( 'NONE',  ( 1.000000000000000000, -0.000000000000000000, -2.843808977011158816E-16 ) ) ;
#2552 = CARTESIAN_POINT ( 'NONE',  ( 3.270619643041939639, 4.000000000000000000, -51.15508619108274502 ) ) ;
#2553 = ORIENTED_EDGE ( 'NONE', *, *, #1766, .T. ) ;
#2554 = CARTESIAN_POINT ( 'NONE',  ( -19.12264521145496232, -21.12264521145493390, -24.19999999999999929 ) ) ;
#2555 = DIRECTION ( 'NONE',  ( 0.000000000000000000, 0.000000000000000000, 1.000000000000000000 ) ) ;
#2556 = ORIENTED_EDGE ( 'NONE', *, *, #1793, .T. ) ;
#2557 = CARTESIAN_POINT ( 'NONE',  ( 0.000000000000000000, 0.000000000000000000, -31.69999999999997087 ) ) ;
#2558 = CARTESIAN_POINT ( 'NONE',  ( 4.770619643041929869, 4.000000000000000000, -53.91076601422216896 ) ) ;
#2559 = ORIENTED_EDGE ( 'NONE', *, *, #712, .F. ) ;
#2560 = EDGE_CURVE ( 'NONE', #1584, #949, #812, .T. ) ;
#2561 = EDGE_LOOP ( 'NONE', ( #685, #253, #1535, #1947 ) ) ;
#2562 = CARTESIAN_POINT ( 'NONE',  ( -58.37307481965229528, 0.000000000000000000, 39.68948090559995734 ) ) ;
#2563 = FACE_OUTER_BOUND ( 'NONE', #2561, .T. ) ;
#2564 = LINE ( 'NONE', #771, #2129 ) ;
#2565 = ORIENTED_EDGE ( 'NONE', *, *, #1134, .T. ) ;
#2566 = DIRECTION ( 'NONE',  ( 1.000000000000000000, 0.000000000000000000, 0.000000000000000000 ) ) ;
#2567 = DIRECTION ( 'NONE',  ( 0.000000000000000000, -1.000000000000000000, 0.000000000000000000 ) ) ;
#2568 =( NAMED_UNIT ( * ) SI_UNIT ( $, .STERADIAN. ) SOLID_ANGLE_UNIT ( ) );
#2569 = ORIENTED_EDGE ( 'NONE', *, *, #1701, .F. ) ;
#2570 = EDGE_CURVE ( 'NONE', #805, #2031, #788, .T. ) ;
#2571 = EDGE_LOOP ( 'NONE', ( #329, #37, #533, #2225 ) ) ;
#2572 = EDGE_CURVE ( 'NONE', #1171, #1332, #1564, .T. ) ;
#2573 = AXIS2_PLACEMENT_3D ( 'NONE', #811, #213, #267 ) ;
#2574 = EDGE_LOOP ( 'NONE', ( #452, #1516, #1221, #273, #2029, #1611, #2100, #765 ) ) ;
#2575 = CARTESIAN_POINT ( 'NONE',  ( -34.94529042290990617, -2.000000000000000000, 0.000000000000000000 ) ) ;
#2576 = VECTOR ( 'NONE', #1161, 1000.000000000000000 ) ;
#2577 = FACE_OUTER_BOUND ( 'NONE', #745, .T. ) ;
#2578 = VECTOR ( 'NONE', #424, 1000.000000000000000 ) ;
#2579 = CARTESIAN_POINT ( 'NONE',  ( -58.87307481965228106, 0.5000000000000004441, 39.68948090559995734 ) ) ;
#2580 = ORIENTED_EDGE ( 'NONE', *, *, #373, .T. ) ;
#2581 = CARTESIAN_POINT ( 'NONE',  ( -52.84529042290991896, 0.000000000000000000, 0.000000000000000000 ) ) ;
#2582 = LINE ( 'NONE', #787, #2332 ) ;
#2583 = LINE ( 'NONE', #2193, #288 ) ;
#2584 = AXIS2_PLACEMENT_3D ( 'NONE', #1348, #2174, #1024 ) ;
#2585 = VERTEX_POINT ( 'NONE', #1552 ) ;
#2586 = CARTESIAN_POINT ( 'NONE',  ( -34.64529042290990191, -3.822044245425461187E-14, -50.65508619108269528 ) ) ;
#2587 = VECTOR ( 'NONE', #113, 1000.000000000000000 ) ;
#2588 = EDGE_CURVE ( 'NONE', #1796, #128, #1822, .T. ) ;
#2589 = PRODUCT_DEFINITION_FORMATION_WITH_SPECIFIED_SOURCE ( 'ANY', '', #1843, .NOT_KNOWN. ) ;
#2590 = VERTEX_POINT ( 'NONE', #1155 ) ;
#2591 = VERTEX_POINT ( 'NONE', #567 ) ;
#2592 = CARTESIAN_POINT ( 'NONE',  ( -80.10505384680583063, 0.000000000000000000, 45.26921742754029054 ) ) ;
#2593 = DIRECTION ( 'NONE',  ( 1.000000000000000000, -0.000000000000000000, 0.000000000000000000 ) ) ;
#2594 = EDGE_LOOP ( 'NONE', ( #905, #2565, #1854, #2186, #2135, #704 ) ) ;
#2595 = DIRECTION ( 'NONE',  ( -0.000000000000000000, -1.000000000000000000, -0.000000000000000000 ) ) ;
#2596 = CARTESIAN_POINT ( 'NONE',  ( -64.61890200291973940, -2.000000000000000000, 54.00029470047077496 ) ) ;
#2597 = DIRECTION ( 'NONE',  ( 1.000000000000000000, 0.000000000000000000, 0.000000000000000000 ) ) ;
#2598 = ORIENTED_EDGE ( 'NONE', *, *, #1471, .F. ) ;
#2599 = CARTESIAN_POINT ( 'NONE',  ( -5.735480675696435341E-15, 4.000000000000000000, -33.31076601422217465 ) ) ;
ENDSEC;
END-ISO-10303-21;
